from_date,to_date,from_stage,to_stage,n,share,share_lo,share_hi,share_n,share_method,synthetic
1999-03-01,1999-06-01,1,1,4244,0.9787822878228782,0.9740501003284839,0.9826668764083256,4336,wilson_95,False
1999-03-01,1999-06-01,1,2,56,0.012915129151291513,0.009959507350390563,0.016733048108115243,4336,wilson_95,False
1999-03-01,1999-06-01,1,exited,36,0.008302583025830259,0.006003306601805456,0.01147232229854226,4336,wilson_95,False
1999-03-01,1999-06-01,2,2,18,1.0,0.8241207763533425,1.0,18,wilson_95,False
1999-06-01,1999-09-01,1,1,17892,0.9783464566929134,0.976134348152849,0.9803576507193081,18288,wilson_95,False
1999-06-01,1999-09-01,1,2,240,0.013123359580052493,0.011573241641972236,0.014877974869494737,18288,wilson_95,False
1999-06-01,1999-09-01,1,exited,154,0.00842082239720035,0.0071958200260182,0.009852297273856923,18288,wilson_95,False
1999-06-01,1999-09-01,2,2,180,0.9782608695652174,0.9454459829976677,0.9915143723198584,184,wilson_95,False
1999-09-01,1999-12-01,1,1,28787,0.9780850774667029,0.9763490149240082,0.9796963571564634,29432,wilson_95,False
1999-09-01,1999-12-01,1,2,394,0.013386789888556672,0.01213588981046551,0.014764698709432643,29432,wilson_95,False
1999-09-01,1999-12-01,1,exited,247,0.008392226148409895,0.007412287727662909,0.0095004769207386,29432,wilson_95,False
1999-09-01,1999-12-01,2,2,483,0.9602385685884692,0.9393852529904169,0.9741153929064218,503,wilson_95,False
1999-09-01,1999-12-01,2,exited,12,0.02385685884691849,0.013698809978982538,0.04123248724653434,503,wilson_95,False
1999-12-01,2000-03-01,1,1,37284,0.978865289191105,0.9773717959907708,0.9802622003976242,38089,wilson_95,False
1999-12-01,2000-03-01,1,2,506,0.013284675365591116,0.012182975626274037,0.014484540366693931,38089,wilson_95,False
1999-12-01,2000-03-01,1,exited,293,0.007692509648454935,0.0068633811150475435,0.008620931323506754,38089,wilson_95,False
1999-12-01,2000-03-01,2,2,928,0.9606625258799172,0.9464680620480772,0.9712077002174588,966,wilson_95,False
1999-12-01,2000-03-01,2,3,21,0.021739130434782608,0.01426206106939338,0.03300490035380287,966,wilson_95,False
1999-12-01,2000-03-01,2,exited,16,0.016563146997929608,0.010220563853910123,0.026735433948325046,966,wilson_95,False
1999-12-01,2000-03-01,3,3,11,0.8461538461538461,0.5776536898051745,0.9567418216419186,13,wilson_95,False
2000-03-01,2000-06-01,1,1,48201,0.9752154736373568,0.9738074971064458,0.9765495870677984,49426,wilson_95,False
2000-03-01,2000-06-01,1,2,642,0.012989115040666856,0.01202807661446179,0.014025849937044081,49426,wilson_95,False
2000-03-01,2000-06-01,1,exited,579,0.011714482256302351,0.010803129489670498,0.012701729610244033,49426,wilson_95,False
2000-03-01,2000-06-01,2,1,64,0.040973111395646605,0.03221650383923078,0.0519819685399524,1562,wilson_95,False
2000-03-01,2000-06-01,2,2,1444,0.9244558258642765,0.9102838181955563,0.9365452094370817,1562,wilson_95,False
2000-03-01,2000-06-01,2,3,22,0.014084507042253521,0.009319437463642017,0.02123375714695776,1562,wilson_95,False
2000-03-01,2000-06-01,2,exited,32,0.020486555697823303,0.014548613314981388,0.028777266478614436,1562,wilson_95,False
2000-03-01,2000-06-01,3,2,10,0.2631578947368421,0.14971621254798143,0.42008846187466364,38,wilson_95,False
2000-03-01,2000-06-01,3,3,26,0.6842105263157895,0.5254424010939046,0.8091539632440382,38,wilson_95,False
2000-06-01,2000-09-01,1,1,58215,0.9721943887775552,0.9708469006869299,0.9734812957412632,59880,wilson_95,False
2000-06-01,2000-09-01,1,2,862,0.014395457581830327,0.013472080234852739,0.015381136538303836,59880,wilson_95,False
2000-06-01,2000-09-01,1,exited,794,0.013259853039412158,0.012374400183805567,0.014207753199178873,59880,wilson_95,False
2000-06-01,2000-09-01,2,1,165,0.07472826086956522,0.0644835712190463,0.08645014850546379,2208,wilson_95,False
2000-06-01,2000-09-01,2,2,1948,0.8822463768115942,0.8681337211583623,0.8950312847548577,2208,wilson_95,False
2000-06-01,2000-09-01,2,3,43,0.01947463768115942,0.01449019951385494,0.02612819945068732,2208,wilson_95,False
2000-06-01,2000-09-01,2,exited,52,0.02355072463768116,0.018004540134044865,0.030751874296396663,2208,wilson_95,False
2000-06-01,2000-09-01,3,3,41,0.7884615384615384,0.6596789537149542,0.8775562946751251,52,wilson_95,False
2000-09-01,2000-12-01,1,1,69040,0.9668113709564486,0.9654722411861468,0.9681002797437609,71410,wilson_95,False
2000-09-01,2000-12-01,1,2,1176,0.016468281753255848,0.0155605133800387,0.01742806993513195,71410,wilson_95,False
2000-09-01,2000-12-01,1,3,22,0.0003080801008262148,0.00020346981625190573,0.00046644875756240035,71410,wilson_95,False
2000-09-01,2000-12-01,1,exited,1172,0.01641226718946926,0.015506063397820546,0.01737049681599358,71410,wilson_95,False
2000-09-01,2000-12-01,2,1,242,0.08239700374531835,0.07298961780148368,0.0928953731617229,2937,wilson_95,False
2000-09-01,2000-12-01,2,2,2526,0.8600612870275791,0.8470436310198863,0.8721382866779603,2937,wilson_95,False
2000-09-01,2000-12-01,2,3,81,0.027579162410623085,0.022245427539210817,0.03414709179340161,2937,wilson_95,False
2000-09-01,2000-12-01,2,exited,88,0.0299625468164794,0.02438438171904094,0.03676867985837993,2937,wilson_95,False
2000-09-01,2000-12-01,3,2,13,0.13978494623655913,0.083547228757091,0.22460032688792245,93,wilson_95,False
2000-09-01,2000-12-01,3,3,72,0.7741935483870968,0.6793354933632197,0.8472984568174416,93,wilson_95,False
2000-12-01,2001-03-01,1,1,75495,0.9236218160463922,0.9217810184166467,0.925422797451476,81738,wilson_95,False
2000-12-01,2001-03-01,1,2,1241,0.015182656781423573,0.014366873378564184,0.01604400817801285,81738,wilson_95,False
2000-12-01,2001-03-01,1,3,12,0.00014681054099684358,8.398684501094882e-05,0.00025661545026178356,81738,wilson_95,False
2000-12-01,2001-03-01,1,exited,4990,0.06104871663118745,0.05942792416880345,0.06271076613523478,81738,wilson_95,False
2000-12-01,2001-03-01,2,1,367,0.09549830861306272,0.08660597183280229,0.10519851678963509,3843,wilson_95,False
2000-12-01,2001-03-01,2,2,3195,0.8313817330210773,0.8192144514944417,0.842887178444012,3843,wilson_95,False
2000-12-01,2001-03-01,2,3,124,0.032266458495966696,0.027129984640813915,0.03833709049513409,3843,wilson_95,False
2000-12-01,2001-03-01,2,exited,157,0.04085349986989331,0.03503985204929052,0.04758415578235355,3843,wilson_95,False
2000-12-01,2001-03-01,3,2,16,0.09090909090909091,0.0567327199576774,0.1425620314067944,176,wilson_95,False
2000-12-01,2001-03-01,3,3,141,0.8011363636363636,0.7360147999013873,0.85339323034421,176,wilson_95,False
2000-12-01,2001-03-01,3,exited,19,0.10795454545454546,0.07020794785149065,0.16244952220612818,176,wilson_95,False
2001-03-01,2001-06-01,1,1,78493,0.9024362202370687,0.9004464718366106,0.9043904227265845,86979,wilson_95,False
2001-03-01,2001-06-01,1,2,1255,0.014428770162912887,0.013657441540933164,0.015242987746730352,86979,wilson_95,False
2001-03-01,2001-06-01,1,3,19,0.00021844353234688833,0.00013985636535675502,0.00034117481411445887,86979,wilson_95,False
2001-03-01,2001-06-01,1,exited,7212,0.0829165660676715,0.0811023410408412,0.08476763074722811,86979,wilson_95,False
2001-03-01,2001-06-01,2,1,354,0.07717462393721386,0.06980065207271437,0.08525620737360455,4587,wilson_95,False
2001-03-01,2001-06-01,2,2,3780,0.8240680183126227,0.81277923788315,0.8348144607159977,4587,wilson_95,False
2001-03-01,2001-06-01,2,3,133,0.028994985829518205,0.024519418278637017,0.03425879509273295,4587,wilson_95,False
2001-03-01,2001-06-01,2,exited,320,0.0697623719206453,0.06274457504885271,0.07750018500132021,4587,wilson_95,False
2001-03-01,2001-06-01,3,2,36,0.12949640287769784,0.0950247292387196,0.17406789871614778,278,wilson_95,False
2001-03-01,2001-06-01,3,3,212,0.762589928057554,0.7092067683402751,0.808814961361615,278,wilson_95,False
2001-03-01,2001-06-01,3,exited,30,0.1079136690647482,0.07664241827335078,0.1498730812128681,278,wilson_95,False
2001-06-01,2001-09-01,1,1,85698,0.9209887157442236,0.919238033458013,0.9227046394263796,93050,wilson_95,False
2001-06-01,2001-09-01,1,2,1380,0.014830736163353037,0.01407387039336799,0.015627659554149357,93050,wilson_95,False
2001-06-01,2001-09-01,1,3,29,0.00031166039763567976,0.00021701712031619918,0.00044756005190146745,93050,wilson_95,False
2001-06-01,2001-09-01,1,exited,5943,0.06386888769478775,0.06231572466745616,0.06545805954630282,93050,wilson_95,False
2001-06-01,2001-09-01,2,1,391,0.07473241590214068,0.0679149243104546,0.08217393246667457,5232,wilson_95,False
2001-06-01,2001-09-01,2,2,4338,0.8291284403669725,0.8186887895238321,0.8390851379502281,5232,wilson_95,False
2001-06-01,2001-09-01,2,3,174,0.033256880733944956,0.028730455370368706,0.03846819103401305,5232,wilson_95,False
2001-06-01,2001-09-01,2,exited,329,0.0628822629969419,0.05661984667981845,0.06978609284795431,5232,wilson_95,False
2001-06-01,2001-09-01,3,2,47,0.1284153005464481,0.097961112014603,0.16658862000483898,366,wilson_95,False
2001-06-01,2001-09-01,3,3,275,0.7513661202185792,0.7046278965299465,0.7928825788686661,366,wilson_95,False
2001-06-01,2001-09-01,3,exited,44,0.12021857923497267,0.09078471515907277,0.1575418491843275,366,wilson_95,False
2001-09-01,2001-12-01,1,1,86220,0.8629680415569857,0.860821774758891,0.8650863980513755,99911,wilson_95,False
2001-09-01,2001-12-01,1,2,1603,0.016044279408673718,0.01528358598965007,0.016842186437698584,99911,wilson_95,False
2001-09-01,2001-12-01,1,3,28,0.00028024942198556714,0.0001939115783874987,0.00040501304529173143,99911,wilson_95,False
2001-09-01,2001-12-01,1,exited,12060,0.12070742961235499,0.11870188802819273,0.12274213676929635,99911,wilson_95,False
2001-09-01,2001-12-01,2,1,425,0.07157292017514315,0.06528960906466115,0.07841019590963046,5938,wilson_95,False
2001-09-01,2001-12-01,2,2,4679,0.7879757494105759,0.7773950026149341,0.7981841379094217,5938,wilson_95,False
2001-09-01,2001-12-01,2,3,200,0.033681374200067365,0.029385810633652802,0.038579896903223575,5938,wilson_95,False
2001-09-01,2001-12-01,2,exited,634,0.10676995621421353,0.09916782547612701,0.11488054111780807,5938,wilson_95,False
2001-09-01,2001-12-01,3,2,55,0.11482254697286012,0.08928595561280317,0.14648803757068152,479,wilson_95,False
2001-09-01,2001-12-01,3,3,362,0.755741127348643,0.7153296657676547,0.7920832655874843,479,wilson_95,False
2001-09-01,2001-12-01,3,exited,62,0.12943632567849686,0.10229817042144893,0.16247084741090081,479,wilson_95,False
2001-12-01,2002-03-01,1,1,90189,0.9113406020431879,0.9095536149160852,0.9130956562933645,98963,wilson_95,False
2001-12-01,2002-03-01,1,2,1363,0.013772824186817295,0.01306534081524595,0.014518053972154223,98963,wilson_95,False
2001-12-01,2002-03-01,1,3,25,0.00025261966593575374,0.00017112468941695306,0.0003729106463282735,98963,wilson_95,False
2001-12-01,2002-03-01,1,exited,7386,0.0746339541040591,0.07301308177764033,0.07628784811986282,98963,wilson_95,False
2001-12-01,2002-03-01,2,1,595,0.09209100758396534,0.08528068799986725,0.09938609252756626,6461,wilson_95,False
2001-12-01,2002-03-01,2,2,5125,0.7932208636433988,0.7831727641859952,0.802920494888479,6461,wilson_95,False
2001-12-01,2002-03-01,2,3,179,0.027704689676520663,0.02397471820813191,0.03199594420107443,6461,wilson_95,False
2001-12-01,2002-03-01,2,exited,562,0.08698343909611515,0.08035494837184456,0.09410276509332571,6461,wilson_95,False
2001-12-01,2002-03-01,3,2,70,0.11844331641285956,0.09482337969054147,0.14699140421148799,591,wilson_95,False
2001-12-01,2002-03-01,3,3,448,0.7580372250423012,0.7219139888633936,0.790827676125256,591,wilson_95,False
2001-12-01,2002-03-01,3,exited,73,0.12351945854483926,0.09939769608300587,0.15250380909748884,591,wilson_95,False
2002-03-01,2002-06-01,1,1,97455,0.9383394794866117,0.9368603212731845,0.939786212955322,103859,wilson_95,False
2002-03-01,2002-06-01,1,2,1221,0.011756323477021732,0.011118613172864333,0.012430150027403167,103859,wilson_95,False
2002-03-01,2002-06-01,1,3,18,0.00017331189401014838,0.0001096355734317437,0.0002739612766167925,103859,wilson_95,False
2002-03-01,2002-06-01,1,exited,5165,0.04973088514235646,0.04842536403286286,0.05106971345274428,103859,wilson_95,False
2002-03-01,2002-06-01,2,1,530,0.07948410317936412,0.07323116718060461,0.08622128165032687,6668,wilson_95,False
2002-03-01,2002-06-01,2,2,5549,0.8321835632873426,0.8230231611213307,0.8409614415318386,6668,wilson_95,False
2002-03-01,2002-06-01,2,3,183,0.027444511097780445,0.023786946942693482,0.03164624359449096,6668,wilson_95,False
2002-03-01,2002-06-01,2,exited,406,0.0608878224355129,0.0553972333801091,0.06688406839484362,6668,wilson_95,False
2002-03-01,2002-06-01,3,2,82,0.12557427258805512,0.10232827930530085,0.15319983416372396,653,wilson_95,False
2002-03-01,2002-06-01,3,3,504,0.7718223583460949,0.7381000880448378,0.8023651874531093,653,wilson_95,False
2002-03-01,2002-06-01,3,exited,67,0.10260336906584992,0.08160590553085867,0.1282490860651002,653,wilson_95,False
2002-06-01,2002-09-01,1,1,99481,0.901128664082032,0.8993539223325718,0.9028754905876927,110396,wilson_95,False
2002-06-01,2002-09-01,1,2,1379,0.012491394615746948,0.011852989794962986,0.013163726011199337,110396,wilson_95,False
2002-06-01,2002-09-01,1,3,34,0.00030798217326714737,0.00022041452948845923,0.00043032425664911965,110396,wilson_95,False
2002-06-01,2002-09-01,1,exited,9502,0.08607195912895395,0.08443186060515233,0.08774086362752374,110396,wilson_95,False
2002-06-01,2002-09-01,2,1,568,0.08171486117105453,0.07550386049466412,0.08838793568352982,6951,wilson_95,False
2002-06-01,2002-09-01,2,2,5579,0.8026183282980867,0.7930953616104078,0.8118069966833735,6951,wilson_95,False
2002-06-01,2002-09-01,2,3,239,0.03438354193641203,0.030350656845701405,0.03893078712015402,6951,wilson_95,False
2002-06-01,2002-09-01,2,exited,565,0.08128326859444684,0.07508800299077961,0.0879410848085784,6951,wilson_95,False
2002-06-01,2002-09-01,3,2,64,0.0906515580736544,0.0716297004384445,0.11410396893574357,706,wilson_95,False
2002-06-01,2002-09-01,3,3,561,0.7946175637393768,0.7632618536210862,0.8227845019850344,706,wilson_95,False
2002-06-01,2002-09-01,3,exited,81,0.11473087818696884,0.09327858822813735,0.14035310059462786,706,wilson_95,False
2002-09-01,2002-12-01,1,1,93683,0.8423366721214192,0.8401831027325752,0.844466593776841,111218,wilson_95,False
2002-09-01,2002-12-01,1,2,1537,0.013819705443363485,0.013150202788270898,0.0145227921779224,111218,wilson_95,False
2002-09-01,2002-12-01,1,3,34,0.000305705910913701,0.000218785410873248,0.00042714400261603544,111218,wilson_95,False
2002-09-01,2002-12-01,1,exited,15964,0.14353791652430362,0.14148960693075754,0.14561084959821738,111218,wilson_95,False
2002-09-01,2002-12-01,2,1,734,0.10303200449185851,0.09618532132947649,0.1103065692833951,7124,wilson_95,False
2002-09-01,2002-12-01,2,2,5329,0.748034811903425,0.7378216493015441,0.7579806241380087,7124,wilson_95,False
2002-09-01,2002-12-01,2,3,261,0.036636720943290284,0.03251793630049725,0.04125495298984547,7124,wilson_95,False
2002-09-01,2002-12-01,2,exited,800,0.11229646266142616,0.10517273475141052,0.11983808627855815,7124,wilson_95,False
2002-09-01,2002-12-01,3,2,80,0.09580838323353294,0.07765580467707617,0.11766293773586403,835,wilson_95,False
2002-09-01,2002-12-01,3,3,645,0.7724550898203593,0.7428087236861481,0.7996060499466108,835,wilson_95,False
2002-09-01,2002-12-01,3,exited,110,0.1317365269461078,0.11047402984108459,0.1563719354684832,835,wilson_95,False
2002-12-01,2003-03-01,1,1,92626,0.8559600048053376,0.8538552958359321,0.8580394421870338,108213,wilson_95,False
2002-12-01,2003-03-01,1,2,1393,0.01287276020441167,0.012218210425773543,0.013561893864946316,108213,wilson_95,False
2002-12-01,2003-03-01,1,3,25,0.00023102584717178158,0.00015649658532442538,0.00034103649820381817,108213,wilson_95,False
2002-12-01,2003-03-01,1,exited,14169,0.13093620914307894,0.12893945105074023,0.132959169134044,108213,wilson_95,False
2002-12-01,2003-03-01,2,1,713,0.10053581500282008,0.09375194655143658,0.10775219740647098,7092,wilson_95,False
2002-12-01,2003-03-01,2,2,5377,0.7581782289904118,0.7480747233098763,0.7680021960028915,7092,wilson_95,False
2002-12-01,2003-03-01,2,3,266,0.03750705019740553,0.03332953916148254,0.04218531865070839,7092,wilson_95,False
2002-12-01,2003-03-01,2,exited,736,0.10377890580936266,0.09689425305896816,0.11109256110330513,7092,wilson_95,False
2002-12-01,2003-03-01,3,2,85,0.09042553191489362,0.07372042974810139,0.11046459115350704,940,wilson_95,False
2002-12-01,2003-03-01,3,3,738,0.7851063829787234,0.7577158913802475,0.8101760940700613,940,wilson_95,False
2002-12-01,2003-03-01,3,exited,117,0.12446808510638298,0.10488086869017704,0.14711215047415488,940,wilson_95,False
2003-03-01,2003-06-01,1,1,86036,0.8185251781450086,0.8161835923531844,0.8208434827076891,105111,wilson_95,False
2003-03-01,2003-06-01,1,2,1216,0.01156872258850168,0.010939880443543985,0.012233264518815571,105111,wilson_95,False
2003-03-01,2003-06-01,1,3,19,0.00018076129044533875,0.00011573006081780697,0.0002823246595242843,105111,wilson_95,False
2003-03-01,2003-06-01,1,exited,17840,0.16972533797604436,0.1674680320336435,0.17200678392562355,105111,wilson_95,False
2003-03-01,2003-06-01,2,1,517,0.07442061321433713,0.0684813657411028,0.08083026292561954,6947,wilson_95,False
2003-03-01,2003-06-01,2,2,5308,0.764070821937527,0.7539425151234137,0.7739072454755708,6947,wilson_95,False
2003-03-01,2003-06-01,2,3,216,0.031092557938678565,0.027263121035784148,0.03544028853020537,6947,wilson_95,False
2003-03-01,2003-06-01,2,exited,906,0.13041600690945732,0.1227008098980569,0.1385397132211075,6947,wilson_95,False
2003-03-01,2003-06-01,3,2,104,0.10077519379844961,0.0838639380401448,0.12064753137128006,1032,wilson_95,False
2003-03-01,2003-06-01,3,3,773,0.749031007751938,0.7216878269951601,0.7745271059205288,1032,wilson_95,False
2003-03-01,2003-06-01,3,exited,155,0.1501937984496124,0.12969600863673783,0.17328612839608834,1032,wilson_95,False
2003-06-01,2003-09-01,1,1,80220,0.8125519113506068,0.810105331179386,0.8149741694874955,98726,wilson_95,False
2003-06-01,2003-09-01,1,2,1044,0.010574721957741628,0.009955437934014447,0.011232091873710218,98726,wilson_95,False
2003-06-01,2003-09-01,1,3,19,0.00019245183639568096,0.00012321498283743252,0.00030058250536319235,98726,wilson_95,False
2003-06-01,2003-09-01,1,exited,17443,0.17668091485525597,0.17431441586302335,0.17907257375726213,98726,wilson_95,False
2003-06-01,2003-09-01,2,1,486,0.07211752485531978,0.06618210103914483,0.07854048583765923,6739,wilson_95,False
2003-06-01,2003-09-01,2,2,5118,0.7594598605134293,0.7491092668930053,0.7695148207941485,6739,wilson_95,False
2003-06-01,2003-09-01,2,3,217,0.03220062323786912,0.02824513112309568,0.036689134571069315,6739,wilson_95,False
2003-06-01,2003-09-01,2,exited,918,0.1362219913933818,0.12823911672592297,0.1446193614181676,6739,wilson_95,False
2003-06-01,2003-09-01,3,2,103,0.10187932739861523,0.08471485328290498,0.1220577977522058,1011,wilson_95,False
2003-06-01,2003-09-01,3,3,753,0.744807121661721,0.7170415902777836,0.7707193261664651,1011,wilson_95,False
2003-06-01,2003-09-01,3,exited,155,0.1533135509396637,0.1324203691128552,0.1768313431549866,1011,wilson_95,False
2003-09-01,2003-12-01,1,1,87944,0.9251906790805323,0.9235009884257498,0.9268460046523922,95055,wilson_95,False
2003-09-01,2003-12-01,1,2,1105,0.011624848771763716,0.010962892237347694,0.012326277132339249,95055,wilson_95,False
2003-09-01,2003-12-01,1,3,16,0.00016832360212508548,0.0001036164301317848,0.0002734285482274411,95055,wilson_95,False
2003-09-01,2003-12-01,1,exited,5990,0.06301614854557888,0.06148900791244779,0.06457860741833735,95055,wilson_95,False
2003-09-01,2003-12-01,2,1,569,0.0892129194104735,0.08246227167008822,0.0964581020478286,6378,wilson_95,False
2003-09-01,2003-12-01,2,2,5002,0.78425838820947,0.7739939628655,0.794180602954888,6378,wilson_95,False
2003-09-01,2003-12-01,2,3,217,0.03402320476638444,0.02984704946526799,0.03876033629413994,6378,wilson_95,False
2003-09-01,2003-12-01,2,exited,590,0.092505487613672,0.08563799555497911,0.09986355074000786,6378,wilson_95,False
2003-09-01,2003-12-01,3,2,70,0.07063572149344097,0.056286348632492565,0.08830096982446717,991,wilson_95,False
2003-09-01,2003-12-01,3,3,779,0.786074672048436,0.7594640598911327,0.8104759993743241,991,wilson_95,False
2003-09-01,2003-12-01,3,exited,142,0.1432896064581231,0.12285161414142824,0.16648238603374277,991,wilson_95,False
2003-12-01,2004-03-01,1,1,92978,0.9320168404170008,0.9304381418650425,0.9335622689008054,99760,wilson_95,False
2003-12-01,2004-03-01,1,2,1045,0.01047514033680834,0.009861944737523934,0.011126034756880001,99760,wilson_95,False
2003-12-01,2004-03-01,1,3,11,0.00011026463512429831,6.157321709573844e-05,0.0001974530838447746,99760,wilson_95,False
2003-12-01,2004-03-01,1,exited,5726,0.05739775461106656,0.055971341512743925,0.058858252970637084,99760,wilson_95,False
2003-12-01,2004-03-01,2,1,677,0.10787125557680051,0.10043481544571481,0.1157874359796717,6276,wilson_95,False
2003-12-01,2004-03-01,2,2,4904,0.781389420012747,0.7709936713188473,0.7914409097387584,6276,wilson_95,False
2003-12-01,2004-03-01,2,3,215,0.03425748884639898,0.030034727255756233,0.03905005166192144,6276,wilson_95,False
2003-12-01,2004-03-01,2,exited,480,0.07648183556405354,0.0701626220585221,0.08331919195556865,6276,wilson_95,False
2003-12-01,2004-03-01,3,2,79,0.07798617966436328,0.06302196146729278,0.09613899466483974,1013,wilson_95,False
2003-12-01,2004-03-01,3,3,794,0.7838104639684107,0.7574141801315933,0.8080623698380253,1013,wilson_95,False
2003-12-01,2004-03-01,3,exited,140,0.13820335636722605,0.1183140990345323,0.16082622943898015,1013,wilson_95,False
2004-03-01,2004-06-01,1,1,96287,0.9210893854748603,0.9194395613250893,0.922708262618943,104536,wilson_95,False
2004-03-01,2004-06-01,1,2,979,0.009365194765439656,0.00879906717658797,0.009967380442270177,104536,wilson_95,False
2004-03-01,2004-06-01,1,3,10,9.566082497895462e-05,5.1963626509092845e-05,0.00017609735472058996,104536,wilson_95,False
2004-03-01,2004-06-01,1,exited,7260,0.06944975893472105,0.06792446403963301,0.07100669613953925,104536,wilson_95,False
2004-03-01,2004-06-01,2,1,632,0.1036915504511895,0.09628598402852992,0.11159636008242044,6095,wilson_95,False
2004-03-01,2004-06-01,2,2,4774,0.7832649712879409,0.7727444703666043,0.7934286337080984,6095,wilson_95,False
2004-03-01,2004-06-01,2,3,159,0.02608695652173913,0.02237400347361756,0.03039691392008153,6095,wilson_95,False
2004-03-01,2004-06-01,2,exited,530,0.08695652173913043,0.08014024252590643,0.09429312584474872,6095,wilson_95,False
2004-03-01,2004-06-01,3,2,98,0.09598432908912831,0.07940059089079166,0.11559684710381851,1021,wilson_95,False
2004-03-01,2004-06-01,3,3,779,0.7629774730656219,0.7359373199295337,0.7880461658848835,1021,wilson_95,False
2004-03-01,2004-06-01,3,exited,144,0.14103819784524976,0.1210316861848374,0.163735734481889,1021,wilson_95,False
2004-06-01,2004-09-01,1,1,106312,0.9522581107468515,0.9509917505348325,0.9534933487802734,111642,wilson_95,False
2004-06-01,2004-09-01,1,2,1017,0.00910947492879024,0.008568812857198613,0.009683917671706298,111642,wilson_95,False
2004-06-01,2004-09-01,1,3,20,0.00017914404973038821,0.00011597649202491968,0.0002767068202045336,111642,wilson_95,False
2004-06-01,2004-09-01,1,exited,4293,0.038453270274627825,0.03734111824734992,0.03959718367757185,111642,wilson_95,False
2004-06-01,2004-09-01,2,1,559,0.0937762120449589,0.08663523026278812,0.10144042381209704,5961,wilson_95,False
2004-06-01,2004-09-01,2,2,4815,0.8077503774534474,0.7975497573287857,0.817554604678079,5961,wilson_95,False
2004-06-01,2004-09-01,2,3,186,0.03120281831907398,0.02708214534658929,0.0359273179250467,5961,wilson_95,False
2004-06-01,2004-09-01,2,exited,401,0.06727059218251971,0.06118636327495937,0.07391219121034572,5961,wilson_95,False
2004-06-01,2004-09-01,3,2,88,0.09282700421940929,0.07596197958534348,0.11297858100287975,948,wilson_95,False
2004-06-01,2004-09-01,3,3,719,0.7584388185654009,0.7301839054409772,0.7846077076571712,948,wilson_95,False
2004-06-01,2004-09-01,3,exited,141,0.14873417721518986,0.12750245138570843,0.17280119285231837,948,wilson_95,False
2004-09-01,2004-12-01,1,1,111679,0.9486027350717744,0.9473267384570627,0.9498494573688849,117730,wilson_95,False
2004-09-01,2004-12-01,1,2,1255,0.0106599847107789,0.010089125095972639,0.011262777022161765,117730,wilson_95,False
2004-09-01,2004-12-01,1,3,27,0.00022933831648687676,0.00015762728282067847,0.0003336627159085748,117730,wilson_95,False
2004-09-01,2004-12-01,1,exited,4769,0.040507941900959826,0.03939670537710088,0.041649163343305276,117730,wilson_95,False
2004-09-01,2004-12-01,2,1,631,0.10534223706176962,0.09781919460752152,0.11337115260425677,5990,wilson_95,False
2004-09-01,2004-12-01,2,2,4796,0.8006677796327212,0.7903595381679271,0.8105906245527104,5990,wilson_95,False
2004-09-01,2004-12-01,2,3,200,0.0333889816360601,0.029130185931795102,0.038245880251335324,5990,wilson_95,False
2004-09-01,2004-12-01,2,exited,363,0.06060100166944908,0.054835725376456104,0.06692950045323953,5990,wilson_95,False
2004-09-01,2004-12-01,3,2,87,0.09405405405405405,0.07688573265474902,0.11458015975544869,925,wilson_95,False
2004-09-01,2004-12-01,3,3,692,0.7481081081081081,0.7191462825832816,0.7750177059436415,925,wilson_95,False
2004-09-01,2004-12-01,3,exited,146,0.15783783783783784,0.13576362583468948,0.18274224619680873,925,wilson_95,False
2004-12-01,2005-03-01,1,1,118507,0.9537786720321931,0.9525971088848542,0.9549321769390486,124250,wilson_95,False
2004-12-01,2005-03-01,1,2,1246,0.010028169014084508,0.009489102819676657,0.010597531360143431,124250,wilson_95,False
2004-12-01,2005-03-01,1,3,22,0.00017706237424547285,0.00011693780621644167,0.0002680922118417879,124250,wilson_95,False
2004-12-01,2005-03-01,1,exited,4475,0.03601609657947686,0.03499430222172996,0.03706658019201907,124250,wilson_95,False
2004-12-01,2005-03-01,2,1,732,0.11762815362365418,0.10985862338446363,0.12586946902447488,6223,wilson_95,False
2004-12-01,2005-03-01,2,2,4989,0.8017033585087578,0.7916122107221126,0.8114222530317088,6223,wilson_95,False
2004-12-01,2005-03-01,2,3,178,0.028603567411216457,0.02474396837758225,0.033044793581493676,6223,wilson_95,False
2004-12-01,2005-03-01,2,exited,324,0.052064920456371525,0.04681641623990763,0.05786610428537758,6223,wilson_95,False
2004-12-01,2005-03-01,3,2,97,0.10554951033732318,0.08729960585206163,0.12708332734809732,919,wilson_95,False
2004-12-01,2005-03-01,3,3,707,0.7693144722524483,0.7409904768825291,0.7953963480359831,919,wilson_95,False
2004-12-01,2005-03-01,3,exited,115,0.1251360174102285,0.10529203865092744,0.14810084545239605,919,wilson_95,False
2005-03-01,2005-06-01,1,1,124532,0.9527277734850166,0.9515639276218106,0.9538650097439967,130711,wilson_95,False
2005-03-01,2005-06-01,1,2,1044,0.007987086014183964,0.007518783007414064,0.00848430765524562,130711,wilson_95,False
2005-03-01,2005-06-01,1,3,21,0.00016065977614737858,0.00010508886149621766,0.00024560933244326425,130711,wilson_95,False
2005-03-01,2005-06-01,1,exited,5114,0.0391244807246521,0.03808683901412721,0.04018921093268811,130711,wilson_95,False
2005-03-01,2005-06-01,2,1,579,0.09017287026942844,0.08340981500530159,0.09742600269812154,6421,wilson_95,False
2005-03-01,2005-06-01,2,2,5333,0.8305559881638374,0.8211831528088771,0.8395335399232089,6421,wilson_95,False
2005-03-01,2005-06-01,2,3,139,0.02164771842392151,0.018363723839707986,0.02550373353291756,6421,wilson_95,False
2005-03-01,2005-06-01,2,exited,370,0.057623423142812644,0.05218370620268793,0.06359214034360633,6421,wilson_95,False
2005-03-01,2005-06-01,3,2,89,0.09812568908489526,0.08042709673998316,0.11921407797787845,907,wilson_95,False
2005-03-01,2005-06-01,3,3,681,0.7508269018743109,0.7216594257424028,0.7778786613678482,907,wilson_95,False
2005-03-01,2005-06-01,3,exited,137,0.15104740904079383,0.12921712322844023,0.17582109844015567,907,wilson_95,False
2005-06-01,2005-09-01,1,1,130847,0.9457406363386675,0.9445345667573547,0.9469219542430075,138354,wilson_95,False
2005-06-01,2005-09-01,1,2,1470,0.010624918686846785,0.010098091755236889,0.01117892028673593,138354,wilson_95,False
2005-06-01,2005-09-01,1,3,12,8.673403009670844e-05,4.96180270156697e-05,0.00015160987974507971,138354,wilson_95,False
2005-06-01,2005-09-01,1,exited,6025,0.04354771094438903,0.04248493305976902,0.04463583531683409,138354,wilson_95,False
2005-06-01,2005-09-01,2,1,598,0.0912280701754386,0.0844950827788139,0.09843988620219124,6555,wilson_95,False
2005-06-01,2005-09-01,2,2,5375,0.8199847444698704,0.8104973894631028,0.8290972746766031,6555,wilson_95,False
2005-06-01,2005-09-01,2,3,171,0.02608695652173913,0.022497046717238706,0.0302320001719169,6555,wilson_95,False
2005-06-01,2005-09-01,2,exited,411,0.06270022883295194,0.05708386836371099,0.06882883497051223,6555,wilson_95,False
2005-06-01,2005-09-01,3,2,62,0.07372175980975029,0.05793280724922547,0.09338725107171292,841,wilson_95,False
2005-06-01,2005-09-01,3,3,671,0.797859690844233,0.7693913922974631,0.8236192782481573,841,wilson_95,False
2005-06-01,2005-09-01,3,exited,108,0.12841854934601665,0.107485492156316,0.15273073720293998,841,wilson_95,False
2005-09-01,2005-12-01,1,1,138081,0.9570946344033104,0.9560367437303879,0.9581281838924555,144271,wilson_95,False
2005-09-01,2005-12-01,1,2,1591,0.011027857296338142,0.010501841489908332,0.011579911826244198,144271,wilson_95,False
2005-09-01,2005-12-01,1,3,77,0.0005337177949830528,0.0004270998044597069,0.000666933342447238,144271,wilson_95,False
2005-09-01,2005-12-01,1,exited,4522,0.03134379050536837,0.03045707120602955,0.03225546666498349,144271,wilson_95,False
2005-09-01,2005-12-01,2,1,752,0.10724472333143183,0.10021618278432551,0.11470336288541799,7012,wilson_95,False
2005-09-01,2005-12-01,2,2,5592,0.7974900171135196,0.7879221205842003,0.8067321378518616,7012,wilson_95,False
2005-09-01,2005-12-01,2,3,288,0.04107244723331432,0.036673104299897,0.04597435320381927,7012,wilson_95,False
2005-09-01,2005-12-01,2,exited,380,0.05419281232173417,0.04913367469444801,0.059740145118049516,7012,wilson_95,False
2005-09-01,2005-12-01,3,2,75,0.08782201405152225,0.07063777984876551,0.1086977573170245,854,wilson_95,False
2005-09-01,2005-12-01,3,3,664,0.7775175644028103,0.7484148947509306,0.8041347577823301,854,wilson_95,False
2005-09-01,2005-12-01,3,exited,115,0.13466042154566746,0.11339467408536208,0.15919818840249728,854,wilson_95,False
2005-12-01,2006-03-01,1,1,146170,0.9680517106639999,0.9671526983944388,0.9689269080054123,150994,wilson_95,False
2005-12-01,2006-03-01,1,2,1386,0.009179172682358239,0.008710478555388104,0.009672840252369197,150994,wilson_95,False
2005-12-01,2006-03-01,1,3,14,9.271891598341656e-05,5.523380939031511e-05,0.00015563979325901648,150994,wilson_95,False
2005-12-01,2006-03-01,1,exited,3424,0.02267639773765845,0.021937565644431143,0.023439516521934062,150994,wilson_95,False
2005-12-01,2006-03-01,2,1,953,0.12964222554754457,0.12215636869603103,0.13751496066079866,7351,wilson_95,False
2005-12-01,2006-03-01,2,2,5888,0.8009794585770643,0.7916961498270274,0.809948362128166,7351,wilson_95,False
2005-12-01,2006-03-01,2,3,206,0.02802339817711876,0.0244900565960922,0.03204976974128909,7351,wilson_95,False
2005-12-01,2006-03-01,2,exited,304,0.04135491769827234,0.03703772279779886,0.04615121638550738,7351,wilson_95,False
2005-12-01,2006-03-01,3,2,100,0.09718172983479106,0.08055350614379975,0.11680636654512366,1029,wilson_95,False
2005-12-01,2006-03-01,3,3,796,0.7735665694849369,0.7470047216072805,0.7980934589429441,1029,wilson_95,False
2005-12-01,2006-03-01,3,exited,133,0.1292517006802721,0.11012468053234716,0.1511365774431035,1029,wilson_95,False
2006-03-01,2006-06-01,1,1,153153,0.9671680812367384,0.9662790075419412,0.9680344894342621,158352,wilson_95,False
2006-03-01,2006-06-01,1,2,1375,0.008683186824290189,0.008237991376490419,0.009152219388401453,158352,wilson_95,False
2006-03-01,2006-06-01,1,3,17,0.00010735576437304234,6.703187304016165e-05,0.00017193284384105632,158352,wilson_95,False
2006-03-01,2006-06-01,1,exited,3807,0.024041376174598363,0.02329839086042347,0.024807453474985267,158352,wilson_95,False
2006-03-01,2006-06-01,2,1,599,0.08031643872351837,0.07436210327995456,0.086702891929772,7458,wilson_95,False
2006-03-01,2006-06-01,2,2,6373,0.8545186377044784,0.8463340533870615,0.8623381998606966,7458,wilson_95,False
2006-03-01,2006-06-01,2,3,177,0.023732904263877714,0.020515698793620897,0.02744048746355121,7458,wilson_95,False
2006-03-01,2006-06-01,2,exited,309,0.041432019308125505,0.03714020824984148,0.046195984599124905,7458,wilson_95,False
2006-03-01,2006-06-01,3,2,137,0.13484251968503938,0.11521040459332912,0.15722552789168617,1016,wilson_95,False
2006-03-01,2006-06-01,3,3,772,0.7598425196850394,0.7326279817382372,0.7850995487845552,1016,wilson_95,False
2006-03-01,2006-06-01,3,exited,107,0.10531496062992125,0.08790388600176942,0.12569937256020128,1016,wilson_95,False
2006-06-01,2006-09-01,1,1,160134,0.9680215688171003,0.9671627891519361,0.9688586122912104,165424,wilson_95,False
2006-06-01,2006-09-01,1,2,1459,0.008819760131540767,0.008380465949405102,0.009281866056226587,165424,wilson_95,False
2006-06-01,2006-09-01,1,3,22,0.00013299158525969628,8.783148713458638e-05,0.00020136686302706466,165424,wilson_95,False
2006-06-01,2006-09-01,1,exited,3809,0.023025679466099236,0.022313914784332152,0.023759596128992366,165424,wilson_95,False
2006-06-01,2006-09-01,2,1,735,0.09226713532513181,0.08610693691168259,0.098820387732838,7966,wilson_95,False
2006-06-01,2006-09-01,2,2,6696,0.8405724328395682,0.8323696274622153,0.8484469267986886,7966,wilson_95,False
2006-06-01,2006-09-01,2,3,234,0.02937484308310319,0.025887629018857397,0.033315739236163454,7966,wilson_95,False
2006-06-01,2006-09-01,2,exited,301,0.037785588752196834,0.0338162295598145,0.04220052208462049,7966,wilson_95,False
2006-06-01,2006-09-01,3,2,100,0.10351966873706005,0.0858533490656766,0.12432683756870472,966,wilson_95,False
2006-06-01,2006-09-01,3,3,735,0.7608695652173914,0.7329709820704389,0.7867015844259997,966,wilson_95,False
2006-06-01,2006-09-01,3,exited,131,0.13561076604554864,0.11545816780973658,0.1586499932746034,966,wilson_95,False
2006-09-01,2006-12-01,1,1,167398,0.965019081549122,0.9641441136551723,0.9658734539131792,173466,wilson_95,False
2006-09-01,2006-12-01,1,2,1842,0.010618795614126111,0.01014716861153488,0.011112097136374021,173466,wilson_95,False
2006-09-01,2006-12-01,1,3,21,0.0001210611877831967,7.918667500494189e-05,0.0001850751611458466,173466,wilson_95,False
2006-09-01,2006-12-01,1,exited,4205,0.024241061648968675,0.023527779547377458,0.024975414944894112,173466,wilson_95,False
2006-09-01,2006-12-01,2,1,1059,0.12688713156002876,0.1199174678106759,0.13420010667083723,8346,wilson_95,False
2006-09-01,2006-12-01,2,2,6729,0.806254493170381,0.7976350610505583,0.814592132149587,8346,wilson_95,False
2006-09-01,2006-12-01,2,3,248,0.02971483345315121,0.02628272848553444,0.033579660673084405,8346,wilson_95,False
2006-09-01,2006-12-01,2,exited,310,0.037143541816439016,0.03329458717447965,0.04141838335284381,8346,wilson_95,False
2006-09-01,2006-12-01,3,2,103,0.10393541876892028,0.08643952620494666,0.12449002137285989,991,wilson_95,False
2006-09-01,2006-12-01,3,3,784,0.7911200807265388,0.764710528002247,0.8152813841603077,991,wilson_95,False
2006-09-01,2006-12-01,3,exited,104,0.10494450050454086,0.08736418248308059,0.12557573567414557,991,wilson_95,False
2006-12-01,2007-03-01,1,1,174623,0.9682182362562723,0.9673986311612434,0.9690178962123869,180355,wilson_95,False
2006-12-01,2007-03-01,1,2,1734,0.009614371655900861,0.009174353741757036,0.010075278994508793,180355,wilson_95,False
2006-12-01,2007-03-01,1,3,29,0.00016079398963155997,0.00011196286881352642,0.00023091723798075945,180355,wilson_95,False
2006-12-01,2007-03-01,1,exited,3969,0.022006598098195225,0.02133964757701276,0.022693910160349204,180355,wilson_95,False
2006-12-01,2007-03-01,2,1,1132,0.12920899440703115,0.12234732437652922,0.13639568534880944,8761,wilson_95,False
2006-12-01,2007-03-01,2,2,7078,0.8078986417075676,0.7995151413607484,0.8160122501325251,8761,wilson_95,False
2006-12-01,2007-03-01,2,3,270,0.030818399726058668,0.02740006812749843,0.034647997587756135,8761,wilson_95,False
2006-12-01,2007-03-01,2,exited,281,0.03207396415934254,0.0285846492534074,0.035973444749678875,8761,wilson_95,False
2006-12-01,2007-03-01,3,2,148,0.14055080721747387,0.12086251197550527,0.16285218933388554,1053,wilson_95,False
2006-12-01,2007-03-01,3,3,812,0.7711301044634378,0.744797396001653,0.7954917791005105,1053,wilson_95,False
2006-12-01,2007-03-01,3,exited,93,0.08831908831908832,0.07264245609570423,0.1069885162097672,1053,wilson_95,False
2007-03-01,2007-06-01,1,1,181474,0.9646509748889031,0.9638069925448153,0.9654759814389543,188124,wilson_95,False
2007-03-01,2007-06-01,1,2,1636,0.00869639174161723,0.008286743590909253,0.009126104148258278,188124,wilson_95,False
2007-03-01,2007-06-01,1,3,37,0.00019667878633241904,0.0001427016858883669,0.0002710672608931377,188124,wilson_95,False
2007-03-01,2007-06-01,1,exited,4977,0.026455954583147284,0.025740354133509672,0.027190894009261186,188124,wilson_95,False
2007-03-01,2007-06-01,2,1,891,0.0982576091751213,0.09230010206640132,0.1045553508123846,9068,wilson_95,False
2007-03-01,2007-06-01,2,2,7609,0.8391045434494927,0.8313985683654823,0.8465233318260446,9068,wilson_95,False
2007-03-01,2007-06-01,2,3,264,0.029113365681517425,0.02584738124540178,0.03277814271628257,9068,wilson_95,False
2007-03-01,2007-06-01,2,exited,304,0.03352448169386855,0.0300126970745531,0.03743132314978526,9068,wilson_95,False
2007-03-01,2007-06-01,3,2,132,0.1188118811881188,0.10108646177953262,0.1391642543214125,1111,wilson_95,False
2007-03-01,2007-06-01,3,3,861,0.774977497749775,0.749498544298482,0.7985614468022529,1111,wilson_95,False
2007-03-01,2007-06-01,3,exited,118,0.10621062106210621,0.08943066561921376,0.12570437167515106,1111,wilson_95,False
2007-06-01,2007-09-01,1,1,188806,0.9681862468591355,0.9673980328442107,0.9689560158429356,195010,wilson_95,False
2007-06-01,2007-09-01,1,2,2045,0.010486641710681503,0.010044071201004812,0.010948497471025342,195010,wilson_95,False
2007-06-01,2007-09-01,1,3,44,0.00022562945489974873,0.00016809131887442148,0.00030285709244687163,195010,wilson_95,False
2007-06-01,2007-09-01,1,exited,4115,0.021101481975283318,0.020472963255449873,0.021748867755244615,195010,wilson_95,False
2007-06-01,2007-09-01,2,1,839,0.08865173288250211,0.08309076635963628,0.09454649828359557,9464,wilson_95,False
2007-06-01,2007-09-01,2,2,7965,0.8416103127641589,0.8341160986455495,0.848827318618368,9464,wilson_95,False
2007-06-01,2007-09-01,2,3,373,0.03941251056635672,0.03567563897614657,0.04352313743789087,9464,wilson_95,False
2007-06-01,2007-09-01,2,exited,287,0.030325443786982247,0.027056621632337796,0.03397539515141911,9464,wilson_95,False
2007-06-01,2007-09-01,3,2,115,0.09896729776247848,0.0830965184735104,0.11748089027401878,1162,wilson_95,False
2007-06-01,2007-09-01,3,3,936,0.8055077452667814,0.7817584892236811,0.8272436993913985,1162,wilson_95,False
2007-06-01,2007-09-01,3,exited,111,0.09552495697074011,0.07993243353812884,0.11378297871796283,1162,wilson_95,False
2007-09-01,2007-12-01,1,1,195476,0.9690413987636389,0.9682765733804919,0.9697883601771775,201721,wilson_95,False
2007-09-01,2007-12-01,1,2,2259,0.01119863573946193,0.010748645867827328,0.01166724216123212,201721,wilson_95,False
2007-09-01,2007-12-01,1,3,69,0.0003420566029317721,0.00027031823391544753,0.00043282500711988657,201721,wilson_95,False
2007-09-01,2007-12-01,1,exited,3917,0.01941790889396741,0.018824831517078165,0.020029289780722832,201721,wilson_95,False
2007-09-01,2007-12-01,2,1,1032,0.10096859407103023,0.0952767532464911,0.10696026599225938,10221,wilson_95,False
2007-09-01,2007-12-01,2,2,8434,0.8251638782897955,0.8176785372101146,0.8324048921291064,10221,wilson_95,False
2007-09-01,2007-12-01,2,3,486,0.047549163486938655,0.04359075616961727,0.05184754111359999,10221,wilson_95,False
2007-09-01,2007-12-01,2,exited,269,0.026318364152235593,0.023388398184042727,0.029604253193770292,10221,wilson_95,False
2007-09-01,2007-12-01,3,2,149,0.11004431314623338,0.09446571696518337,0.1278293505921499,1354,wilson_95,False
2007-09-01,2007-12-01,3,3,1107,0.8175775480059084,0.7961181875620921,0.837239996055989,1354,wilson_95,False
2007-09-01,2007-12-01,3,exited,98,0.0723781388478582,0.05975290922989374,0.08742293189831829,1354,wilson_95,False
2007-12-01,2008-03-01,1,1,182106,0.8708747196411407,0.8694306040243289,0.8723052089920622,209107,wilson_95,False
2007-12-01,2008-03-01,1,2,20263,0.0969025427173648,0.09564199782248026,0.09817789777007829,209107,wilson_95,False
2007-12-01,2008-03-01,1,3,64,0.00030606340294681673,0.0002397111244251017,0.00039077487955694007,209107,wilson_95,False
2007-12-01,2008-03-01,1,exited,6674,0.03191667423854773,0.031171825132154444,0.03267872114117216,209107,wilson_95,False
2007-12-01,2008-03-01,2,1,1141,0.1039635535307517,0.09839127053065833,0.10981298010857354,10975,wilson_95,False
2007-12-01,2008-03-01,2,2,9042,0.8238724373576309,0.8166327449712758,0.830885486042839,10975,wilson_95,False
2007-12-01,2008-03-01,2,3,502,0.045740318906605924,0.041988048441908774,0.04981047716763698,10975,wilson_95,False
2007-12-01,2008-03-01,2,exited,290,0.02642369020501139,0.02358461109636724,0.029594174753720823,10975,wilson_95,False
2007-12-01,2008-03-01,3,2,161,0.09687123947051744,0.08356670594124134,0.11203501659684963,1662,wilson_95,False
2007-12-01,2008-03-01,3,3,1391,0.8369434416365824,0.8184096473909175,0.8539232412339617,1662,wilson_95,False
2007-12-01,2008-03-01,3,exited,110,0.06618531889290012,0.0552055634187335,0.07916584247673455,1662,wilson_95,False
2008-03-01,2008-06-01,1,1,169916,0.865487663250545,0.8639712190493657,0.8669898047853536,196324,wilson_95,False
2008-03-01,2008-06-01,1,2,20735,0.1056162262382592,0.10426440475343367,0.10698348118392449,196324,wilson_95,False
2008-03-01,2008-06-01,1,3,78,0.0003973024184511318,0.00031838569914568424,0.0004957701415796389,196324,wilson_95,False
2008-03-01,2008-06-01,1,exited,5595,0.028498808092744646,0.027771951611959427,0.02924411587823694,196324,wilson_95,False
2008-03-01,2008-06-01,2,1,722,0.024384477692593467,0.022688366312746042,0.026203985366306682,29609,wilson_95,False
2008-03-01,2008-06-01,2,2,27577,0.9313722179067175,0.9284361982747229,0.9341963199698571,29609,wilson_95,False
2008-03-01,2008-06-01,2,3,567,0.0191495828970921,0.01764976390699969,0.020774156350803485,29609,wilson_95,False
2008-03-01,2008-06-01,2,exited,743,0.02509372150359688,0.023372819358955098,0.02693783593200886,29609,wilson_95,False
2008-03-01,2008-06-01,3,2,228,0.11632653061224489,0.10287705653616472,0.13127700755861885,1960,wilson_95,False
2008-03-01,2008-06-01,3,3,1570,0.8010204081632653,0.7827646052335919,0.8180985625643835,1960,wilson_95,False
2008-03-01,2008-06-01,3,exited,162,0.0826530612244898,0.07126367357719274,0.09567518869612238,1960,wilson_95,False
2008-06-01,2008-09-01,1,1,179737,0.9705388432608144,0.9697588936770006,0.9712992724729449,185193,wilson_95,False
2008-06-01,2008-09-01,1,2,2042,0.011026334688676137,0.010560771962711085,0.01151218255757237,185193,wilson_95,False
2008-06-01,2008-09-01,1,3,101,0.0005453769850912292,0.000448902128817195,0.0006625717883363213,185193,wilson_95,False
2008-06-01,2008-09-01,1,exited,3313,0.01788944506541824,0.01729567809228841,0.01850321246435679,185193,wilson_95,False
2008-06-01,2008-09-01,2,1,647,0.013241915677445763,0.01226593394995354,0.01429443093487508,48860,wilson_95,False
2008-06-01,2008-09-01,2,2,46411,0.9498772001637331,0.9479068449835726,0.9517768206375259,48860,wilson_95,False
2008-06-01,2008-09-01,2,3,872,0.01784690953745395,0.016710317899044768,0.019059310657352353,48860,wilson_95,False
2008-06-01,2008-09-01,2,exited,930,0.01903397462136717,0.01785963312581128,0.020283938954812387,48860,wilson_95,False
2008-06-01,2008-09-01,3,2,165,0.0744920993227991,0.06427875006420164,0.08617880403167757,2215,wilson_95,False
2008-06-01,2008-09-01,3,3,1875,0.8465011286681715,0.8308906219507471,0.8609118472603007,2215,wilson_95,False
2008-06-01,2008-09-01,3,exited,175,0.07900677200902935,0.06848805307551288,0.09098321397425622,2215,wilson_95,False
2008-09-01,2008-12-01,1,1,183086,0.9501139082195549,0.9491328596092465,0.9510770111262092,192699,wilson_95,False
2008-09-01,2008-12-01,1,2,5824,0.030223301625851715,0.029468226370352808,0.03099710652568866,192699,wilson_95,False
2008-09-01,2008-12-01,1,3,162,0.0008406893652795292,0.0007208564394035524,0.0009804233981890432,192699,wilson_95,False
2008-09-01,2008-12-01,1,exited,3627,0.018822100789313904,0.0182248640390573,0.01943852174122787,192699,wilson_95,False
2008-09-01,2008-12-01,2,1,935,0.01919405497505799,0.018012996224164666,0.020450939505425116,48713,wilson_95,False
2008-09-01,2008-12-01,2,2,45743,0.939030648902757,0.9368710159045162,0.9411210443187459,48713,wilson_95,False
2008-09-01,2008-12-01,2,3,1261,0.02588631371502474,0.02451310812659929,0.027334289676391173,48713,wilson_95,False
2008-09-01,2008-12-01,2,exited,774,0.015888982407160305,0.014816102070192483,0.017038209751981635,48713,wilson_95,False
2008-09-01,2008-12-01,3,2,186,0.06528606528606529,0.056787730360259796,0.07495511768992917,2849,wilson_95,False
2008-09-01,2008-12-01,3,3,2459,0.8631098631098632,0.8499981585750711,0.8752436853426355,2849,wilson_95,False
2008-09-01,2008-12-01,3,exited,204,0.0716040716040716,0.06270218599033112,0.08165965982739648,2849,wilson_95,False
2008-12-01,2009-03-01,1,1,180775,0.926542871347517,0.9253768465710371,0.9276921000621964,195107,wilson_95,False
2008-12-01,2009-03-01,1,2,2441,0.012511083661785584,0.012027390635549643,0.013013972634117153,195107,wilson_95,False
2008-12-01,2009-03-01,1,3,201,0.0010302039393768547,0.000897343386459364,0.001182712523229024,195107,wilson_95,False
2008-12-01,2009-03-01,1,exited,11690,0.059915841051320556,0.05887138950617702,0.060977621876186335,195107,wilson_95,False
2008-12-01,2009-03-01,2,1,3922,0.07557713801210159,0.0733342657326941,0.07788284153462276,51894,wilson_95,False
2008-12-01,2009-03-01,2,2,44509,0.8576906771495741,0.8546583163611627,0.8606700856776144,51894,wilson_95,False
2008-12-01,2009-03-01,2,3,1618,0.031178941688827226,0.029717949361570788,0.03270933793498097,51894,wilson_95,False
2008-12-01,2009-03-01,2,exited,1845,0.03555324314949705,0.03399411689538638,0.037181125754187805,51894,wilson_95,False
2008-12-01,2009-03-01,3,2,305,0.07856774858320453,0.07051432834129236,0.0874544064425986,3882,wilson_95,False
2008-12-01,2009-03-01,3,3,3329,0.8575476558475013,0.8461992227512346,0.868189161185171,3882,wilson_95,False
2008-12-01,2009-03-01,3,exited,248,0.06388459556929418,0.05661467930864029,0.0720167803424156,3882,wilson_95,False
2009-03-01,2009-06-01,1,1,181169,0.9156053530636586,0.914372450850389,0.9168221182577578,197868,wilson_95,False
2009-03-01,2009-06-01,1,2,2419,0.012225321931792913,0.01175050963274306,0.012719073422248294,197868,wilson_95,False
2009-03-01,2009-06-01,1,3,181,0.0009147512483069521,0.000790887066335943,0.0010579937856514269,197868,wilson_95,False
2009-03-01,2009-06-01,1,exited,14099,0.07125457375624153,0.07012939476669108,0.07239639996438896,197868,wilson_95,False
2009-03-01,2009-06-01,2,1,1603,0.03384498448155734,0.032253874658231436,0.03551170480543691,47363,wilson_95,False
2009-03-01,2009-06-01,2,2,42160,0.8901463167451386,0.8872983927700893,0.8929309588561807,47363,wilson_95,False
2009-03-01,2009-06-01,2,3,1570,0.03314823807613538,0.03157344739718014,0.034798752268145966,47363,wilson_95,False
2009-03-01,2009-06-01,2,exited,2030,0.04286046069716867,0.04107314927437072,0.04472192030724103,47363,wilson_95,False
2009-03-01,2009-06-01,3,2,346,0.06719751408040396,0.060676652089515795,0.07436368718378837,5149,wilson_95,False
2009-03-01,2009-06-01,3,3,4483,0.8706544960186444,0.8612113099801044,0.8795450339718358,5149,wilson_95,False
2009-03-01,2009-06-01,3,exited,320,0.06214798990095164,0.05587451192776967,0.0690743078575856,5149,wilson_95,False
2009-06-01,2009-09-01,1,1,183795,0.9381268598437094,0.9370514185324177,0.9391851202744188,195917,wilson_95,False
2009-06-01,2009-09-01,1,2,3614,0.01844658707513896,0.017860123649460654,0.019051934327488706,195917,wilson_95,False
2009-06-01,2009-09-01,1,3,227,0.0011586539197721484,0.001017480169654025,0.0013193894324343507,195917,wilson_95,False
2009-06-01,2009-09-01,1,exited,8281,0.04226789916137957,0.04138591615092861,0.043167831860114705,195917,wilson_95,False
2009-06-01,2009-09-01,2,1,16900,0.3757810241700576,0.3713156268460602,0.38026764050654766,44973,wilson_95,False
2009-06-01,2009-09-01,2,2,24864,0.5528650523647521,0.5482655669599258,0.5574555073923831,44973,wilson_95,False
2009-06-01,2009-09-01,2,3,1889,0.04200297956551709,0.040187829386673736,0.043896364526392,44973,wilson_95,False
2009-06-01,2009-09-01,2,exited,1320,0.02935094389967314,0.027830727592448354,0.03095155620223091,44973,wilson_95,False
2009-06-01,2009-09-01,3,2,290,0.0465190888675008,0.04156450220697025,0.05203221112326456,6234,wilson_95,False
2009-06-01,2009-09-01,3,3,5561,0.8920436316971447,0.8840973978530517,0.899506999961206,6234,wilson_95,False
2009-06-01,2009-09-01,3,exited,383,0.06143727943535451,0.0557421718591061,0.06767254842559924,6234,wilson_95,False
2009-09-01,2009-12-01,1,1,201550,0.9422230948674436,0.9412263779373703,0.9432039288631692,213909,wilson_95,False
2009-09-01,2009-12-01,1,2,3159,0.014767962077331949,0.014265438870301414,0.015287912932739728,213909,wilson_95,False
2009-09-01,2009-12-01,1,3,272,0.0012715687511979394,0.001129243483862832,0.0014318064048889677,213909,wilson_95,False
2009-09-01,2009-12-01,1,exited,8928,0.04173737430402648,0.04089807401603814,0.042593133603953205,213909,wilson_95,False
2009-09-01,2009-12-01,2,1,13343,0.4624796367543586,0.45673178680500626,0.46823747691145834,28851,wilson_95,False
2009-09-01,2009-12-01,2,2,12550,0.4349935877439257,0.4292820928659576,0.44072239129129814,28851,wilson_95,False
2009-09-01,2009-12-01,2,3,2196,0.07611521264427576,0.07311139229535052,0.07923189696146571,28851,wilson_95,False
2009-09-01,2009-12-01,2,exited,762,0.02641156285743995,0.02462331743449981,0.028325906389900908,28851,wilson_95,False
2009-09-01,2009-12-01,3,2,301,0.03919781221513218,0.03508264954228504,0.04377378164504941,7679,wilson_95,False
2009-09-01,2009-12-01,3,3,6873,0.8950384164604767,0.8879843797685446,0.9016974108187724,7679,wilson_95,False
2009-09-01,2009-12-01,3,exited,505,0.0657637713243912,0.06043410020605966,0.07152768297725717,7679,wilson_95,False
2009-12-01,2010-03-01,1,1,215008,0.949568735177342,0.9486597259160379,0.9504624903348133,226427,wilson_95,False
2009-12-01,2010-03-01,1,2,3241,0.014313664006500991,0.013832590905489337,0.014811216700552817,226427,wilson_95,False
2009-12-01,2010-03-01,1,3,228,0.001006947051367549,0.0008845019988159872,0.0011463232008700817,226427,wilson_95,False
2009-12-01,2010-03-01,1,exited,7950,0.035110653764789536,0.0343603787322365,0.03587670273757294,226427,wilson_95,False
2009-12-01,2010-03-01,2,1,1451,0.09028685209383361,0.08595331864299993,0.09481620659708764,16071,wilson_95,False
2009-12-01,2010-03-01,2,2,12351,0.768527160724286,0.761942572384788,0.7749834073898952,16071,wilson_95,False
2009-12-01,2010-03-01,2,3,2006,0.12482110634061352,0.11980060963737475,0.13002091856296058,16071,wilson_95,False
2009-12-01,2010-03-01,2,exited,263,0.016364880841266877,0.014515735648609451,0.018445177849542402,16071,wilson_95,False
2009-12-01,2010-03-01,3,2,597,0.06387759469291676,0.05909691068074834,0.0690166476182155,9346,wilson_95,False
2009-12-01,2010-03-01,3,3,8183,0.8755617376417719,0.8687150365873975,0.8820998334740935,9346,wilson_95,False
2009-12-01,2010-03-01,3,exited,566,0.06056066766531136,0.05590307666456052,0.06557935315237876,9346,wilson_95,False
2010-03-01,2010-06-01,1,1,218194,0.9533326051338067,0.9524608425652491,0.9541891504064045,228875,wilson_95,False
2010-03-01,2010-06-01,1,2,2425,0.010595303113052977,0.010183978322629038,0.011023056053652464,228875,wilson_95,False
2010-03-01,2010-06-01,1,3,170,0.0007427635172037138,0.0006392172809844955,0.0008630686298892591,228875,wilson_95,False
2010-03-01,2010-06-01,1,exited,8086,0.035329328235936645,0.03458077235123377,0.03609348200849486,228875,wilson_95,False
2010-03-01,2010-06-01,2,1,1123,0.06909918779227173,0.06530088031013018,0.0731011497859429,16252,wilson_95,False
2010-03-01,2010-06-01,2,2,13453,0.827775043071622,0.8218927994045584,0.833502372047422,16252,wilson_95,False
2010-03-01,2010-06-01,2,3,1380,0.08491262613832144,0.08072449570811951,0.08929693725319834,16252,wilson_95,False
2010-03-01,2010-06-01,2,exited,296,0.018213142997784888,0.01626821728530326,0.02038577324050741,16252,wilson_95,False
2010-03-01,2010-06-01,3,2,959,0.09204338228236875,0.08664181965493463,0.09774565917352519,10419,wilson_95,False
2010-03-01,2010-06-01,3,3,8820,0.8465303771955082,0.8394817769566467,0.8533235418740428,10419,wilson_95,False
2010-03-01,2010-06-01,3,exited,640,0.061426240522123046,0.05697541738815945,0.06620034652353263,10419,wilson_95,False
2010-06-01,2010-09-01,1,1,215890,0.9315360485335934,0.9305007152303916,0.9325570763316059,231757,wilson_95,False
2010-06-01,2010-09-01,1,2,2441,0.010532583697579792,0.010124997653733162,0.010956395682892306,231757,wilson_95,False
2010-06-01,2010-09-01,1,3,192,0.0008284539409812864,0.0007193020978489989,0.0009541534193963763,231757,wilson_95,False
2010-06-01,2010-09-01,1,exited,13234,0.05710291382784555,0.05616553631337738,0.05805497346814331,231757,wilson_95,False
2010-06-01,2010-09-01,2,1,1409,0.08337278106508876,0.07929899801822052,0.08763592418244959,16900,wilson_95,False
2010-06-01,2010-09-01,2,2,13788,0.8158579881656804,0.8099427240158105,0.8216296925859256,16900,wilson_95,False
2010-06-01,2010-09-01,2,3,1402,0.08295857988165681,0.07889431207100935,0.08721239602021673,16900,wilson_95,False
2010-06-01,2010-09-01,2,exited,301,0.017810650887573963,0.01592336938695463,0.019917090918862807,16900,wilson_95,False
2010-06-01,2010-09-01,3,2,1018,0.0981299402352034,0.09255318924884195,0.10400420343390343,10374,wilson_95,False
2010-06-01,2010-09-01,3,3,8604,0.8293811451706189,0.8220207514837622,0.8364976915968471,10374,wilson_95,False
2010-06-01,2010-09-01,3,exited,752,0.07248891459417775,0.067655923547776,0.07763840040232611,10374,wilson_95,False
2010-09-01,2010-12-01,1,1,208034,0.9073914143396753,0.9061979872565086,0.9085711895850589,229266,wilson_95,False
2010-09-01,2010-12-01,1,2,4522,0.01972381425941919,0.01916263147496657,0.020301091277446916,229266,wilson_95,False
2010-09-01,2010-12-01,1,3,208,0.0009072431149843413,0.0007920856071357103,0.0010391254067040761,229266,wilson_95,False
2010-09-01,2010-12-01,1,exited,16502,0.07197752828592116,0.07092675677063372,0.07304264299339612,229266,wilson_95,False
2010-09-01,2010-12-01,2,1,1592,0.09212429836236329,0.08790261974009633,0.09652727314699716,17281,wilson_95,False
2010-09-01,2010-12-01,2,2,13941,0.8067241479081072,0.8007689558052207,0.812543004576699,17281,wilson_95,False
2010-09-01,2010-12-01,2,3,1357,0.07852554829002951,0.0746079571336662,0.08263048010023401,17281,wilson_95,False
2010-09-01,2010-12-01,2,exited,391,0.022626005439500028,0.02051264346532106,0.024951554785665398,17281,wilson_95,False
2010-09-01,2010-12-01,3,2,897,0.08790670325362603,0.08256656792017676,0.09355700003229785,10204,wilson_95,False
2010-09-01,2010-12-01,3,3,8578,0.8406507252058016,0.8334212808714362,0.8476237792468037,10204,wilson_95,False
2010-09-01,2010-12-01,3,exited,729,0.07144257154057232,0.06660476706236206,0.07660292916978335,10204,wilson_95,False
2010-12-01,2011-03-01,1,1,204019,0.916440946721109,0.9152842350012157,0.9175832868125929,222621,wilson_95,False
2010-12-01,2011-03-01,1,2,9235,0.041483058651250335,0.04066261574000047,0.04231932525887875,222621,wilson_95,False
2010-12-01,2011-03-01,1,3,163,0.0007321860920578023,0.0006281110029068085,0.0008534912147940652,222621,wilson_95,False
2010-12-01,2011-03-01,1,exited,9204,0.04134380853558289,0.040524699292730344,0.04217874628041952,222621,wilson_95,False
2010-12-01,2011-03-01,2,1,2066,0.10647837963201567,0.10221593357685435,0.11089661580922278,19403,wilson_95,False
2010-12-01,2011-03-01,2,2,15750,0.8117301448229656,0.8061680404924302,0.817168839219221,19403,wilson_95,False
2010-12-01,2011-03-01,2,3,1188,0.06122764520950368,0.057940315340874585,0.06468867938093376,19403,wilson_95,False
2010-12-01,2011-03-01,2,exited,399,0.020563830335515128,0.018659787169600307,0.02265767608283666,19403,wilson_95,False
2010-12-01,2011-03-01,3,2,769,0.07576354679802956,0.07077453941974843,0.08107355325273352,10150,wilson_95,False
2010-12-01,2011-03-01,3,3,8543,0.8416748768472906,0.8344440819259876,0.8486471430187016,10150,wilson_95,False
2010-12-01,2011-03-01,3,exited,838,0.0825615763546798,0.07736401337430279,0.08807499467337623,10150,wilson_95,False
2011-03-01,2011-06-01,1,1,207101,0.9451962265356512,0.9442354168871429,0.946141425935486,219109,wilson_95,False
2011-03-01,2011-06-01,1,2,5433,0.024795877850750082,0.02415304979117147,0.025455368348317332,219109,wilson_95,False
2011-03-01,2011-06-01,1,3,140,0.0006389513894910753,0.0005415387880558535,0.0007538734613172092,219109,wilson_95,False
2011-03-01,2011-06-01,1,exited,6435,0.029368944224107636,0.0286702024338519,0.03008418810350125,219109,wilson_95,False
2011-03-01,2011-06-01,2,1,1550,0.06007519088407426,0.057240651283662666,0.06304071001723108,25801,wilson_95,False
2011-03-01,2011-06-01,2,2,22556,0.8742296810201154,0.8701278346225002,0.8782201074028925,25801,wilson_95,False
2011-03-01,2011-06-01,2,3,1150,0.04457191581721639,0.04212096656259983,0.04715846042001346,25801,wilson_95,False
2011-03-01,2011-06-01,2,exited,545,0.02112321227859385,0.01943860093775906,0.022950400388455004,25801,wilson_95,False
2011-03-01,2011-06-01,3,2,921,0.09301151282569178,0.08744748584950902,0.09889119789522806,9902,wilson_95,False
2011-03-01,2011-06-01,3,3,8149,0.8229650575641284,0.8153221491348043,0.8303574760225979,9902,wilson_95,False
2011-03-01,2011-06-01,3,exited,832,0.08402342961017976,0.0787191921741166,0.08965029624885412,9902,wilson_95,False
2011-06-01,2011-09-01,1,1,208570,0.9490678594667892,0.9481407730150274,0.9499792467741449,219763,wilson_95,False
2011-06-01,2011-09-01,1,2,2064,0.009391935858174489,0.00899715075749746,0.009803872324025544,219763,wilson_95,False
2011-06-01,2011-09-01,1,3,199,0.0009055209475662418,0.000788189380155766,0.0010403005601521305,219763,wilson_95,False
2011-06-01,2011-09-01,1,exited,8930,0.04063468372747005,0.03981719253225102,0.041468234060040285,219763,wilson_95,False
2011-06-01,2011-09-01,2,1,12774,0.4412740085670858,0.4355622222968368,0.4470013788877046,28948,wilson_95,False
2011-06-01,2011-09-01,2,2,14243,0.49202017410529225,0.486262529781097,0.4977799360269202,28948,wilson_95,False
2011-06-01,2011-09-01,2,3,1171,0.04045184468702501,0.03824259275572383,0.042783046396012804,28948,wilson_95,False
2011-06-01,2011-09-01,2,exited,760,0.026253972640596934,0.024474010353260623,0.02815965237897394,28948,wilson_95,False
2011-06-01,2011-09-01,3,2,719,0.07614105686752091,0.07096232209674735,0.08166450720972096,9443,wilson_95,False
2011-06-01,2011-09-01,3,3,7985,0.8455999152811606,0.8381716590995252,0.8527471023141764,9443,wilson_95,False
2011-06-01,2011-09-01,3,exited,739,0.07825902785131844,0.07301183737960935,0.08384921139316019,9443,wilson_95,False
2011-09-01,2011-12-01,1,1,217384,0.9319426045725996,0.9309134507546866,0.9329575316091017,233259,wilson_95,False
2011-09-01,2011-12-01,1,2,2262,0.009697375020899516,0.009307685143065144,0.010103213868983553,233259,wilson_95,False
2011-09-01,2011-12-01,1,3,189,0.0008102581250884211,0.0007027188646589222,0.0009342390684292031,233259,wilson_95,False
2011-09-01,2011-12-01,1,exited,13424,0.05754976228141251,0.05661192383076476,0.05850217360065582,233259,wilson_95,False
2011-09-01,2011-12-01,2,1,2073,0.1213771298085368,0.11656444566417878,0.12636009758725616,17079,wilson_95,False
2011-09-01,2011-12-01,2,2,13423,0.7859359447274431,0.7797204829345277,0.7920228083407554,17079,wilson_95,False
2011-09-01,2011-12-01,2,3,1274,0.07459453129574331,0.07074911062177285,0.07863127583045028,17079,wilson_95,False
2011-09-01,2011-12-01,2,exited,309,0.01809239416827683,0.01619910896426823,0.02020241477050877,17079,wilson_95,False
2011-09-01,2011-12-01,3,2,613,0.06551945275758872,0.06068175824176686,0.07071378560707625,9356,wilson_95,False
2011-09-01,2011-12-01,3,3,8009,0.856028217186832,0.8487685163943576,0.8629956763336876,9356,wilson_95,False
2011-09-01,2011-12-01,3,exited,734,0.0784523300555793,0.0731753650083269,0.08407531763369948,9356,wilson_95,False
2011-12-01,2012-03-01,1,1,217379,0.935736177832877,0.9347317692155177,0.9367261759701391,232308,wilson_95,False
2011-12-01,2012-03-01,1,2,1855,0.007985088761471838,0.007631214173272727,0.00835523505591564,232308,wilson_95,False
2011-12-01,2012-03-01,1,3,166,0.0007145685899753775,0.0006138491074346722,0.0008318002262874099,232308,wilson_95,False
2011-12-01,2012-03-01,1,exited,12908,0.05556416481567574,0.054639956647830765,0.056503071174956676,232308,wilson_95,False
2011-12-01,2012-03-01,2,1,2209,0.1352062675970131,0.1300486510098492,0.14053538751256317,16338,wilson_95,False
2011-12-01,2012-03-01,2,2,12831,0.7853470437017995,0.7789845941303479,0.7915753408375235,16338,wilson_95,False
2011-12-01,2012-03-01,2,3,1027,0.0628595911372261,0.05923970768658977,0.06668499082466343,16338,wilson_95,False
2011-12-01,2012-03-01,2,exited,271,0.016587097563961317,0.014739266882809736,0.0186621989309508,16338,wilson_95,False
2011-12-01,2012-03-01,3,2,506,0.05341496885886203,0.04906519711792312,0.05812678907650523,9473,wilson_95,False
2011-12-01,2012-03-01,3,3,8190,0.8645624406207115,0.857523638096834,0.8713056907478752,9473,wilson_95,False
2011-12-01,2012-03-01,3,exited,777,0.08202259052042647,0.07666484431769066,0.08771919287338342,9473,wilson_95,False
2012-03-01,2012-06-01,1,1,216109,0.9317894700533352,0.9307562835211051,0.9328083532945094,231929,wilson_95,False
2012-03-01,2012-06-01,1,2,1847,0.007963644046238288,0.007609969967475098,0.008333617131108525,231929,wilson_95,False
2012-03-01,2012-06-01,1,3,171,0.0007372946030897386,0.000634789050688422,0.0008563385388560614,231929,wilson_95,False
2012-03-01,2012-06-01,1,exited,13802,0.059509591297336684,0.058554055967127525,0.06047971814253181,231929,wilson_95,False
2012-03-01,2012-06-01,2,1,1790,0.11744636178728429,0.11243119038971172,0.12265432811183202,15241,wilson_95,False
2012-03-01,2012-06-01,2,2,12208,0.8009973098878026,0.7945833100863204,0.8072596165707702,15241,wilson_95,False
2012-03-01,2012-06-01,2,3,934,0.06128206810576734,0.05758368014186143,0.0652015560232312,15241,wilson_95,False
2012-03-01,2012-06-01,2,exited,309,0.020274260219145725,0.018154646127340503,0.022635640901908685,15241,wilson_95,False
2012-03-01,2012-06-01,3,2,520,0.055389859394972304,0.05094205041958496,0.060201377990860776,9388,wilson_95,False
2012-03-01,2012-06-01,3,3,7989,0.8509799744354495,0.8436329594063051,0.8580398732212898,9388,wilson_95,False
2012-03-01,2012-06-01,3,exited,879,0.09363016616957819,0.08790243467527706,0.09969032512008721,9388,wilson_95,False
2012-06-01,2012-09-01,1,1,212696,0.9238293381053108,0.9227386898618156,0.9249058433216603,230233,wilson_95,False
2012-06-01,2012-09-01,1,2,2020,0.008773720535283821,0.008400903823005304,0.009162929285537233,230233,wilson_95,False
2012-06-01,2012-09-01,1,3,151,0.0006558573271425034,0.0005592836259123045,0.0007690939564191305,230233,wilson_95,False
2012-06-01,2012-09-01,1,exited,15366,0.06674108403226296,0.06572885496118526,0.06776777079198722,230233,wilson_95,False
2012-06-01,2012-09-01,2,1,1606,0.10987206677156736,0.10490442156976434,0.1150447152756113,14617,wilson_95,False
2012-06-01,2012-09-01,2,2,11711,0.8011903947458439,0.7946416080399749,0.8075809127909298,14617,wilson_95,False
2012-06-01,2012-09-01,2,3,978,0.06690839433536293,0.06297049901636326,0.07107386938340007,14617,wilson_95,False
2012-06-01,2012-09-01,2,exited,322,0.022029144147225833,0.01977225334500006,0.024537197697563164,14617,wilson_95,False
2012-06-01,2012-09-01,3,2,641,0.07045504506484941,0.06537576640119547,0.07589690513875658,9098,wilson_95,False
2012-06-01,2012-09-01,3,3,7599,0.8352385139591119,0.8274746315197226,0.842719419606978,9098,wilson_95,False
2012-06-01,2012-09-01,3,exited,858,0.09430644097603869,0.08847116756983475,0.10048416268962354,9098,wilson_95,False
2012-09-01,2012-12-01,1,1,207352,0.9181895876046708,0.9170520652406603,0.9193128828766718,225827,wilson_95,False
2012-09-01,2012-12-01,1,2,1929,0.008541936969450065,0.008170652314013871,0.00892994135987936,225827,wilson_95,False
2012-09-01,2012-12-01,1,3,135,0.0005978027428075474,0.0005051299985552064,0.0007074654868609342,225827,wilson_95,False
2012-09-01,2012-12-01,1,exited,16411,0.07267067268307155,0.07160725338865215,0.0737486300096141,225827,wilson_95,False
2012-09-01,2012-12-01,2,1,1746,0.12107343457457874,0.1158499382115951,0.12649875371687044,14421,wilson_95,False
2012-09-01,2012-12-01,2,2,11316,0.784688995215311,0.7779050388218324,0.7913213213735532,14421,wilson_95,False
2012-09-01,2012-12-01,2,3,978,0.06781776575826919,0.06382812099308799,0.07203759818417643,14421,wilson_95,False
2012-09-01,2012-12-01,2,exited,381,0.026419804451841066,0.023925647915263075,0.02916619791243489,14421,wilson_95,False
2012-09-01,2012-12-01,3,2,601,0.06885884509624197,0.06373405466914792,0.07436298528599034,8728,wilson_95,False
2012-09-01,2012-12-01,3,3,7345,0.8415444546287809,0.8337334521488934,0.849054941126082,8728,wilson_95,False
2012-09-01,2012-12-01,3,exited,782,0.08959670027497708,0.08378410025068837,0.09577040336857955,8728,wilson_95,False
2012-12-01,2013-03-01,1,1,204849,0.9242044854702706,0.9230952723820567,0.9252989948077743,221649,wilson_95,False
2012-12-01,2013-03-01,1,2,1847,0.008332994960500611,0.007962981939559004,0.008720050114003411,221649,wilson_95,False
2012-12-01,2013-03-01,1,3,91,0.00041055903703603446,0.00033443867968731793,0.0005039961339499361,221649,wilson_95,False
2012-12-01,2013-03-01,1,exited,14862,0.0670519605321928,0.06601820873915988,0.06810071914448569,221649,wilson_95,False
2012-12-01,2013-03-01,2,1,1843,0.13265673360685237,0.1271177384423282,0.13839881578724128,13893,wilson_95,False
2012-12-01,2013-03-01,2,2,10850,0.7809688332253653,0.7740143476246714,0.7877679842191369,13893,wilson_95,False
2012-12-01,2013-03-01,2,3,840,0.06046210321744763,0.05661906273593587,0.06454814376996516,13893,wilson_95,False
2012-12-01,2013-03-01,2,exited,360,0.0259123299503347,0.023398682157235957,0.028688078778016185,13893,wilson_95,False
2012-12-01,2013-03-01,3,2,538,0.06358586455501714,0.058581944121840666,0.0689858861882542,8461,wilson_95,False
2012-12-01,2013-03-01,3,3,7202,0.8511996217941141,0.8434570455324888,0.8586234398388188,8461,wilson_95,False
2012-12-01,2013-03-01,3,exited,721,0.0852145136508687,0.07945198827872244,0.0913535094797821,8461,wilson_95,False
2013-03-01,2013-06-01,1,1,203225,0.9267239413755051,0.9256257864037305,0.9278071464285966,219294,wilson_95,False
2013-03-01,2013-06-01,1,2,1621,0.007391903107244156,0.00704192107407265,0.007759143255738328,219294,wilson_95,False
2013-03-01,2013-06-01,1,3,104,0.00047424918146415316,0.0003914565858972951,0.0005745422466104718,219294,wilson_95,False
2013-03-01,2013-06-01,1,exited,14344,0.06540990633578667,0.06438267478095178,0.06645236339341343,219294,wilson_95,False
2013-03-01,2013-06-01,2,1,1406,0.10586552217453506,0.10074647989752272,0.11121250113729189,13281,wilson_95,False
2013-03-01,2013-06-01,2,2,10863,0.8179353964309917,0.811280728201288,0.8244061955890444,13281,wilson_95,False
2013-03-01,2013-06-01,2,3,654,0.0492432798735035,0.04569190404210532,0.05305533828570393,13281,wilson_95,False
2013-03-01,2013-06-01,2,exited,358,0.026955801520969807,0.024335202910932302,0.029849972053481243,13281,wilson_95,False
2013-03-01,2013-06-01,3,2,661,0.08124385447394297,0.07550298799109817,0.08737997054416338,8136,wilson_95,False
2013-03-01,2013-06-01,3,3,6760,0.8308751229105211,0.8225739630689414,0.838863981052889,8136,wilson_95,False
2013-03-01,2013-06-01,3,exited,715,0.08788102261553589,0.08192189838661347,0.09422913183608449,8136,wilson_95,False
2013-06-01,2013-09-01,1,1,205233,0.9451557045619917,0.9441901847104379,0.9461054741942792,217142,wilson_95,False
2013-06-01,2013-09-01,1,2,1559,0.007179633603816857,0.006833138271259302,0.007543565596738633,217142,wilson_95,False
2013-06-01,2013-09-01,1,3,99,0.00045592285232704866,0.0003745381364416462,0.0005549821226832383,217142,wilson_95,False
2013-06-01,2013-09-01,1,exited,10251,0.0472087389818644,0.046324677136963546,0.04810882120248956,217142,wilson_95,False
2013-06-01,2013-09-01,2,1,1502,0.11371895820714718,0.10841672698163217,0.1192458186366815,13208,wilson_95,False
2013-06-01,2013-09-01,2,2,10622,0.8042095699576014,0.7973543101386646,0.8108879265735296,13208,wilson_95,False
2013-06-01,2013-09-01,2,3,699,0.052922471229557844,0.04923274868620046,0.0568721772009305,13208,wilson_95,False
2013-06-01,2013-09-01,2,exited,385,0.029149000605693517,0.026414141607040118,0.03215766772269189,13208,wilson_95,False
2013-06-01,2013-09-01,3,2,583,0.0775369065035244,0.07170532069434962,0.08379994486578388,7519,wilson_95,False
2013-06-01,2013-09-01,3,3,6357,0.845458172629339,0.837111666121547,0.8534518700684588,7519,wilson_95,False
2013-06-01,2013-09-01,3,exited,579,0.07700492086713659,0.07119261640983739,0.08324922118311227,7519,wilson_95,False
2013-09-01,2013-12-01,1,1,210910,0.9617813772567045,0.9609708128317951,0.9625757633334768,219291,wilson_95,False
2013-09-01,2013-12-01,1,2,1815,0.008276673461291162,0.007905999157427079,0.008664575118954423,219291,wilson_95,False
2013-09-01,2013-12-01,1,3,82,0.00037393235472500013,0.000301293776869837,0.0004640751561345059,219291,wilson_95,False
2013-09-01,2013-12-01,1,exited,6484,0.029568016927279277,0.028867240276874286,0.030285274996753587,219291,wilson_95,False
2013-09-01,2013-12-01,2,1,1493,0.11657687202311236,0.11113353515898279,0.12225015539961732,12807,wilson_95,False
2013-09-01,2013-12-01,2,2,10284,0.8029983602717264,0.7960195640884365,0.8097954422830843,12807,wilson_95,False
2013-09-01,2013-12-01,2,3,718,0.05606309049738424,0.05221044505376173,0.06018197377750207,12807,wilson_95,False
2013-09-01,2013-12-01,2,exited,312,0.024361677207776995,0.02183082686376329,0.027177777359373368,12807,wilson_95,False
2013-09-01,2013-12-01,3,2,581,0.08116792400111764,0.07506379921123983,0.08772135395419588,7158,wilson_95,False
2013-09-01,2013-12-01,3,3,5975,0.8347303716121822,0.8259468383589196,0.8431548204188043,7158,wilson_95,False
2013-09-01,2013-12-01,3,exited,602,0.0841017043867002,0.0778931222525309,0.09075644444977132,7158,wilson_95,False
2013-12-01,2014-03-01,1,1,216473,0.9692227789045745,0.9684983865143801,0.9699310307692071,223347,wilson_95,False
2013-12-01,2014-03-01,1,2,1609,0.007204036767899278,0.006861680606476553,0.007563344335346674,223347,wilson_95,False
2013-12-01,2014-03-01,1,3,69,0.000308936318822281,0.00024414340562740097,0.0003909178186520942,223347,wilson_95,False
2013-12-01,2014-03-01,1,exited,5196,0.023264248008703945,0.02264723924113321,0.023897655736293495,223347,wilson_95,False
2013-12-01,2014-03-01,2,1,1631,0.12816281628162815,0.12246716165705651,0.13408288803407648,12726,wilson_95,False
2013-12-01,2014-03-01,2,2,10239,0.8045733144743046,0.797592502172173,0.8113703058153943,12726,wilson_95,False
2013-12-01,2014-03-01,2,3,625,0.049112054062549114,0.045491643586061614,0.05300459164802994,12726,wilson_95,False
2013-12-01,2014-03-01,2,exited,231,0.018151815181518153,0.01597357119453397,0.020620871896342527,12726,wilson_95,False
2013-12-01,2014-03-01,3,2,548,0.08086173823225616,0.07460598615529869,0.0875923878223132,6777,wilson_95,False
2013-12-01,2014-03-01,3,3,5715,0.8432934926958832,0.8344443741026396,0.8517536484078644,6777,wilson_95,False
2013-12-01,2014-03-01,3,exited,514,0.0758447690718607,0.06977901455145413,0.08239110549735604,6777,wilson_95,False
2014-03-01,2014-06-01,1,1,221534,0.9648021043829699,0.9640405495274967,0.9655481072884685,229616,wilson_95,False
2014-03-01,2014-06-01,1,2,1665,0.0072512368476064385,0.0069123507967340835,0.007606609923908059,229616,wilson_95,False
2014-03-01,2014-06-01,1,3,70,0.0003048568044038743,0.00024132440851852802,0.0003851086466862862,229616,wilson_95,False
2014-03-01,2014-06-01,1,exited,6347,0.02764180196501986,0.026979094612985203,0.028320314088583324,229616,wilson_95,False
2014-03-01,2014-06-01,2,1,1330,0.10687022900763359,0.1015630670326626,0.1124200146566953,12445,wilson_95,False
2014-03-01,2014-06-01,2,2,10362,0.8326235435918039,0.8259623450817006,0.8390794604056582,12445,wilson_95,False
2014-03-01,2014-06-01,2,3,524,0.042105263157894736,0.03871587681674376,0.04577724347079964,12445,wilson_95,False
2014-03-01,2014-06-01,2,exited,229,0.01840096424266774,0.016184039084603086,0.020915112699794798,12445,wilson_95,False
2014-03-01,2014-06-01,3,2,627,0.09783117491028241,0.09079690653528055,0.10534726245716608,6409,wilson_95,False
2014-03-01,2014-06-01,3,3,5177,0.8077703229833048,0.7979397588391992,0.8172321622713341,6409,wilson_95,False
2014-03-01,2014-06-01,3,exited,605,0.09439850210641286,0.0874812847635911,0.10180165114169118,6409,wilson_95,False
2014-06-01,2014-09-01,1,1,226649,0.9629354258984676,0.9621646227208278,0.9636911184359593,235373,wilson_95,False
2014-06-01,2014-09-01,1,2,1793,0.007617696167359893,0.0072743891753535754,0.007977074972824905,235373,wilson_95,False
2014-06-01,2014-09-01,1,3,71,0.00030164887221558975,0.0002391778890540773,0.00038043047138103025,235373,wilson_95,False
2014-06-01,2014-09-01,1,exited,6860,0.02914522906195698,0.028473311294083314,0.02983251596471983,235373,wilson_95,False
2014-06-01,2014-09-01,2,1,1367,0.1076462713599496,0.1023739035925184,0.11315594204840089,12699,wilson_95,False
2014-06-01,2014-09-01,2,2,10453,0.8231356799748012,0.8164020493847988,0.8296738720226249,12699,wilson_95,False
2014-06-01,2014-09-01,2,3,614,0.048350263800299234,0.044754116990584736,0.05221957687263504,12699,wilson_95,False
2014-06-01,2014-09-01,2,exited,265,0.020867784864949997,0.018522715039395357,0.023502642873735283,12699,wilson_95,False
2014-06-01,2014-09-01,3,2,381,0.06597402597402598,0.05985584115669474,0.07266924441244314,5775,wilson_95,False
2014-06-01,2014-09-01,3,3,4787,0.8289177489177489,0.8189873859403171,0.8384108187121556,5775,wilson_95,False
2014-06-01,2014-09-01,3,exited,607,0.10510822510822511,0.09745901531225322,0.11328243996020597,5775,wilson_95,False
2014-09-01,2014-12-01,1,1,232811,0.9641324874105487,0.9633833637825062,0.9648668439643615,241472,wilson_95,False
2014-09-01,2014-12-01,1,2,1600,0.0066260270341902995,0.006310191217131439,0.00695756028738936,241472,wilson_95,False
2014-09-01,2014-12-01,1,3,42,0.00017393320964749536,0.00012868949068019485,0.000235079647839088,241472,wilson_95,False
2014-09-01,2014-12-01,1,exited,7019,0.02906755234561357,0.028404947897265456,0.02974514021916947,241472,wilson_95,False
2014-09-01,2014-12-01,2,1,1428,0.112680501854336,0.10729225830870992,0.11830348398329321,12673,wilson_95,False
2014-09-01,2014-12-01,2,2,10382,0.8192219679633868,0.8124254401454145,0.825825028339398,12673,wilson_95,False
2014-09-01,2014-12-01,2,3,581,0.04584549830347984,0.04233969163455061,0.04962654953110567,12673,wilson_95,False
2014-09-01,2014-12-01,2,exited,282,0.022252031878797443,0.019825045860401458,0.024968561495599936,12673,wilson_95,False
2014-09-01,2014-12-01,3,2,433,0.07907231555880205,0.07221651835340202,0.08651826719783749,5476,wilson_95,False
2014-09-01,2014-12-01,3,3,4574,0.835281227173119,0.825222461268581,0.8448699177890868,5476,wilson_95,False
2014-09-01,2014-12-01,3,exited,469,0.08564645726807889,0.07852195672787568,0.09335189507939651,5476,wilson_95,False
2014-12-01,2015-03-01,1,1,235966,0.9586735896123313,0.9578800691127076,0.9594527933611239,246138,wilson_95,False
2014-12-01,2015-03-01,1,2,1659,0.006740121395314823,0.006424491184792134,0.007071147911482506,246138,wilson_95,False
2014-12-01,2015-03-01,1,3,52,0.00021126360009425608,0.00016112170021255514,0.0002770055933087128,246138,wilson_95,False
2014-12-01,2015-03-01,1,exited,8461,0.034375025392259624,0.0336625064779591,0.03510207803357902,246138,wilson_95,False
2014-12-01,2015-03-01,2,1,1577,0.12642295975629309,0.12070585074100812,0.13237008945603526,12474,wilson_95,False
2014-12-01,2015-03-01,2,2,10174,0.815616482283149,0.8087143385125563,0.8223242931278388,12474,wilson_95,False
2014-12-01,2015-03-01,2,3,509,0.04080487413820747,0.03747209986578094,0.044420386282001095,12474,wilson_95,False
2014-12-01,2015-03-01,2,exited,214,0.017155683822350488,0.015021116813597255,0.019587550097731526,12474,wilson_95,False
2014-12-01,2015-03-01,3,2,405,0.07789959607616849,0.07092201640579229,0.08550048181216496,5199,wilson_95,False
2014-12-01,2015-03-01,3,3,4339,0.8345835737641855,0.8242374534871668,0.8444356220880729,5199,wilson_95,False
2014-12-01,2015-03-01,3,exited,455,0.08751683015964609,0.08013667498050281,0.09550608985358669,5199,wilson_95,False
2015-03-01,2015-06-01,1,1,238456,0.9560650163984379,0.9552536333787387,0.9568623510648211,249414,wilson_95,False
2015-03-01,2015-06-01,1,2,1612,0.006463149622715645,0.0061561751701483544,0.006785326688505234,249414,wilson_95,False
2015-03-01,2015-06-01,1,3,49,0.00019646050342001653,0.00014862016226434928,0.00025969649313220674,249414,wilson_95,False
2015-03-01,2015-06-01,1,exited,9297,0.0372753734754264,0.0365390252909866,0.03802597515181945,249414,wilson_95,False
2015-03-01,2015-06-01,2,1,1264,0.1028897028897029,0.09764083113085532,0.10838684587228374,12285,wilson_95,False
2015-03-01,2015-06-01,2,2,10267,0.8357346357346357,0.8290779626822736,0.8421814092969316,12285,wilson_95,False
2015-03-01,2015-06-01,2,3,459,0.03736263736263736,0.034151068344770476,0.040863444773470946,12285,wilson_95,False
2015-03-01,2015-06-01,2,exited,295,0.024013024013024013,0.02145104250013187,0.026872590025409926,12285,wilson_95,False
2015-03-01,2015-06-01,3,2,535,0.10911686722414848,0.10069376191313405,0.11815200024009849,4903,wilson_95,False
2015-03-01,2015-06-01,3,3,3864,0.7880889251478687,0.7764268115724445,0.7992999616905657,4903,wilson_95,False
2015-03-01,2015-06-01,3,exited,504,0.10279420762798287,0.09460225208104905,0.11160809062357938,4903,wilson_95,False
2015-06-01,2015-09-01,1,1,243811,0.9612633853238499,0.9605053989225605,0.9620073997537801,253636,wilson_95,False
2015-06-01,2015-09-01,1,2,1532,0.006040152028891798,0.005745998494512331,0.00634926793199176,253636,wilson_95,False
2015-06-01,2015-09-01,1,3,58,0.00022867416297371035,0.00017691507203581398,0.00029557165611943445,253636,wilson_95,False
2015-06-01,2015-09-01,1,exited,8235,0.03246778848428457,0.03178507240274299,0.033164666424054384,253636,wilson_95,False
2015-06-01,2015-09-01,2,1,1208,0.09684919425960074,0.09178235421538135,0.10216428418723701,12473,wilson_95,False
2015-06-01,2015-09-01,2,2,10486,0.8406959031508058,0.834168765695727,0.847013248843017,12473,wilson_95,False
2015-06-01,2015-09-01,2,3,464,0.037200352761965844,0.03401902897976002,0.040666656647984696,12473,wilson_95,False
2015-06-01,2015-09-01,2,exited,315,0.025254549827627676,0.02264380874602692,0.028157626930835854,12473,wilson_95,False
2015-06-01,2015-09-01,3,2,444,0.10150891632373114,0.09290579019992552,0.11081137662980685,4374,wilson_95,False
2015-06-01,2015-09-01,3,3,3532,0.807498856881573,0.7955469160966449,0.8189111508075493,4374,wilson_95,False
2015-06-01,2015-09-01,3,exited,398,0.09099222679469593,0.08282426360561373,0.0998779804898488,4374,wilson_95,False
2015-09-01,2015-12-01,1,1,248760,0.9645673871065304,0.963846942395402,0.9652739923159562,257898,wilson_95,False
2015-09-01,2015-12-01,1,2,1600,0.006204003133021582,0.005908225136985904,0.006514491353513654,257898,wilson_95,False
2015-09-01,2015-12-01,1,3,64,0.00024816012532086326,0.00019435977659270072,0.000316848123571693,257898,wilson_95,False
2015-09-01,2015-12-01,1,exited,7474,0.028980449635127067,0.028340005533312337,0.029634925449133025,257898,wilson_95,False
2015-09-01,2015-12-01,2,1,1343,0.10734553592838303,0.10204135469259763,0.11289076951140846,12511,wilson_95,False
2015-09-01,2015-12-01,2,2,10383,0.8299096794820557,0.8232251376644,0.8363916882588498,12511,wilson_95,False
2015-09-01,2015-12-01,2,3,492,0.039325393653584846,0.03605852703664388,0.04287507049003073,12511,wilson_95,False
2015-09-01,2015-12-01,2,exited,293,0.02341939093597634,0.020912061752872035,0.02621929510542542,12511,wilson_95,False
2015-09-01,2015-12-01,3,2,372,0.09169336948484101,0.08319505464559641,0.10096418092275651,4057,wilson_95,False
2015-09-01,2015-12-01,3,3,3326,0.8198175992112399,0.8076901705860858,0.8313399482488445,4057,wilson_95,False
2015-09-01,2015-12-01,3,exited,359,0.08848903130391915,0.08013458396250894,0.09762203769844197,4057,wilson_95,False
2015-12-01,2016-03-01,1,1,253039,0.9656539675391831,0.9649498217199155,0.9663444607012666,262039,wilson_95,False
2015-12-01,2016-03-01,1,2,1633,0.006231896778723778,0.005937737590635496,0.006540532911306612,262039,wilson_95,False
2015-12-01,2016-03-01,1,3,44,0.00016791393647510485,0.0001250931429464345,0.00022538946634524792,262039,wilson_95,False
2015-12-01,2016-03-01,1,exited,7323,0.02794622174561802,0.0273220468798978,0.028584236906613786,262039,wilson_95,False
2015-12-01,2016-03-01,2,1,1592,0.12829398017567895,0.12252486480400744,0.1342931626715132,12409,wilson_95,False
2015-12-01,2016-03-01,2,2,10092,0.8132806833749697,0.8063277316085854,0.8200397303293904,12409,wilson_95,False
2015-12-01,2016-03-01,2,3,449,0.03618341526311548,0.03303860036673873,0.03961530903930111,12409,wilson_95,False
2015-12-01,2016-03-01,2,exited,276,0.022241921186235795,0.019791300253417958,0.02498825007473897,12409,wilson_95,False
2015-12-01,2016-03-01,3,2,345,0.08887171561051005,0.08032192842755252,0.09823436785306484,3882,wilson_95,False
2015-12-01,2016-03-01,3,3,3129,0.8060278207109737,0.7932893418695597,0.8181612345832139,3882,wilson_95,False
2015-12-01,2016-03-01,3,exited,408,0.10510046367851623,0.09584033438913957,0.11514137124882186,3882,wilson_95,False
2016-03-01,2016-06-01,1,1,254712,0.9574955172374906,0.9567222725790162,0.9582555491193442,266019,wilson_95,False
2016-03-01,2016-06-01,1,2,1522,0.005721395840146757,0.005441832988828144,0.006015233788245916,266019,wilson_95,False
2016-03-01,2016-06-01,1,3,39,0.00014660606949127694,0.00010725341471165033,0.00020039482470978623,266019,wilson_95,False
2016-03-01,2016-06-01,1,exited,9746,0.03663648085287141,0.03592923533065295,0.03735710862353181,266019,wilson_95,False
2016-03-01,2016-06-01,2,1,1315,0.10850730258272134,0.1030934815909256,0.11416923423089079,12119,wilson_95,False
2016-03-01,2016-06-01,2,2,10097,0.8331545507055037,0.826411233129937,0.8396867297469554,12119,wilson_95,False
2016-03-01,2016-06-01,2,3,401,0.03308853865830514,0.030049020439859502,0.036423964590754455,12119,wilson_95,False
2016-03-01,2016-06-01,2,exited,306,0.02524960805346976,0.022603325022698854,0.028196766763752924,12119,wilson_95,False
2016-03-01,2016-06-01,3,2,368,0.10160132523467698,0.0921804128071896,0.11186641803833992,3622,wilson_95,False
2016-03-01,2016-06-01,3,3,2859,0.7893429044726671,0.7757599534807662,0.8023127570347468,3622,wilson_95,False
2016-03-01,2016-06-01,3,exited,395,0.10905577029265599,0.09931554898708364,0.11962437649958982,3622,wilson_95,False
2016-06-01,2016-09-01,1,1,255654,0.9511680600046879,0.9503468296741103,0.951976394098926,268779,wilson_95,False
2016-06-01,2016-09-01,1,2,1631,0.006068182410084121,0.005781557612906451,0.006368925807446269,268779,wilson_95,False
2016-06-01,2016-09-01,1,3,44,0.00016370326550809401,0.00012195620586186233,0.00021973769960555514,268779,wilson_95,False
2016-06-01,2016-09-01,1,exited,11450,0.042600054319719916,0.04184308100159458,0.04337010200707494,268779,wilson_95,False
2016-06-01,2016-09-01,2,1,1281,0.10646609042553191,0.10108001602631604,0.1121033719070859,12032,wilson_95,False
2016-06-01,2016-09-01,2,2,9999,0.8310339095744681,0.8242329070015805,0.8376236011000585,12032,wilson_95,False
2016-06-01,2016-09-01,2,3,430,0.035738031914893616,0.03256645677475546,0.039205962442981204,12032,wilson_95,False
2016-06-01,2016-09-01,2,exited,322,0.026761968085106384,0.02402583280522549,0.02980018850265002,12032,wilson_95,False
2016-06-01,2016-09-01,3,2,302,0.09140435835351089,0.08204666437401584,0.1017110720192515,3304,wilson_95,False
2016-06-01,2016-09-01,3,3,2716,0.8220338983050848,0.8086202038457206,0.8346996246561782,3304,wilson_95,False
2016-06-01,2016-09-01,3,exited,286,0.08656174334140436,0.07744736660691874,0.09663638740286142,3304,wilson_95,False
2016-09-01,2016-12-01,1,1,256792,0.9516277863217774,0.9508118269459287,0.9524308873171041,269845,wilson_95,False
2016-09-01,2016-12-01,1,2,1858,0.006885434230762104,0.006580376083468977,0.007204531936558031,269845,wilson_95,False
2016-09-01,2016-12-01,1,3,55,0.00020382071189015916,0.0001566075353418844,0.0002652636804293587,269845,wilson_95,False
2016-09-01,2016-12-01,1,exited,11140,0.04128295873557042,0.04053884335960566,0.04204013433158162,269845,wilson_95,False
2016-09-01,2016-12-01,2,1,1361,0.11361549378078303,0.10805605260804181,0.11942266921166265,11979,wilson_95,False
2016-09-01,2016-12-01,2,2,9768,0.8154269972451791,0.8083789811455068,0.8222727741973143,11979,wilson_95,False
2016-09-01,2016-12-01,2,3,469,0.03915184906920444,0.03582371112046141,0.04277546438038733,11979,wilson_95,False
2016-09-01,2016-12-01,2,exited,381,0.03180565990483346,0.02881020334466443,0.03510130390948106,11979,wilson_95,False
2016-09-01,2016-12-01,3,2,323,0.10122218740206831,0.09123175522893376,0.11217159582829486,3191,wilson_95,False
2016-09-01,2016-12-01,3,3,2569,0.8050767784393607,0.7909686289425065,0.8184512828420024,3191,wilson_95,False
2016-09-01,2016-12-01,3,exited,299,0.09370103415857098,0.0840728784131792,0.10430625293903839,3191,wilson_95,False
2016-12-01,2017-03-01,1,1,261162,0.9673060754327029,0.9666286023024753,0.9679702508989203,269989,wilson_95,False
2016-12-01,2017-03-01,1,2,1543,0.005715047650089448,0.005437653793233739,0.0060065068820112635,269989,wilson_95,False
2016-12-01,2017-03-01,1,3,47,0.0001740811662697369,0.0001309237153868086,0.00023146166598863398,269989,wilson_95,False
2016-12-01,2017-03-01,1,exited,7237,0.026804795750938002,0.026202265498582046,0.027420791248383064,269989,wilson_95,False
2016-12-01,2017-03-01,2,1,1525,0.12705157044072315,0.12121282778642167,0.13312895471269043,12003,wilson_95,False
2016-12-01,2017-03-01,2,2,9703,0.8083812380238273,0.8012420751785964,0.8153230743979784,12003,wilson_95,False
2016-12-01,2017-03-01,2,3,466,0.038823627426476714,0.035512746478911714,0.04242960514039684,12003,wilson_95,False
2016-12-01,2017-03-01,2,exited,309,0.025743564108972758,0.023058509746517106,0.028732084886833802,12003,wilson_95,False
2016-12-01,2017-03-01,3,2,277,0.08949919224555736,0.07994445056725805,0.10007168327941776,3095,wilson_95,False
2016-12-01,2017-03-01,3,3,2606,0.8420032310177706,0.8287303692281247,0.8544281686099657,3095,wilson_95,False
2016-12-01,2017-03-01,3,exited,212,0.06849757673667205,0.06012280574643632,0.0779421661167951,3095,wilson_95,False
2017-03-01,2017-06-01,1,1,265582,0.9640839855377601,0.9633826121413266,0.9647724159942649,275476,wilson_95,False
2017-03-01,2017-06-01,1,2,1790,0.006497843732303358,0.006204611311565822,0.006804839542777051,275476,wilson_95,False
2017-03-01,2017-06-01,1,3,29,0.00010527232862390916,7.330193347881566e-05,0.00015118439732930743,275476,wilson_95,False
2017-03-01,2017-06-01,1,exited,8075,0.029312898401312636,0.028689526911047047,0.029949396987257158,275476,wilson_95,False
2017-03-01,2017-06-01,2,1,1260,0.10874255631310951,0.10320323871337585,0.11454121649181868,11587,wilson_95,False
2017-03-01,2017-06-01,2,2,9583,0.8270475532924829,0.8200530675358505,0.8338252575992361,11587,wilson_95,False
2017-03-01,2017-06-01,2,3,402,0.03469405368084923,0.0315131161911775,0.03818341634192193,11587,wilson_95,False
2017-03-01,2017-06-01,2,exited,342,0.0295158367135583,0.026586675669286988,0.032756855278351246,11587,wilson_95,False
2017-03-01,2017-06-01,3,2,380,0.12183392112856685,0.11081751211200137,0.13378070681556153,3119,wilson_95,False
2017-03-01,2017-06-01,3,3,2468,0.7912792561718499,0.7766629688279674,0.805178928674626,3119,wilson_95,False
2017-03-01,2017-06-01,3,exited,271,0.0868868226995832,0.07750295192861899,0.09728704814612864,3119,wilson_95,False
2017-06-01,2017-09-01,1,1,267845,0.9602450758960901,0.9595136382395304,0.9609638368036133,278934,wilson_95,False
2017-06-01,2017-09-01,1,2,2203,0.00789792567417382,0.007576137639910041,0.008233267909934346,278934,wilson_95,False
2017-06-01,2017-09-01,1,3,46,0.00016491356378211332,0.000123649931732181,0.0002199443913594856,278934,wilson_95,False
2017-06-01,2017-09-01,1,exited,8840,0.03169208486595396,0.031048407748147596,0.032348660811413,278934,wilson_95,False
2017-06-01,2017-09-01,2,1,1174,0.09944096222259868,0.09417252802603646,0.10496998095863067,11806,wilson_95,False
2017-06-01,2017-09-01,2,2,9879,0.8367779095375233,0.8300021493726019,0.8433345781124825,11806,wilson_95,False
2017-06-01,2017-09-01,2,3,395,0.03345756395053363,0.030362496331471114,0.036856141750056984,11806,wilson_95,False
2017-06-01,2017-09-01,2,exited,358,0.0303235642893444,0.027379925951013392,0.033572751638324544,11806,wilson_95,False
2017-06-01,2017-09-01,3,2,309,0.1065884787857882,0.09587123081964022,0.11834696457340854,2899,wilson_95,False
2017-06-01,2017-09-01,3,3,2364,0.8154536046912728,0.8009179688715985,0.8291543330249881,2899,wilson_95,False
2017-06-01,2017-09-01,3,exited,226,0.07795791652293894,0.06874736234857645,0.08828548470394013,2899,wilson_95,False
2017-09-01,2017-12-01,1,1,269993,0.9589386050278099,0.958199363035312,0.9596653238830136,281554,wilson_95,False
2017-09-01,2017-12-01,1,2,2761,0.009806289379657189,0.009448936618293036,0.010177018141801535,281554,wilson_95,False
2017-09-01,2017-12-01,1,3,79,0.00028058560702387466,0.00022516528357332014,0.0003496418607852017,281554,wilson_95,False
2017-09-01,2017-12-01,1,exited,8721,0.030974519985508996,0.030340954679077128,0.03162088367154199,281554,wilson_95,False
2017-09-01,2017-12-01,2,1,1278,0.10254352884538233,0.0973394546707467,0.10799254279437895,12463,wilson_95,False
2017-09-01,2017-12-01,2,2,10253,0.8226751183503169,0.815870415377672,0.8292809669164628,12463,wilson_95,False
2017-09-01,2017-12-01,2,3,532,0.042686351600738186,0.039275995605207156,0.046378535444047644,12463,wilson_95,False
2017-09-01,2017-12-01,2,exited,400,0.03209500120356255,0.029141930631040994,0.035336426736049004,12463,wilson_95,False
2017-09-01,2017-12-01,3,2,254,0.0904880655504097,0.08042750521883317,0.10166795136214397,2807,wilson_95,False
2017-09-01,2017-12-01,3,3,2368,0.8436052725329534,0.8296994953874007,0.8565718679250375,2807,wilson_95,False
2017-09-01,2017-12-01,3,exited,185,0.06590666191663698,0.057308211813887705,0.07569162624084971,2807,wilson_95,False
2017-12-01,2018-03-01,1,1,275824,0.9687382562121345,0.9680926929055443,0.9693711714237884,284725,wilson_95,False
2017-12-01,2018-03-01,1,2,1844,0.006476424620247607,0.006188369599273691,0.006777796525328869,284725,wilson_95,False
2017-12-01,2018-03-01,1,3,37,0.0001299499517077882,9.428538135909876e-05,0.0001791026548576399,284725,wilson_95,False
2017-12-01,2018-03-01,1,exited,7020,0.02465536921591009,0.024092149985263475,0.02523141480313821,284725,wilson_95,False
2017-12-01,2018-03-01,2,1,1492,0.11180217309853878,0.10656699857507106,0.1172607746468798,13345,wilson_95,False
2017-12-01,2018-03-01,2,2,10962,0.821431247658299,0.8148410628319855,0.8278364329241079,13345,wilson_95,False
2017-12-01,2018-03-01,2,3,545,0.04083926564256276,0.03761134048662787,0.04433146048190874,13345,wilson_95,False
2017-12-01,2018-03-01,2,exited,346,0.025927313600599477,0.023364408804971336,0.028763070644632405,13345,wilson_95,False
2017-12-01,2018-03-01,3,2,286,0.09600537092984222,0.08594070244969892,0.10711061012269663,2979,wilson_95,False
2017-12-01,2018-03-01,3,3,2504,0.8405505203088285,0.8269667075000399,0.8532571756701345,2979,wilson_95,False
2017-12-01,2018-03-01,3,exited,189,0.0634441087613293,0.05524054707858547,0.0727721093405258,2979,wilson_95,False
2018-03-01,2018-06-01,1,1,278379,0.9662414744624356,0.9655757444354467,0.966894771358837,288105,wilson_95,False
2018-03-01,2018-06-01,1,2,1698,0.005893684594158379,0.005620696443092828,0.006179848939707,288105,wilson_95,False
2018-03-01,2018-06-01,1,3,32,0.00011107061661547006,7.868194411530483e-05,0.00015678968694323277,288105,wilson_95,False
2018-03-01,2018-06-01,1,exited,7996,0.02775377032679058,0.0271602166907966,0.028359917220494614,288105,wilson_95,False
2018-03-01,2018-06-01,2,1,1295,0.09851654621529099,0.0935387378508226,0.10372894287557753,13145,wilson_95,False
2018-03-01,2018-06-01,2,2,10995,0.8364397109166983,0.830018566418595,0.8426642724231853,13145,wilson_95,False
2018-03-01,2018-06-01,2,3,411,0.031266641308482314,0.028425705443649123,0.03438145984213287,13145,wilson_95,False
2018-03-01,2018-06-01,2,exited,444,0.03377710155952834,0.03082247096865302,0.03700414794783077,13145,wilson_95,False
2018-03-01,2018-06-01,3,2,429,0.1390149060272197,0.1272568913159335,0.15167051331201611,3086,wilson_95,False
2018-03-01,2018-06-01,3,3,2417,0.7832145171743357,0.7683291524670405,0.7973956665232395,3086,wilson_95,False
2018-03-01,2018-06-01,3,exited,240,0.07777057679844458,0.0688379977571684,0.0877530329701372,3086,wilson_95,False
2018-06-01,2018-09-01,1,1,283138,0.9670376960883094,0.9663848462218547,0.9676782908322119,292789,wilson_95,False
2018-06-01,2018-09-01,1,2,2001,0.006834273145507516,0.0065422554551652036,0.00713923156091708,292789,wilson_95,False
2018-06-01,2018-09-01,1,3,28,9.563200803308868e-05,6.616863680471373e-05,0.00013821292704274262,292789,wilson_95,False
2018-06-01,2018-09-01,1,exited,7622,0.02603239875815007,0.02546182095602833,0.02661541352432764,292789,wilson_95,False
2018-06-01,2018-09-01,2,1,1166,0.08852782628502012,0.08379581240038954,0.09349979044398653,13171,wilson_95,False
2018-06-01,2018-09-01,2,2,11230,0.8526307797433756,0.8464742467767623,0.8585816758340497,13171,wilson_95,False
2018-06-01,2018-09-01,2,3,383,0.029079037278870245,0.026343885513270014,0.032088806920025054,13171,wilson_95,False
2018-06-01,2018-09-01,2,exited,392,0.029762356692734037,0.02699455823463932,0.032804374548208406,13171,wilson_95,False
2018-06-01,2018-09-01,3,2,417,0.14570230607966456,0.13325154385347163,0.1591028905629631,2862,wilson_95,False
2018-06-01,2018-09-01,3,3,2271,0.7935010482180294,0.7782821885096272,0.8079330729205454,2862,wilson_95,False
2018-06-01,2018-09-01,3,exited,174,0.06079664570230608,0.052616918960381925,0.07015381482803859,2862,wilson_95,False
2018-09-01,2018-12-01,1,1,288136,0.9709231209879872,0.9703124820343582,0.9715215684206459,296765,wilson_95,False
2018-09-01,2018-12-01,1,2,2033,0.006850538304719223,0.0065600909124346705,0.007153752625905323,296765,wilson_95,False
2018-09-01,2018-12-01,1,3,30,0.00010109008811686015,7.081479396567764e-05,0.0001443070446575078,296765,wilson_95,False
2018-09-01,2018-12-01,1,exited,6566,0.02212525061917679,0.021602194339355976,0.02266067838760923,296765,wilson_95,False
2018-09-01,2018-12-01,2,1,1662,0.1211635197200554,0.11580848992791541,0.12673067713470887,13717,wilson_95,False
2018-09-01,2018-12-01,2,2,11127,0.811183203324342,0.8045470662787736,0.8176450948668413,13717,wilson_95,False
2018-09-01,2018-12-01,2,3,425,0.030983451191951592,0.028212523836763977,0.03401700205516201,13717,wilson_95,False
2018-09-01,2018-12-01,2,exited,503,0.036669825763650944,0.03365202280535843,0.039947068172512985,13717,wilson_95,False
2018-09-01,2018-12-01,3,2,349,0.1300782705926202,0.117876682546103,0.1433376352978481,2683,wilson_95,False
2018-09-01,2018-12-01,3,3,2117,0.7890421170331718,0.7731965592892638,0.8040611701938756,2683,wilson_95,False
2018-09-01,2018-12-01,3,exited,217,0.08087961237420797,0.07115205521307504,0.09180562782523531,2683,wilson_95,False
2018-12-01,2019-03-01,1,1,294746,0.9727815494087322,0.9721961378373154,0.9733549729287587,302993,wilson_95,False
2018-12-01,2019-03-01,1,2,2087,0.006887947906387276,0.006599641610988934,0.007188757762106482,302993,wilson_95,False
2018-12-01,2019-03-01,1,3,33,0.0001089134072404313,7.75570506829914e-05,0.00015294521621996588,302993,wilson_95,False
2018-12-01,2019-03-01,1,exited,6127,0.02022158927764008,0.019726447156229777,0.02072889686585178,302993,wilson_95,False
2018-12-01,2019-03-01,2,1,1925,0.14174213975406819,0.13597742050129116,0.14770947201804543,13581,wilson_95,False
2018-12-01,2019-03-01,2,2,10879,0.8010455783815624,0.7942467624752809,0.8076741377271015,13581,wilson_95,False
2018-12-01,2019-03-01,2,3,424,0.03122008688609086,0.02842515168433497,0.03428014093191341,13581,wilson_95,False
2018-12-01,2019-03-01,2,exited,353,0.02599219497827848,0.02344726319077638,0.02880520224817736,13581,wilson_95,False
2018-12-01,2019-03-01,3,2,309,0.12009327633113097,0.10809575230704774,0.13322350181007725,2573,wilson_95,False
2018-12-01,2019-03-01,3,3,2099,0.8157792460163233,0.8003332286106721,0.8302837596551447,2573,wilson_95,False
2018-12-01,2019-03-01,3,exited,165,0.06412747765254567,0.055296197472809006,0.07425832272397431,2573,wilson_95,False
2019-03-01,2019-06-01,1,1,296472,0.9589225414979364,0.9582172338448962,0.9596164450772511,309172,wilson_95,False
2019-03-01,2019-06-01,1,2,2974,0.009619241069695833,0.009281233781975264,0.009969434157464702,309172,wilson_95,False
2019-03-01,2019-06-01,1,3,44,0.0001423156042591179,0.00010602250759065024,0.00019102999944660008,309172,wilson_95,False
2019-03-01,2019-06-01,1,exited,9682,0.031315901828108623,0.03070776752470056,0.03193568277670439,309172,wilson_95,False
2019-03-01,2019-06-01,2,1,1536,0.11522016352861751,0.10991066573663665,0.12075135362963753,13331,wilson_95,False
2019-03-01,2019-06-01,2,2,10852,0.8140424574300502,0.8073477111508257,0.8205562669996945,13331,wilson_95,False
2019-03-01,2019-06-01,2,3,395,0.029630185282424424,0.02688450513159226,0.03264687072106822,13331,wilson_95,False
2019-03-01,2019-06-01,2,exited,548,0.04110719375890781,0.03786704478320104,0.04461173550204744,13331,wilson_95,False
2019-03-01,2019-06-01,3,2,316,0.12358232303480642,0.11138799138792406,0.136905965518533,2557,wilson_95,False
2019-03-01,2019-06-01,3,3,2027,0.7927258506061791,0.7765809187819956,0.8079925599250346,2557,wilson_95,False
2019-03-01,2019-06-01,3,exited,214,0.08369182635901447,0.07357261832427367,0.09506002284655599,2557,wilson_95,False
2019-06-01,2019-09-01,1,1,296223,0.9507735267685197,0.9500083004574865,0.9515276373612945,311560,wilson_95,False
2019-06-01,2019-09-01,1,2,1961,0.006294132751315958,0.006022456078065765,0.006577983820347707,311560,wilson_95,False
2019-06-01,2019-09-01,1,3,31,9.949929387597895e-05,7.010088806193716e-05,0.00014122485022787133,311560,wilson_95,False
2019-06-01,2019-09-01,1,exited,13345,0.042832841186288356,0.042127476321705756,0.04354947943103299,311560,wilson_95,False
2019-06-01,2019-09-01,2,1,1352,0.09475749929913092,0.0900602941390105,0.09967285744018649,14268,wilson_95,False
2019-06-01,2019-09-01,2,2,11876,0.8323521166246145,0.8261334153298735,0.8383919038004358,14268,wilson_95,False
2019-06-01,2019-09-01,2,3,403,0.02824502382954864,0.02565098860565073,0.031093017495970633,14268,wilson_95,False
2019-06-01,2019-09-01,2,exited,637,0.044645360246705915,0.041377434757072604,0.04815841543490987,14268,wilson_95,False
2019-06-01,2019-09-01,3,2,247,0.10016220600162205,0.08892788292167313,0.1126403015634981,2466,wilson_95,False
2019-06-01,2019-09-01,3,3,1998,0.8102189781021898,0.7942642675054081,0.825208692807821,2466,wilson_95,False
2019-06-01,2019-09-01,3,exited,221,0.08961881589618816,0.07897419825353875,0.10154000326673841,2466,wilson_95,False
2019-09-01,2019-12-01,1,1,294038,0.9472049789483518,0.9464127708203325,0.9479861191070742,310427,wilson_95,False
2019-09-01,2019-12-01,1,2,2286,0.007364050163162354,0.007069325287095171,0.007670967389100436,310427,wilson_95,False
2019-09-01,2019-12-01,1,3,46,0.00014818298666030984,0.00011110537479301009,0.00019763153540026303,310427,wilson_95,False
2019-09-01,2019-12-01,1,exited,14057,0.04528278790182555,0.044556968516152005,0.04601986117862105,310427,wilson_95,False
2019-09-01,2019-12-01,2,1,1523,0.10758688895168127,0.10258857974876995,0.11279811562420927,14156,wilson_95,False
2019-09-01,2019-12-01,2,2,11573,0.8175332014693416,0.811084915419431,0.8238091987657102,14156,wilson_95,False
2019-09-01,2019-12-01,2,3,405,0.028609776773099747,0.025988859075752838,0.03148646373682865,14156,wilson_95,False
2019-09-01,2019-12-01,2,exited,655,0.04627013280587736,0.04293099074308843,0.0498554618906911,14156,wilson_95,False
2019-09-01,2019-12-01,3,2,279,0.1147203947368421,0.10265778439602227,0.1279982202409577,2432,wilson_95,False
2019-09-01,2019-12-01,3,3,1980,0.8141447368421053,0.7981937418051238,0.829104884083187,2432,wilson_95,False
2019-09-01,2019-12-01,3,exited,173,0.07113486842105263,0.061580819193848446,0.08204160645862765,2432,wilson_95,False
2019-12-01,2020-03-01,1,1,292891,0.9489114235728634,0.9481290689234498,0.9496826044175342,308660,wilson_95,False
2019-12-01,2020-03-01,1,2,2387,0.007733428367783322,0.0074304607180237636,0.008048648970495138,308660,wilson_95,False
2019-12-01,2020-03-01,1,3,34,0.00011015356703168535,7.883208502621664e-05,0.00015391775208186136,308660,wilson_95,False
2019-12-01,2020-03-01,1,exited,13348,0.04324499449232165,0.04253307123971456,0.04396828678340445,308660,wilson_95,False
2019-12-01,2020-03-01,2,1,1787,0.12557093668751318,0.12022753846982448,0.13111642410052543,14231,wilson_95,False
2019-12-01,2020-03-01,2,2,11535,0.8105544234417821,0.8040327507367833,0.8169084817714909,14231,wilson_95,False
2019-12-01,2020-03-01,2,3,374,0.026280654908298784,0.02377749914176573,0.029039489441890852,14231,wilson_95,False
2019-12-01,2020-03-01,2,exited,535,0.03759398496240601,0.034591567702520906,0.04084597488811206,14231,wilson_95,False
2019-12-01,2020-03-01,3,2,265,0.10900863842040312,0.09723130643831494,0.12201970758017401,2431,wilson_95,False
2019-12-01,2020-03-01,3,3,1951,0.8025503907856849,0.7862542079035961,0.8178919038159214,2431,wilson_95,False
2019-12-01,2020-03-01,3,exited,215,0.08844097079391197,0.07779361767999299,0.10038696046361376,2431,wilson_95,False
2020-03-01,2020-06-01,1,1,268007,0.8757225339088553,0.874549022302362,0.876886613416215,306041,wilson_95,False
2020-03-01,2020-06-01,1,2,14900,0.04868628713146278,0.04792946445628345,0.04945443953881426,306041,wilson_95,False
2020-03-01,2020-06-01,1,3,72,0.00023526259553458524,0.0001868395485149534,0.0002962316841710145,306041,wilson_95,False
2020-03-01,2020-06-01,1,exited,23062,0.07535591636414729,0.07442603766700795,0.07629645528188023,306041,wilson_95,False
2020-03-01,2020-06-01,2,1,1640,0.11493447333380055,0.10980462754433525,0.12027159577076803,14269,wilson_95,False
2020-03-01,2020-06-01,2,2,11745,0.8231130422594436,0.816765529076585,0.8292866271534118,14269,wilson_95,False
2020-03-01,2020-06-01,2,3,278,0.019482794869997898,0.017340944505428665,0.021883302497939332,14269,wilson_95,False
2020-03-01,2020-06-01,2,exited,606,0.042469689536758004,0.039282211486298346,0.04590345125146697,14269,wilson_95,False
2020-03-01,2020-06-01,3,2,268,0.11360746078846969,0.10142503269511234,0.12704626689437926,2359,wilson_95,False
2020-03-01,2020-06-01,3,3,1994,0.8452734209410767,0.8301194574352057,0.8593047076600869,2359,wilson_95,False
2020-03-01,2020-06-01,3,exited,97,0.04111911827045358,0.03382411579773056,0.04990619885462779,2359,wilson_95,False
2020-06-01,2020-09-01,1,1,253767,0.8991114008545857,0.8979948326009336,0.9002171050331228,282242,wilson_95,False
2020-06-01,2020-09-01,1,2,3633,0.012871932596849512,0.012462653749755082,0.013294471390674505,282242,wilson_95,False
2020-06-01,2020-09-01,1,3,32,0.00011337788139256383,8.031642290699109e-05,0.00016004658286856825,282242,wilson_95,False
2020-06-01,2020-09-01,1,exited,24810,0.08790328866717215,0.08686426482271857,0.08895353005544175,282242,wilson_95,False
2020-06-01,2020-09-01,2,1,2230,0.08227567886658796,0.07906324920009745,0.08560650016381559,27104,wilson_95,False
2020-06-01,2020-09-01,2,2,22821,0.8419790436835891,0.8375881234857715,0.8462730400141304,27104,wilson_95,False
2020-06-01,2020-09-01,2,3,318,0.01173258559622196,0.010518069305129198,0.013085486875936424,27104,wilson_95,False
2020-06-01,2020-09-01,2,exited,1735,0.06401269185360095,0.061159961007948224,0.06698899043467325,27104,wilson_95,False
2020-06-01,2020-09-01,3,2,272,0.11604095563139932,0.10369901265648725,0.1296393402218504,2344,wilson_95,False
2020-06-01,2020-09-01,3,3,1936,0.825938566552901,0.8100590631035497,0.8407514906752837,2344,wilson_95,False
2020-06-01,2020-09-01,3,exited,136,0.05802047781569966,0.049259635742033306,0.06822762379347536,2344,wilson_95,False
2020-09-01,2020-12-01,1,1,240853,0.8953975984237332,0.894235411196716,0.8965484924286907,268990,wilson_95,False
2020-09-01,2020-12-01,1,2,2525,0.009386966058217778,0.00902949400483367,0.00975845084703525,268990,wilson_95,False
2020-09-01,2020-12-01,1,3,30,0.00011152830960258746,7.812699132591543e-05,0.0001592072854533074,268990,wilson_95,False
2020-09-01,2020-12-01,1,exited,25582,0.09510390720844641,0.09400107289430308,0.0962183060376633,268990,wilson_95,False
2020-09-01,2020-12-01,2,1,2038,0.07599090197248219,0.07287991126280959,0.07922334241686489,26819,wilson_95,False
2020-09-01,2020-12-01,2,2,22556,0.841045527424587,0.8366207691988443,0.8453725993293937,26819,wilson_95,False
2020-09-01,2020-12-01,2,3,382,0.014243633245087439,0.012893448008797744,0.015732954604046598,26819,wilson_95,False
2020-09-01,2020-12-01,2,exited,1843,0.06871993735784332,0.06575362178371853,0.07180978530294153,26819,wilson_95,False
2020-09-01,2020-12-01,3,2,262,0.1145104895104895,0.10210384915183479,0.12820940257383384,2288,wilson_95,False
2020-09-01,2020-12-01,3,3,1832,0.8006993006993007,0.7838327317649825,0.8165578383174894,2288,wilson_95,False
2020-09-01,2020-12-01,3,exited,194,0.08479020979020979,0.0740601124673657,0.09691221081991912,2288,wilson_95,False
2020-12-01,2021-03-01,1,1,230584,0.9022165704783331,0.9010589833180025,0.903362066666002,255575,wilson_95,False
2020-12-01,2021-03-01,1,2,1894,0.007410740487136848,0.007085554558939349,0.00775073406799553,255575,wilson_95,False
2020-12-01,2021-03-01,1,3,30,0.0001173823730803091,8.222789621833342e-05,0.0001675637471598621,255575,wilson_95,False
2020-12-01,2021-03-01,1,exited,23067,0.09025530666144967,0.08915053079729576,0.09137239980004985,255575,wilson_95,False
2020-12-01,2021-03-01,2,1,1726,0.06781392424956781,0.06478983107638246,0.07096845703250311,25452,wilson_95,False
2020-12-01,2021-03-01,2,2,21771,0.8553748231966054,0.8510001576228812,0.8596422318366761,25452,wilson_95,False
2020-12-01,2021-03-01,2,3,327,0.012847713342762848,0.01153583913646294,0.014306616705543635,25452,wilson_95,False
2020-12-01,2021-03-01,2,exited,1628,0.06396353921106396,0.06102277211792899,0.0670359080122903,25452,wilson_95,False
2020-12-01,2021-03-01,3,2,255,0.11363636363636363,0.10116015671237497,0.1274331263256003,2244,wilson_95,False
2020-12-01,2021-03-01,3,3,1900,0.8467023172905526,0.8312044813590358,0.8610151562377983,2244,wilson_95,False
2020-12-01,2021-03-01,3,exited,89,0.039661319073083776,0.03234184250605536,0.048554191378867864,2244,wilson_95,False
2021-03-01,2021-06-01,1,1,223718,0.9155187795156366,0.9144095683189143,0.916614926707413,244362,wilson_95,False
2021-03-01,2021-06-01,1,2,1464,0.005991111547621971,0.005692810412652883,0.006304944434416255,244362,wilson_95,False
2021-03-01,2021-06-01,1,3,16,6.547662893575925e-05,4.030541319400806e-05,0.00010636589981245382,244362,wilson_95,False
2021-03-01,2021-06-01,1,exited,19164,0.07842463230780564,0.07736533142205654,0.07949718761901078,244362,wilson_95,False
2021-03-01,2021-06-01,2,1,2681,0.11168041323002582,0.10775799166601548,0.11572709331564317,24006,wilson_95,False
2021-03-01,2021-06-01,2,2,19245,0.8016745813546613,0.7965824716735467,0.8066701580800285,24006,wilson_95,False
2021-03-01,2021-06-01,2,3,272,0.011330500708156294,0.010067641811296907,0.012749729130543657,24006,wilson_95,False
2021-03-01,2021-06-01,2,exited,1808,0.07531450470715655,0.07204373435466173,0.07872117032115998,24006,wilson_95,False
2021-03-01,2021-06-01,3,2,294,0.13026140894993354,0.117000991668146,0.14477829254995742,2257,wilson_95,False
2021-03-01,2021-06-01,3,3,1818,0.8054940186087727,0.7886508038227078,0.8212990865686853,2257,wilson_95,False
2021-03-01,2021-06-01,3,exited,145,0.06424457244129375,0.05485112135075743,0.07511883194882883,2257,wilson_95,False
2021-06-01,2021-09-01,1,1,220707,0.9248223324729309,0.9237575852361009,0.9258734034063532,238648,wilson_95,False
2021-06-01,2021-09-01,1,2,1514,0.006344071603365626,0.006033375874184005,0.006670659595593995,238648,wilson_95,False
2021-06-01,2021-09-01,1,3,17,7.123462170225604e-05,4.447795832894365e-05,0.00011408548953459885,238648,wilson_95,False
2021-06-01,2021-09-01,1,exited,16410,0.06876236130200128,0.06775403284664795,0.06978457258868635,238648,wilson_95,False
2021-06-01,2021-09-01,2,1,3197,0.15180436847103515,0.14702160935409098,0.15671412998520867,21060,wilson_95,False
2021-06-01,2021-09-01,2,2,16025,0.7609211775878443,0.7551134332910784,0.7666337523533441,21060,wilson_95,False
2021-06-01,2021-09-01,2,3,326,0.015479582146248812,0.013898468117988472,0.017237422270421854,21060,wilson_95,False
2021-06-01,2021-09-01,2,exited,1512,0.07179487179487179,0.06838592447797394,0.07536000452268111,21060,wilson_95,False
2021-06-01,2021-09-01,3,2,293,0.13912630579297247,0.12500157169476878,0.15456514947033184,2106,wilson_95,False
2021-06-01,2021-09-01,3,3,1675,0.795346628679962,0.7775853327870001,0.8120324296278778,2106,wilson_95,False
2021-06-01,2021-09-01,3,exited,138,0.06552706552706553,0.05572967679033781,0.07690657303343465,2106,wilson_95,False
2021-09-01,2021-12-01,1,1,217216,0.932077495762621,0.9310488038588367,0.9330919433741194,233045,wilson_95,False
2021-09-01,2021-12-01,1,2,1733,0.0074363320388766115,0.007095551333370626,0.0077933510833951255,233045,wilson_95,False
2021-09-01,2021-12-01,1,3,18,7.72383016155678e-05,4.885959908038529e-05,0.0001220979502955211,233045,wilson_95,False
2021-09-01,2021-12-01,1,exited,14078,0.06040893389688687,0.05944888960432342,0.06138347018149635,233045,wilson_95,False
2021-09-01,2021-12-01,2,1,2639,0.12285275359620129,0.11853021289511394,0.12731016107014106,21481,wilson_95,False
2021-09-01,2021-12-01,2,2,17077,0.794981611656813,0.7895303123740658,0.8003274263618674,21481,wilson_95,False
2021-09-01,2021-12-01,2,3,529,0.024626414040314695,0.02263729405348639,0.026785526257098236,21481,wilson_95,False
2021-09-01,2021-12-01,2,exited,1236,0.05753922070667101,0.05450349190009111,0.06073317221800629,21481,wilson_95,False
2021-09-01,2021-12-01,3,2,292,0.14462605250123825,0.12995867371904687,0.1606431706604937,2019,wilson_95,False
2021-09-01,2021-12-01,3,3,1489,0.7374938088162457,0.7178633442491403,0.756222252433801,2019,wilson_95,False
2021-09-01,2021-12-01,3,exited,238,0.1178801386825161,0.1045346506482356,0.1326769492664899,2019,wilson_95,False
2021-12-01,2022-03-01,1,1,217096,0.9490411054718408,0.9481323491113332,0.9499347805529912,228753,wilson_95,False
2021-12-01,2022-03-01,1,2,1729,0.007558370819180513,0.0072116262727383255,0.007921654274168823,228753,wilson_95,False
2021-12-01,2022-03-01,1,3,16,6.99444378871534e-05,4.30556881212979e-05,0.00011362359889860995,228753,wilson_95,False
2021-12-01,2022-03-01,1,exited,9912,0.043330579271091525,0.04250388011899487,0.04417261590348571,228753,wilson_95,False
2021-12-01,2022-03-01,2,1,2478,0.10657147772234646,0.10267011770245132,0.11060281278269693,23252,wilson_95,False
2021-12-01,2022-03-01,2,2,19394,0.8340787889213831,0.8292420904052279,0.8388051194757701,23252,wilson_95,False
2021-12-01,2022-03-01,2,3,490,0.021073456046791676,0.019304900439417613,0.023000232254352694,23252,wilson_95,False
2021-12-01,2022-03-01,2,exited,890,0.03827627730947875,0.035885486042891525,0.04081960596503933,23252,wilson_95,False
2021-12-01,2022-03-01,3,2,337,0.16552062868369352,0.15001010904717543,0.18229094106118876,2036,wilson_95,False
2021-12-01,2022-03-01,3,3,1581,0.7765225933202358,0.7579166194359575,0.7940870645420028,2036,wilson_95,False
2021-12-01,2022-03-01,3,exited,118,0.05795677799607073,0.04861513883926783,0.06896334148015616,2036,wilson_95,False
2022-03-01,2022-06-01,1,1,218296,0.9594416413213551,0.9586232963505117,0.9602444723565473,227524,wilson_95,False
2022-03-01,2022-06-01,1,2,1717,0.007546456637541534,0.0071990772955183285,0.007910464625938765,227524,wilson_95,False
2022-03-01,2022-06-01,1,3,11,4.8346548056468766e-05,2.6997081423369728e-05,8.657784925328359e-05,227524,wilson_95,False
2022-03-01,2022-06-01,1,exited,7500,0.03296355549304689,0.03223778152096913,0.03370509985399516,227524,wilson_95,False
2022-03-01,2022-06-01,2,1,2038,0.07996860898567786,0.07670138825820555,0.08336243674584617,25485,wilson_95,False
2022-03-01,2022-06-01,2,2,22226,0.8721208554051403,0.8679646024854403,0.8761649426193358,25485,wilson_95,False
2022-03-01,2022-06-01,2,3,338,0.013262703551108495,0.011929749013882275,0.014742371800986203,25485,wilson_95,False
2022-03-01,2022-06-01,2,exited,883,0.034647832058073376,0.032471676331026086,0.03696425553272761,25485,wilson_95,False
2022-03-01,2022-06-01,3,2,427,0.20459990416866317,0.18784260514835124,0.22244266789408504,2087,wilson_95,False
2022-03-01,2022-06-01,3,3,1506,0.7216099664590321,0.7019867999107094,0.7404188143924102,2087,wilson_95,False
2022-03-01,2022-06-01,3,exited,154,0.07379012937230474,0.0633401068914708,0.08580628462717804,2087,wilson_95,False
2022-06-01,2022-09-01,1,1,217421,0.9547440575777136,0.9538826264101753,0.9555901471203764,227727,wilson_95,False
2022-06-01,2022-09-01,1,2,4802,0.021086651999982435,0.02050459220910077,0.02168486881108356,227727,wilson_95,False
2022-06-01,2022-09-01,1,3,23,0.00010099812494785423,6.730446730554172e-05,0.00015155679233507083,227727,wilson_95,False
2022-06-01,2022-09-01,1,exited,5481,0.024068292297356044,0.02344680731624009,0.02470583370758709,227727,wilson_95,False
2022-06-01,2022-09-01,2,1,1895,0.06430268069222939,0.06155854372654625,0.067160390455184,29470,wilson_95,False
2022-06-01,2022-09-01,2,2,26640,0.9039701391245334,0.9005534326986634,0.9072815430463911,29470,wilson_95,False
2022-06-01,2022-09-01,2,3,303,0.010281642348150662,0.009192062064871586,0.011498877040325562,29470,wilson_95,False
2022-06-01,2022-09-01,2,exited,632,0.02144553783508653,0.01985290493449461,0.02316291506277502,29470,wilson_95,False
2022-06-01,2022-09-01,3,2,316,0.17035040431266846,0.153927932294724,0.1881353759037554,1855,wilson_95,False
2022-06-01,2022-09-01,3,3,1428,0.769811320754717,0.7501091749698788,0.7883982890475555,1855,wilson_95,False
2022-06-01,2022-09-01,3,exited,111,0.05983827493261455,0.0499271494750977,0.071568665968988,1855,wilson_95,False
2022-09-01,2022-12-01,1,1,212156,0.9269230433148958,0.9258496245683592,0.9279821317098473,228882,wilson_95,False
2022-09-01,2022-12-01,1,2,12903,0.0563740267910976,0.055436559825440365,0.05732638476877211,228882,wilson_95,False
2022-09-01,2022-12-01,1,3,24,0.0001048575248381262,7.046820583563458e-05,0.00015602662010151725,228882,wilson_95,False
2022-09-01,2022-12-01,1,exited,3799,0.016598072369168392,0.01608272345951096,0.017129647434074243,228882,wilson_95,False
2022-09-01,2022-12-01,2,1,1911,0.054197390811117414,0.051882406271687484,0.05660950216909642,35260,wilson_95,False
2022-09-01,2022-12-01,2,2,32457,0.9205048213272831,0.9176352792107365,0.9232827482432044,35260,wilson_95,False
2022-09-01,2022-12-01,2,3,344,0.00975609756097561,0.0087822427958694,0.010836761549660883,35260,wilson_95,False
2022-09-01,2022-12-01,2,exited,548,0.015541690300623936,0.014302372096362152,0.016886557223917166,35260,wilson_95,False
2022-09-01,2022-12-01,3,2,255,0.14538198403648803,0.12966091478423675,0.16265296610774177,1754,wilson_95,False
2022-09-01,2022-12-01,3,3,1412,0.8050171037628279,0.785817780110998,0.8228833030446154,1754,wilson_95,False
2022-09-01,2022-12-01,3,exited,87,0.049600912200684154,0.04038780162257522,0.06078256156820134,1754,wilson_95,False
2022-12-01,2023-03-01,1,1,217997,0.9642002556492739,0.9634265086822924,0.9649582286502938,226091,wilson_95,False
2022-12-01,2023-03-01,1,2,4554,0.02014233206983029,0.01957134692578095,0.020729623233594667,226091,wilson_95,False
2022-12-01,2023-03-01,1,3,11,4.865297601408283e-05,2.7168194450943457e-05,8.71265796091746e-05,226091,wilson_95,False
2022-12-01,2023-03-01,1,exited,3529,0.015608759304881663,0.015105981978022156,0.01612799670656843,226091,wilson_95,False
2022-12-01,2023-03-01,2,1,2036,0.044545573885266705,0.042692206227733634,0.046475494397361705,45706,wilson_95,False
2022-12-01,2023-03-01,2,2,42739,0.9350851091760382,0.9327896400762217,0.9373074490994211,45706,wilson_95,False
2022-12-01,2023-03-01,2,3,332,0.007263816566752724,0.006525654296594144,0.008084798015351467,45706,wilson_95,False
2022-12-01,2023-03-01,2,exited,599,0.013105500371942415,0.012103045924014245,0.014189792127139686,45706,wilson_95,False
2022-12-01,2023-03-01,3,2,276,0.1550561797752809,0.1389857180393071,0.17261229762076374,1780,wilson_95,False
2022-12-01,2023-03-01,3,3,1397,0.7848314606741573,0.7651383590084733,0.8032978072135857,1780,wilson_95,False
2022-12-01,2023-03-01,3,exited,107,0.060112359550561795,0.04998868160250694,0.07213061198354422,1780,wilson_95,False
2023-03-01,2023-06-01,1,1,222167,0.9620409382808001,0.9612538226016665,0.9628126825603192,230933,wilson_95,False
2023-03-01,2023-06-01,1,2,4373,0.01893622825668051,0.018388272583161547,0.019500188190564396,230933,wilson_95,False
2023-03-01,2023-06-01,1,3,22,9.526572642281527e-05,6.291591885147793e-05,0.00014424660454011757,230933,wilson_95,False
2023-03-01,2023-06-01,1,exited,4371,0.018927567736096617,0.01837973687411306,0.01949140314656745,230933,wilson_95,False
2023-03-01,2023-06-01,2,1,1582,0.03320669171511933,0.03163502207274458,0.034853633610130365,47641,wilson_95,False
2023-03-01,2023-06-01,2,2,44990,0.9443546525051951,0.9422601499496631,0.9463775011293837,47641,wilson_95,False
2023-03-01,2023-06-01,2,3,337,0.0070737390063180874,0.006359904546631658,0.007867059759809591,47641,wilson_95,False
2023-03-01,2023-06-01,2,exited,732,0.015364916773367477,0.014298858439379798,0.016509124416211097,47641,wilson_95,False
2023-03-01,2023-06-01,3,2,293,0.16839080459770114,0.1515425173743513,0.18670007677728997,1740,wilson_95,False
2023-03-01,2023-06-01,3,3,1344,0.7724137931034483,0.7521260265062825,0.7915013744852636,1740,wilson_95,False
2023-03-01,2023-06-01,3,exited,103,0.05919540229885058,0.0490478183296777,0.07128505812493038,1740,wilson_95,False
2023-06-01,2023-09-01,1,1,231114,0.9749506437406139,0.9743138107591002,0.9755720836963445,237052,wilson_95,False
2023-06-01,2023-09-01,1,2,1733,0.007310632266338188,0.006975592172532699,0.007661640293318369,237052,wilson_95,False
2023-06-01,2023-09-01,1,3,22,9.280664158075022e-05,6.129185605721897e-05,0.00014052328811422186,237052,wilson_95,False
2023-06-01,2023-09-01,1,exited,4183,0.01764591735146719,0.01712367249276952,0.018183795179460914,237052,wilson_95,False
2023-06-01,2023-09-01,2,1,4267,0.08582922659157197,0.0833988443360736,0.08832360953268974,49715,wilson_95,False
2023-06-01,2023-09-01,2,2,44266,0.890395252941768,0.8876189671809905,0.8931112119835808,49715,wilson_95,False
2023-06-01,2023-09-01,2,3,407,0.008186663984712864,0.007431695994588976,0.009017630554945893,49715,wilson_95,False
2023-06-01,2023-09-01,2,exited,775,0.015588856481947098,0.014536753391175996,0.016715814312109153,49715,wilson_95,False
2023-06-01,2023-09-01,3,2,231,0.13564298297122723,0.12019818779830019,0.15272783963869288,1703,wilson_95,False
2023-06-01,2023-09-01,3,3,1351,0.7933059307105108,0.7734240951489266,0.8118675233768136,1703,wilson_95,False
2023-06-01,2023-09-01,3,exited,121,0.07105108631826189,0.05979030525363471,0.0842426730585707,1703,wilson_95,False
2023-09-01,2023-12-01,1,1,242834,0.977486344076932,0.9768955714288352,0.9780623500872196,248427,wilson_95,False
2023-09-01,2023-12-01,1,2,1978,0.007962097517580617,0.007620142322998391,0.008319269368271301,248427,wilson_95,False
2023-09-01,2023-12-01,1,3,37,0.00014893711231065866,0.00010806178086574002,0.00020527072794676555,248427,wilson_95,False
2023-09-01,2023-12-01,1,exited,3578,0.014402621293176668,0.013941563088906626,0.014878696975331378,248427,wilson_95,False
2023-09-01,2023-12-01,2,1,3035,0.0655564195610852,0.06333771704726203,0.06784721291028002,46296,wilson_95,False
2023-09-01,2023-12-01,2,2,42131,0.910035424226715,0.9073948887946153,0.9126079190717387,46296,wilson_95,False
2023-09-01,2023-12-01,2,3,479,0.010346466217383792,0.009464483953275548,0.011309700763450982,46296,wilson_95,False
2023-09-01,2023-12-01,2,exited,651,0.014061689994815966,0.01302873880863479,0.015175276964985425,46296,wilson_95,False
2023-09-01,2023-12-01,3,2,246,0.13812464907355418,0.1228777068399039,0.15492929745744893,1781,wilson_95,False
2023-09-01,2023-12-01,3,3,1360,0.7636159460976979,0.7433300359715246,0.7827671114022424,1781,wilson_95,False
2023-09-01,2023-12-01,3,exited,175,0.0982594048287479,0.08528757330017858,0.11296054396088578,1781,wilson_95,False
2023-12-01,2024-03-01,1,1,252591,0.9774890870251695,0.9769100127926611,0.9780539648907096,258408,wilson_95,False
2023-12-01,2024-03-01,1,2,1839,0.007116652735209436,0.0067997970607503525,0.007448162467866743,258408,wilson_95,False
2023-12-01,2024-03-01,1,3,35,0.00013544472307358904,9.739567474901149e-05,0.00018835538992292676,258408,wilson_95,False
2023-12-01,2024-03-01,1,exited,3943,0.015258815516547475,0.014793345213811858,0.015738697800470762,258408,wilson_95,False
2023-12-01,2024-03-01,2,1,1528,0.03438111738631505,0.03272697132743729,0.03611574861376682,44443,wilson_95,False
2023-12-01,2024-03-01,2,2,41792,0.9403505613932452,0.9381103847193937,0.9425146206876502,44443,wilson_95,False
2023-12-01,2024-03-01,2,3,522,0.01174538172490606,0.01078508907945308,0.012790072268997355,44443,wilson_95,False
2023-12-01,2024-03-01,2,exited,601,0.013522939495533605,0.012490403263832592,0.014639566363770472,44443,wilson_95,False
2023-12-01,2024-03-01,3,2,255,0.13592750533049042,0.12116132198120891,0.15218165404989167,1876,wilson_95,False
2023-12-01,2024-03-01,3,3,1522,0.8113006396588486,0.7929656763780815,0.8283633162981077,1876,wilson_95,False
2023-12-01,2024-03-01,3,exited,99,0.05277185501066098,0.043537677161022324,0.0638338556209592,1876,wilson_95,False
2024-03-01,2024-06-01,1,1,258261,0.9738238255223357,0.9732092798146721,0.9744246447763074,265203,wilson_95,False
2024-03-01,2024-06-01,1,2,2153,0.008118309370557648,0.007783838024324143,0.008467030298354076,265203,wilson_95,False
2024-03-01,2024-06-01,1,3,40,0.00015082785639679793,0.00011077326564018833,0.0002053628429138302,265203,wilson_95,False
2024-03-01,2024-06-01,1,exited,4749,0.017907037250709832,0.017409259639196355,0.018418780868936866,265203,wilson_95,False
2024-03-01,2024-06-01,2,1,1273,0.02896934665361946,0.027441892964457853,0.03057914732372669,43943,wilson_95,False
2024-03-01,2024-06-01,2,2,41440,0.9430398470746194,0.9408338943067178,0.9451683462976488,43943,wilson_95,False
2024-03-01,2024-06-01,2,3,472,0.010741187447375008,0.009819253687584403,0.01174865488916384,43943,wilson_95,False
2024-03-01,2024-06-01,2,exited,758,0.017249618824386137,0.016073791183850383,0.018509842323572993,43943,wilson_95,False
2024-03-01,2024-06-01,3,2,355,0.17075517075517074,0.15519074552737294,0.18753407195579336,2079,wilson_95,False
2024-03-01,2024-06-01,3,3,1574,0.757094757094757,0.7381977114136333,0.7750434647079847,2079,wilson_95,False
2024-03-01,2024-06-01,3,exited,150,0.07215007215007214,0.06179957073124726,0.08407877134512437,2079,wilson_95,False
2024-06-01,2024-09-01,1,1,262743,0.9633919633919634,0.9626805984329765,0.9640902744467004,272727,wilson_95,False
2024-06-01,2024-09-01,1,2,4524,0.016588016588016587,0.016115434660801013,0.0170742163900407,272727,wilson_95,False
2024-06-01,2024-09-01,1,3,38,0.000139333472666806,0.00010152064455085376,0.00019122754041285266,272727,wilson_95,False
2024-06-01,2024-09-01,1,exited,5422,0.019880686547353213,0.01936352026429751,0.0204113779496201,272727,wilson_95,False
2024-06-01,2024-09-01,2,1,1242,0.028202915663744946,0.026697374879740943,0.029790759503714306,44038,wilson_95,False
2024-06-01,2024-09-01,2,2,41418,0.9405059266996685,0.9382579808513679,0.9426770281054281,44038,wilson_95,False
2024-06-01,2024-09-01,2,3,544,0.012352967891366548,0.011363047810919869,0.013427955985812168,44038,wilson_95,False
2024-06-01,2024-09-01,2,exited,834,0.018938189745220036,0.017706445236063125,0.020253853503576832,44038,wilson_95,False
2024-06-01,2024-09-01,3,2,295,0.1414189837008629,0.12712408399465697,0.15703214054296954,2086,wilson_95,False
2024-06-01,2024-09-01,3,3,1661,0.7962607861936721,0.7784390565684358,0.8129933675435252,2086,wilson_95,False
2024-06-01,2024-09-01,3,exited,130,0.062320230105465,0.05272943690821981,0.07352007245388313,2086,wilson_95,False
2024-09-01,2024-12-01,1,1,267448,0.9681761083699261,0.9675149950375296,0.9688242007007165,276239,wilson_95,False
2024-09-01,2024-12-01,1,2,2424,0.008775010045648877,0.00843398765775403,0.009129694474960906,276239,wilson_95,False
2024-09-01,2024-12-01,1,3,59,0.0002135831653025098,0.0001655989476446799,0.0002754675363853033,276239,wilson_95,False
2024-09-01,2024-12-01,1,exited,6308,0.02283529841912257,0.022284850005471573,0.0233990178268173,276239,wilson_95,False
2024-09-01,2024-12-01,2,1,1413,0.030508474576271188,0.02898071253769563,0.032114111289807415,46315,wilson_95,False
2024-09-01,2024-12-01,2,2,43452,0.9381841735938681,0.9359544079156391,0.9403412575552957,46315,wilson_95,False
2024-09-01,2024-12-01,2,3,659,0.014228651624743604,0.013189639605331475,0.015348238657359192,46315,wilson_95,False
2024-09-01,2024-12-01,2,exited,791,0.017078700205117134,0.015938142382869763,0.018299360302307947,46315,wilson_95,False
2024-09-01,2024-12-01,3,2,326,0.14534106107891218,0.13136170003422196,0.16053315362622608,2243,wilson_95,False
2024-09-01,2024-12-01,3,3,1784,0.7953633526526973,0.7781691748567376,0.8115475560671508,2243,wilson_95,False
2024-09-01,2024-12-01,3,exited,133,0.05929558626839055,0.05025442438862707,0.06984370614984294,2243,wilson_95,False
2024-12-01,2025-03-01,1,1,274522,0.9748650568181818,0.9742803934182233,0.9754367646096392,281600,wilson_95,False
2024-12-01,2025-03-01,1,2,2095,0.007439630681818182,0.007128896271426714,0.00776380347689673,281600,wilson_95,False
2024-12-01,2025-03-01,1,3,49,0.00017400568181818183,0.0001316330321126905,0.00023001494219445878,281600,wilson_95,False
2024-12-01,2025-03-01,1,exited,4934,0.017521306818181818,0.01704325471115456,0.01801252225438895,281600,wilson_95,False
2024-12-01,2025-03-01,2,1,1474,0.03186062597267854,0.03029871038228559,0.033500277548627326,46264,wilson_95,False
2024-12-01,2025-03-01,2,2,43470,0.9396074701711914,0.937400096644405,0.9417418455229737,46264,wilson_95,False
2024-12-01,2025-03-01,2,3,647,0.013984955905239495,0.012954554785971375,0.01509606132015925,46264,wilson_95,False
2024-12-01,2025-03-01,2,exited,673,0.014546947950890541,0.013495540222913835,0.01567896665400801,46264,wilson_95,False
2024-12-01,2025-03-01,3,2,332,0.13269384492406075,0.11996240197377472,0.14655144967867395,2502,wilson_95,False
2024-12-01,2025-03-01,3,3,2029,0.810951239008793,0.7951366668928247,0.8258124336669085,2502,wilson_95,False
2024-12-01,2025-03-01,3,exited,141,0.05635491606714628,0.0479804072091938,0.06608964212074966,2502,wilson_95,False
2025-03-01,2025-06-01,1,1,276542,0.9625347190800053,0.9618341299111923,0.963222939663966,287306,wilson_95,False
2025-03-01,2025-06-01,1,2,4320,0.015036233145148379,0.01459767778796963,0.015487756859626986,287306,wilson_95,False
2025-03-01,2025-06-01,1,3,33,0.00011486011430321678,8.179174884134193e-05,0.00016129584769232675,287306,wilson_95,False
2025-03-01,2025-06-01,1,exited,6411,0.022314187660543116,0.021780450621001243,0.02286069843848542,287306,wilson_95,False
2025-03-01,2025-06-01,2,1,1221,0.026563111865291738,0.025132184078764122,0.028073164932753657,45966,wilson_95,False
2025-03-01,2025-06-01,2,2,43306,0.9421311404081277,0.9399594056864969,0.9442289819634858,45966,wilson_95,False
2025-03-01,2025-06-01,2,3,562,0.01222642822956098,0.011261769464958956,0.013272608358184135,45966,wilson_95,False
2025-03-01,2025-06-01,2,exited,877,0.019079319497019537,0.017868286286210917,0.02037072875140566,45966,wilson_95,False
2025-03-01,2025-06-01,3,2,502,0.18422018348623853,0.1701129133590103,0.1992165160085157,2725,wilson_95,False
2025-03-01,2025-06-01,3,3,2047,0.7511926605504587,0.7346146230865643,0.7670634775501918,2725,wilson_95,False
2025-03-01,2025-06-01,3,exited,176,0.06458715596330275,0.055957568910876464,0.07444262626003531,2725,wilson_95,False
2025-06-01,2025-09-01,1,1,281861,0.9691840053915955,0.96854968721994,0.9698059288955032,290823,wilson_95,False
2025-06-01,2025-09-01,1,2,1940,0.006670724117418499,0.006381323815079533,0.006973156945151887,290823,wilson_95,False
2025-06-01,2025-09-01,1,3,42,0.00014441773862452418,0.00010685127112974513,0.0001951891402025491,290823,wilson_95,False
2025-06-01,2025-09-01,1,exited,6980,0.024000852752361402,0.023450856009163374,0.02456342420230703,290823,wilson_95,False
2025-06-01,2025-09-01,2,1,1524,0.031620225325227715,0.030094945658775952,0.033220161846721975,48197,wilson_95,False
2025-06-01,2025-09-01,2,2,45097,0.9356806440234869,0.9334555892319156,0.9378362540003067,48197,wilson_95,False
2025-06-01,2025-09-01,2,3,619,0.01284312301595535,0.011876006021656197,0.013887889819905684,48197,wilson_95,False
2025-06-01,2025-09-01,2,exited,957,0.01985600763533,0.018648277794110785,0.021140269475528866,48197,wilson_95,False
2025-06-01,2025-09-01,3,2,409,0.15480696442089326,0.14151617480749262,0.16910011555293042,2642,wilson_95,False
2025-06-01,2025-09-01,3,3,2101,0.7952308856926571,0.7794202120692258,0.810184276438307,2642,wilson_95,False
2025-06-01,2025-09-01,3,exited,132,0.04996214988644966,0.04228836674715631,0.05894273987405318,2642,wilson_95,False
2025-09-01,2025-12-01,1,1,283152,0.9604624026485035,0.9597529470363203,0.9611598584214026,294808,wilson_95,False
2025-09-01,2025-12-01,1,2,2387,0.008096795202301159,0.007779646845315926,0.008426762758784262,294808,wilson_95,False
2025-09-01,2025-12-01,1,3,52,0.00017638598681175545,0.0001345215563369147,0.00023127602590083067,294808,wilson_95,False
2025-09-01,2025-12-01,1,exited,9217,0.03126441616238365,0.030642286258898442,0.031898761507651634,294808,wilson_95,False
2025-09-01,2025-12-01,2,1,1593,0.03354390397978522,0.03196189304846041,0.035201371931619804,47490,wilson_95,False
2025-09-01,2025-12-01,2,2,44365,0.9341966729837861,0.9319314432164749,0.9363916642280332,47490,wilson_95,False
2025-09-01,2025-12-01,2,3,672,0.014150347441566645,0.01312668846871078,0.015252600664793683,47490,wilson_95,False
2025-09-01,2025-12-01,2,exited,860,0.018109075594862075,0.01694817073501518,0.019347934315054154,47490,wilson_95,False
2025-09-01,2025-12-01,3,2,399,0.1444605358435916,0.1318432964859775,0.1580653879989912,2762,wilson_95,False
2025-09-01,2025-12-01,3,3,2146,0.77697320782042,0.7610700313745615,0.7921070117710587,2762,wilson_95,False
2025-09-01,2025-12-01,3,exited,217,0.07856625633598842,0.06910720151458816,0.08919596420893888,2762,wilson_95,False
2025-12-01,2026-03-01,1,1,283142,0.9620013182661402,0.9613045405101877,0.9626860363612004,294326,wilson_95,False
2025-12-01,2026-03-01,1,2,2107,0.0071587287565488605,0.006860521999132474,0.007469800192852283,294326,wilson_95,False
2025-12-01,2026-03-01,1,3,44,0.0001494940983807071,0.00011137044073148721,0.0002006653975834107,294326,wilson_95,False
2025-12-01,2026-03-01,1,exited,9033,0.030690458878930165,0.030073445198265426,0.03131972298766866,294326,wilson_95,False
2025-12-01,2026-03-01,2,1,4851,0.09615079679695553,0.09360908867252714,0.09875399909288197,50452,wilson_95,False
2025-12-01,2026-03-01,2,2,44055,0.8732062158090859,0.8702743102727641,0.8760812931856461,50452,wilson_95,False
2025-12-01,2026-03-01,2,3,714,0.014152065329422025,0.013157751224759508,0.015220359563250734,50452,wilson_95,False
2025-12-01,2026-03-01,2,exited,832,0.01649092206453659,0.015415894326557733,0.017639573793657746,50452,wilson_95,False
2025-12-01,2026-03-01,3,2,449,0.1564459930313589,0.14361553264486648,0.17019490949092642,2870,wilson_95,False
2025-12-01,2026-03-01,3,3,2287,0.7968641114982579,0.7817522986925757,0.8111822888330881,2870,wilson_95,False
2025-12-01,2026-03-01,3,exited,134,0.046689895470383276,0.0395586815489514,0.055032987029817945,2870,wilson_95,False
