reporting_date,in_sample,stage,grade,n_loans,ead,ead_lo,ead_hi,ead_n,ead_method,ecl,ecl_lo,ecl_hi,ecl_n,ecl_method,coverage,coverage_lo,coverage_hi,coverage_n,coverage_method,synthetic
1999-03-01,True,1,A,1676,180607000.0,,,1676,none: population total,41398.77189762912,40506.94703944641,42347.703239374,1676,parameter_draws_1000,0.00022922019577108929,0.0002242822650254221,0.00023447431848917265,1676,parameter_draws_1000,False
1999-03-01,True,1,B,926,109997000.0,,,926,none: population total,78866.13551061213,77349.93562119686,80476.75032631464,926,parameter_draws_1000,0.000716984422398903,0.0007032004111130019,0.0007316267746058041,926,parameter_draws_1000,False
1999-03-01,True,1,C,780,95261000.0,,,780,none: population total,108300.48686180325,106309.4610433885,110428.87053814388,780,parameter_draws_1000,0.0011368816920020075,0.0011159809475376962,0.0011592243471950103,780,parameter_draws_1000,False
1999-03-01,True,1,D,517,60331000.0,,,517,none: population total,93546.73369636238,91829.91774867197,95264.89621747384,517,parameter_draws_1000,0.0015505583149021628,0.0015221017014250048,0.0015790372481389973,517,parameter_draws_1000,False
1999-03-01,True,1,E,310,38246000.0,,,310,none: population total,74396.02964951574,73054.00211426031,75799.346037193,310,parameter_draws_1000,0.0019451976585660132,0.0019101083018945853,0.0019818895057572817,310,parameter_draws_1000,False
1999-03-01,True,1,F,100,12382000.0,,,100,none: population total,31944.867206294737,31261.9135561355,32641.17133151345,100,parameter_draws_1000,0.002579944048319717,0.002524787074473873,0.002636179238532826,100,parameter_draws_1000,False
1999-03-01,True,1,G,27,2914000.0,,,27,none: population total,9946.341079231097,9722.983923037986,10181.836734776029,27,parameter_draws_1000,0.0034132948109921405,0.003336645134879199,0.0034941100668414646,27,parameter_draws_1000,False
1999-06-01,True,1,A,6787,720117000.0,,,6787,none: population total,162741.1017498133,159236.77803136382,166474.3684624967,6787,parameter_draws_1000,0.0002259925841909208,0.0002211262586931899,0.00023117683440676543,6787,parameter_draws_1000,False
1999-06-01,True,2,A,46,5120000.0,,,46,none: population total,21498.56076034415,21075.131690131613,21926.865860022204,46,parameter_draws_1000,0.004198937648504717,0.0041162366582288305,0.004282590988285586,46,parameter_draws_1000,False
1999-06-01,True,1,B,3697,437742000.0,,,3697,none: population total,320271.8760457165,314110.0897953933,326815.3587179639,3697,parameter_draws_1000,0.0007316452980196474,0.0007175690013647156,0.0007465935613168576,3697,parameter_draws_1000,False
1999-06-01,True,2,B,35,4196000.0,,,35,none: population total,52934.76277097549,52089.96008403405,53868.365577229255,35,parameter_draws_1000,0.012615529735694827,0.012414194490951871,0.012838028021265314,35,parameter_draws_1000,False
1999-06-01,True,1,C,3148,374509000.0,,,3148,none: population total,421540.980926865,413784.3193707962,429821.5769319998,3148,parameter_draws_1000,0.0011255830458730364,0.0011048714967351817,0.0011476935852863346,3148,parameter_draws_1000,False
1999-06-01,True,2,C,36,4658000.0,,,36,none: population total,86161.31020070284,84812.19984544066,87616.73746800181,36,parameter_draws_1000,0.018497490382289143,0.01820785741636768,0.018809947932160113,36,parameter_draws_1000,False
1999-06-01,True,1,D,2312,270554000.0,,,2312,none: population total,417600.9871014879,409932.97538943286,425267.7446042996,2312,parameter_draws_1000,0.0015435032825295058,0.0015151613925110435,0.0015718405368403336,2312,parameter_draws_1000,False
1999-06-01,True,2,D,33,4102000.0,,,33,none: population total,144702.466133104,142731.99942817813,146713.477529972,33,parameter_draws_1000,0.035276076580473915,0.034795709270643134,0.03576632801803316,33,parameter_draws_1000,False
1999-06-01,True,1,E,1534,183902000.0,,,1534,none: population total,352222.68053757434,345862.7679242384,358866.9238633383,1534,parameter_draws_1000,0.0019152737900489083,0.0018806906282924515,0.0019514030508821997,1534,parameter_draws_1000,False
1999-06-01,True,2,E,19,2044000.0,,,19,none: population total,135459.07002238985,133943.96697433342,136986.87048153963,19,parameter_draws_1000,0.06627156067631597,0.06553031652364649,0.06701901686963778,19,parameter_draws_1000,False
1999-06-01,True,1,F,574,68387000.0,,,574,none: population total,164569.98838607012,161052.46549696248,168159.4524258811,574,parameter_draws_1000,0.002406451348736896,0.0023550157997420927,0.0024589388688768493,574,parameter_draws_1000,False
1999-06-01,True,2,F,10,1383000.0,,,10,none: population total,91201.1733798642,90118.93718911438,92369.78114685418,10,parameter_draws_1000,0.06594444929852798,0.06516192132257007,0.06678942960726984,10,parameter_draws_1000,False
1999-06-01,True,1,G,236,27379000.0,,,236,none: population total,84733.37019094807,82829.41477547964,86739.51388813858,236,parameter_draws_1000,0.0030948307166422467,0.0030252899950867326,0.0031681037980984903,236,parameter_draws_1000,False
1999-09-01,True,1,A,10202,1082518377.93,,,10202,none: population total,243960.88571612566,238714.0719985592,249570.05328606814,10202,parameter_draws_1000,0.00022536419768007037,0.00022051733888807512,0.00023054578875907668,10202,parameter_draws_1000,False
1999-09-01,True,2,A,101,11271702.85,,,101,none: population total,38974.784242967165,38134.61374303667,39772.80021828374,101,parameter_draws_1000,0.0034577547653296386,0.0033832167375701066,0.0035285529389451334,101,parameter_draws_1000,False
1999-09-01,True,1,B,5956,704269869.72,,,5956,none: population total,508523.3310694816,498718.9378524272,518925.95132412825,5956,parameter_draws_1000,0.0007220574852530007,0.0007081361269234836,0.0007368282722792616,5956,parameter_draws_1000,False
1999-09-01,True,2,B,74,8957487.24,,,74,none: population total,108493.24632315262,106695.19337609046,110365.30867001213,74,parameter_draws_1000,0.012112017959531318,0.011911286113770726,0.012321012100042035,74,parameter_draws_1000,False
1999-09-01,True,1,C,5221,623484290.09,,,5221,none: population total,690265.567860415,677531.5991772931,703805.8039202531,5221,parameter_draws_1000,0.0011071098002497786,0.001086685919671675,0.0011288268447287718,5221,parameter_draws_1000,False
1999-09-01,True,2,C,99,12542462.1,,,99,none: population total,226759.1906350989,222825.70897659942,230746.47917864707,99,parameter_draws_1000,0.018079320378022023,0.017765707179342356,0.018397223554587984,99,parameter_draws_1000,False
1999-09-01,True,1,D,3899,459513192.98,,,3899,none: population total,696384.3290817903,683578.190998802,709152.5282496315,3899,parameter_draws_1000,0.001515482775512171,0.0014876138518803185,0.001543269135866784,3899,parameter_draws_1000,False
1999-09-01,True,2,D,94,11556475.71,,,94,none: population total,358968.4467472984,353443.0591938884,364407.0257588727,94,parameter_draws_1000,0.031062103685873484,0.030583983219732682,0.03153271247250107,94,parameter_draws_1000,False
1999-09-01,True,1,E,2660,316417763.07,,,2660,none: population total,596280.4911048956,585483.7423564106,607530.241924676,2660,parameter_draws_1000,0.0018844722411269388,0.0018503504249440194,0.0019200257154661517,2660,parameter_draws_1000,False
1999-09-01,True,2,E,75,8757518.31,,,75,none: population total,351408.6536040479,346238.9680871093,356350.5868166108,75,parameter_draws_1000,0.04012651086356083,0.03953619688031337,0.04069081835771929,75,parameter_draws_1000,False
1999-09-01,True,1,F,1048,123263599.34,,,1048,none: population total,293522.04337412317,287252.601414797,299935.98360178655,1048,parameter_draws_1000,0.0023812548468952013,0.002330392775749339,0.0024332891884364678,1048,parameter_draws_1000,False
1999-09-01,True,2,F,33,3990522.24,,,33,none: population total,198694.67622196683,195755.94785474945,201564.10935676013,33,parameter_draws_1000,0.049791647376451365,0.04905522036502907,0.05051070943455263,33,parameter_draws_1000,False
1999-09-01,True,1,G,446,51799788.4,,,446,none: population total,155328.44927662055,151832.10139436275,159005.7066307848,446,parameter_draws_1000,0.002998630961137682,0.002931133622050911,0.003069620775338627,446,parameter_draws_1000,False
1999-09-01,True,2,G,27,2864728.93,,,27,none: population total,230256.09673143103,227252.850899815,233520.14458850908,27,parameter_draws_1000,0.08037622489169717,0.07932787235817632,0.08151561641418864,27,parameter_draws_1000,False
1999-12-01,True,1,A,12697,1336787899.68,,,12697,none: population total,303559.91619600536,297025.90352387505,310528.6632778972,12697,parameter_draws_1000,0.0002270815858437015,0.00022219374037944016,0.00023229463952526165,12697,parameter_draws_1000,False
1999-12-01,True,2,A,181,19555092.67,,,181,none: population total,58297.476916916035,57011.03242208089,59539.92817936879,181,parameter_draws_1000,0.002981191544356718,0.0029154058937057897,0.0030447274878277926,181,parameter_draws_1000,False
1999-12-01,True,1,B,7613,890031669.51,,,7613,none: population total,644673.9896485673,632262.44950969,657850.6440748334,7613,parameter_draws_1000,0.0007243270231086131,0.0007103819686076759,0.000739131725994658,7613,parameter_draws_1000,False
1999-12-01,True,2,B,132,16031746.48,,,132,none: population total,168550.02227152052,165447.97246044633,171726.20774014108,132,parameter_draws_1000,0.010513515946736735,0.010320021756010597,0.010711634440725079,132,parameter_draws_1000,False
1999-12-01,True,1,C,6791,803096401.57,,,6791,none: population total,889327.7388560538,872949.9167821961,906790.0037082686,6791,parameter_draws_1000,0.0011073735819479172,0.0010869802368378655,0.0011291172540874976,6791,parameter_draws_1000,False
1999-12-01,True,2,C,180,22193411.48,,,180,none: population total,441082.97705894674,433271.3132684753,448812.9667021578,180,parameter_draws_1000,0.019874500928189286,0.019522519719824313,0.020222802028728833,180,parameter_draws_1000,False
1999-12-01,True,1,D,5194,606911162.36,,,5194,none: population total,923073.4777780998,906115.787817392,940013.427268166,5194,parameter_draws_1000,0.0015209367285134272,0.00149299575294335,0.001548848473329908,5194,parameter_draws_1000,False
1999-12-01,True,2,D,193,22716133.69,,,193,none: population total,654294.6921314704,644387.3187013321,664146.0410737976,193,parameter_draws_1000,0.028803083353022403,0.028366945163075946,0.02923675525673478,193,parameter_draws_1000,False
1999-12-01,True,1,E,3644,431678034.54,,,3644,none: population total,814464.2843673519,799744.6783031975,829828.8733610596,3644,parameter_draws_1000,0.0018867401609517897,0.001852641585424685,0.0019223328660800002,3644,parameter_draws_1000,False
1999-12-01,True,2,E,154,17769607.8,,,154,none: population total,712379.6338613556,702193.1960654046,722109.7936769594,154,parameter_draws_1000,0.04008977811324319,0.03951652754347254,0.040637351246264386,154,parameter_draws_1000,False
1999-12-01,True,1,F,1484,171704570.66,,,1484,none: population total,411755.87610539526,402956.94431083323,420742.13111277926,1484,parameter_draws_1000,0.0023980484300603257,0.002346803831499317,0.0024503839909183886,1484,parameter_draws_1000,False
1999-12-01,True,2,F,76,9076430.97,,,76,none: population total,432271.202793895,425725.14490046503,438792.67599819694,76,parameter_draws_1000,0.04762568064723517,0.04690446567682815,0.04834418698809284,76,parameter_draws_1000,False
1999-12-01,True,1,G,666,76976895.03,,,666,none: population total,231853.23544403524,226640.55318667527,237342.44228869607,666,parameter_draws_1000,0.0030119847696334816,0.0029442672778415818,0.0030832945677556523,666,parameter_draws_1000,False
1999-12-01,True,2,G,50,5359254.29,,,50,none: population total,420819.7407312974,415394.42730811896,426698.54122636426,50,parameter_draws_1000,0.07852207004181871,0.07750974386179368,0.07961901379125719,50,parameter_draws_1000,False
2000-03-01,True,1,A,15721,1668651522.96,,,15721,none: population total,385074.45543585374,376848.5095805557,393546.21945781383,15721,parameter_draws_1000,0.00023076984627250091,0.00022584014960299733,0.000235846858401991,15721,parameter_draws_1000,False
2000-03-01,True,2,A,264,29138697.6,,,264,none: population total,79021.01262404645,77265.06148014271,80729.56615214517,264,parameter_draws_1000,0.0027118924019461474,0.0026516305752849684,0.002770527607663054,264,parameter_draws_1000,False
2000-03-01,True,1,B,9851,1159933858.38,,,9851,none: population total,844463.6471609396,829178.7975836071,861224.2076449001,9851,parameter_draws_1000,0.0007280274138564625,0.0007148500680389347,0.000742476996789897,9851,parameter_draws_1000,False
2000-03-01,True,2,B,220,25590957.33,,,220,none: population total,265306.6457270999,260720.8674916342,270103.0485276806,220,parameter_draws_1000,0.010367202848487573,0.010188007589149234,0.010554628537129471,220,parameter_draws_1000,False
2000-03-01,True,1,C,8995,1068131632.03,,,8995,none: population total,1186243.2870312752,1165297.331220966,1208865.2328113478,8995,parameter_draws_1000,0.0011105778084455774,0.00109096790721037,0.0011317567952873764,8995,parameter_draws_1000,False
2000-03-01,True,2,C,272,32829829.06,,,272,none: population total,621827.5921419171,610108.3817153695,632998.0613189786,272,parameter_draws_1000,0.018940932985226977,0.018583964619502943,0.019281186635547426,272,parameter_draws_1000,False
2000-03-01,True,1,D,6945,820412212.33,,,6945,none: population total,1246540.2934665044,1224705.207163607,1269004.0974481595,6945,parameter_draws_1000,0.0015194072866447045,0.001492792511809887,0.0015467884051166697,6945,parameter_draws_1000,False
2000-03-01,True,2,D,309,34978208.09,,,309,none: population total,882855.707575909,868168.3188960722,897970.1603101601,309,parameter_draws_1000,0.02524016397021523,0.024820262852295022,0.025672274520171397,309,parameter_draws_1000,False
2000-03-01,True,3,D,10,951988.94,,,10,none: population total,192693.6546474645,192693.6546474645,192693.6546474645,10,parameter_draws_1000,0.2024116526474189,0.2024116526474189,0.2024116526474189,10,parameter_draws_1000,False
2000-03-01,True,1,E,4908,588746770.49,,,4908,none: population total,1102346.5107260116,1082908.4447619407,1122527.3882700016,4908,parameter_draws_1000,0.0018723610319060513,0.0018393450275076017,0.0019066387189449014,4908,parameter_draws_1000,False
2000-03-01,True,2,E,267,30034057.69,,,267,none: population total,1090839.2740827708,1073677.4560822372,1107645.7134697319,267,parameter_draws_1000,0.03632007653917411,0.03574866463813592,0.03687965591937077,267,parameter_draws_1000,False
2000-03-01,True,1,F,2049,236039325.89,,,2049,none: population total,561897.2166148699,549996.995703999,574172.9982587511,2049,parameter_draws_1000,0.0023805237305105993,0.0023301074667545474,0.002432531088172695,2049,parameter_draws_1000,False
2000-03-01,True,2,F,144,16872990.52,,,144,none: population total,820349.1770764246,807725.4620887061,832494.9087615056,144,parameter_draws_1000,0.04861907414124622,0.04787091305072968,0.04933890692196665,144,parameter_draws_1000,False
2000-03-01,True,1,G,957,106479225.39,,,957,none: population total,324825.64866963425,317646.02508223796,332476.25189491705,957,parameter_draws_1000,0.003050601161681068,0.002983173702840157,0.0031224518273603214,957,parameter_draws_1000,False
2000-03-01,True,2,G,86,10243337.35,,,86,none: population total,627713.5589823569,617606.2961783963,637878.564334334,86,parameter_draws_1000,0.06128018023172467,0.06029346443211659,0.062272533114838206,86,parameter_draws_1000,False
2000-06-01,True,1,A,18669,1985536145.36,,,18669,none: population total,478293.0873510861,468468.1402154107,487997.69617032004,18669,parameter_draws_1000,0.00024088863275987664,0.0002359403737424645,0.0002457762843102716,18669,parameter_draws_1000,False
2000-06-01,True,2,A,316,34834616.86,,,316,none: population total,101849.90196099738,99541.42993859774,103996.01132981364,316,parameter_draws_1000,0.0029238128948089535,0.002857543412595976,0.002985421419956265,316,parameter_draws_1000,False
2000-06-01,True,1,B,11908,1405225219.68,,,11908,none: population total,1062960.7525767474,1044715.1548050406,1083516.8274340434,11908,parameter_draws_1000,0.0007564344403232433,0.0007434503310742919,0.0007710627536849811,11908,parameter_draws_1000,False
2000-06-01,True,2,B,286,33764656.61,,,286,none: population total,348695.6478476101,342079.17718491115,355303.05511922523,286,parameter_draws_1000,0.010327238090267967,0.010131279613949882,0.010522928138235412,286,parameter_draws_1000,False
2000-06-01,True,1,C,10899,1299918815.38,,,10899,none: population total,1491737.5525401176,1466523.6710155052,1517949.1780264464,10899,parameter_draws_1000,0.0011475620899479356,0.0011281655851614104,0.0011677261380224813,10899,parameter_draws_1000,False
2000-06-01,True,2,C,365,43454756.2,,,365,none: population total,832321.6157143201,817047.818039051,847520.2049560572,365,parameter_draws_1000,0.019153751821401773,0.018802264458201035,0.01950350845498604,365,parameter_draws_1000,False
2000-06-01,True,1,D,8497,1004429900.26,,,8497,none: population total,1589888.8553256697,1564312.1793582882,1616617.0853405974,8497,parameter_draws_1000,0.0015828768686735847,0.001557412995126251,0.0016094872174973393,8497,parameter_draws_1000,False
2000-06-01,True,2,D,466,52469868.43,,,466,none: population total,1422285.1261268677,1399950.8001184782,1445425.4267856136,466,parameter_draws_1000,0.02710670273595858,0.026681042701415407,0.027547723484650136,466,parameter_draws_1000,False
2000-06-01,True,3,D,10,792569.67,,,10,none: population total,172091.6187506041,172091.6187506041,172091.6187506041,10,parameter_draws_1000,0.21713121920323306,0.21713121920323306,0.21713121920323306,10,parameter_draws_1000,False
2000-06-01,True,1,E,6083,728980507.31,,,6083,none: population total,1403004.7250547446,1379937.5720941788,1427882.6107425666,6083,parameter_draws_1000,0.0019246121274654536,0.0018929690962331295,0.00195873908345173,6083,parameter_draws_1000,False
2000-06-01,True,2,E,412,47200547.75,,,412,none: population total,1846126.3783714592,1819087.615142706,1870981.8927556078,412,parameter_draws_1000,0.03911239310504525,0.03853954459972779,0.039638986875011585,412,parameter_draws_1000,False
2000-06-01,True,1,F,2532,291722028.78,,,2532,none: population total,708968.4129291903,694631.4723324364,723984.1307897292,2532,parameter_draws_1000,0.002430287544256226,0.0023811416478811327,0.0024817602353085118,2532,parameter_draws_1000,False
2000-06-01,True,2,F,218,24841042.52,,,218,none: population total,1228733.638544662,1209184.7667754667,1247039.479159962,218,parameter_draws_1000,0.04946385150926677,0.048676892920332504,0.0502007706864938,218,parameter_draws_1000,False
2000-06-01,True,3,F,11,1190260.58,,,11,none: population total,277559.7198458464,277559.7198458464,277559.7198458464,11,parameter_draws_1000,0.23319239879879614,0.23319239879879614,0.23319239879879614,11,parameter_draws_1000,False
2000-06-01,True,1,G,1292,142296950.58,,,1292,none: population total,448703.98883073457,439296.86809011607,458939.26569578855,1292,parameter_draws_1000,0.0031532930748116848,0.003087183993047984,0.0032252220713455885,1292,parameter_draws_1000,False
2000-06-01,True,2,G,145,16738748.08,,,145,none: population total,1218437.0397061273,1201723.8833021882,1235268.1493433318,145,parameter_draws_1000,0.07279140792864643,0.07179293681694432,0.07379692575810197,145,parameter_draws_1000,False
2000-06-01,True,3,G,12,1368575.55,,,12,none: population total,394060.86666243314,394060.86666243314,394060.86666243314,12,parameter_draws_1000,0.28793504798652375,0.28793504798652375,0.28793504798652375,12,parameter_draws_1000,False
2000-09-01,True,1,A,22111,2371585184.81,,,22111,none: population total,586757.9640047314,575068.4855174079,598624.6064108226,22111,parameter_draws_1000,0.0002474117175983875,0.0002424827449592453,0.00025241539298061585,22111,parameter_draws_1000,False
2000-09-01,True,2,A,388,42582516.27,,,388,none: population total,155641.19185366537,152484.63334313914,158628.09660227966,388,parameter_draws_1000,0.003655049195937649,0.0035809211549709843,0.0037251931190838395,388,parameter_draws_1000,False
2000-09-01,True,1,B,14124,1682514559.02,,,14124,none: population total,1310563.294527026,1288336.4428999766,1334994.4899973734,14124,parameter_draws_1000,0.0007789313248441538,0.000765720828977779,0.0007934519691615368,14124,parameter_draws_1000,False
2000-09-01,True,2,B,376,43777828.53,,,376,none: population total,525832.9302063813,516883.35147697636,534802.327284757,376,parameter_draws_1000,0.012011398186322542,0.01180696642189019,0.012216282653632959,376,parameter_draws_1000,False
2000-09-01,True,1,C,13139,1583242964.02,,,13139,none: population total,1871090.186908196,1839728.221387351,1903334.7913398792,13139,parameter_draws_1000,0.0011818086228264834,0.001161999935067522,0.001202174798558483,13139,parameter_draws_1000,False
2000-09-01,True,2,C,478,55254539.08,,,478,none: population total,1150363.6620111784,1131234.1285632807,1169019.637886049,478,parameter_draws_1000,0.020819351335926092,0.020473143879192066,0.021156988318977558,478,parameter_draws_1000,False
2000-09-01,True,1,D,10125,1205221944.41,,,10125,none: population total,1961354.0001929554,1929657.7281240388,1993317.0159519175,10125,parameter_draws_1000,0.0016273799272324978,0.001601080810944474,0.0016539003668139469,10125,parameter_draws_1000,False
2000-09-01,True,2,D,586,65699033.21,,,586,none: population total,1920457.700092773,1894655.1628500437,1947015.3100135152,586,parameter_draws_1000,0.029231140950799584,0.02883840248902871,0.02963537231651624,586,parameter_draws_1000,False
2000-09-01,True,3,D,18,2209094.27,,,18,none: population total,483079.4766928642,483079.4766928642,483079.4766928642,18,parameter_draws_1000,0.218677619716457,0.218677619716457,0.218677619716457,18,parameter_draws_1000,False
2000-09-01,True,1,E,7232,871934330.87,,,7232,none: population total,1717473.4165697265,1689492.7716329703,1747701.1761391736,7232,parameter_draws_1000,0.001969727943681336,0.0019376376314340388,0.002004395416332959,7232,parameter_draws_1000,False
2000-09-01,True,2,E,568,65999322.85,,,568,none: population total,2549860.5680409195,2516034.995714116,2581732.327009883,568,parameter_draws_1000,0.03863464741655178,0.03812213348661827,0.03911755781006293,568,parameter_draws_1000,False
2000-09-01,True,3,E,20,1761903.15,,,20,none: population total,444965.4715017168,444965.4715017168,444965.4715017168,20,parameter_draws_1000,0.25254820135926137,0.25254820135926137,0.25254820135926137,20,parameter_draws_1000,False
2000-09-01,True,1,F,3077,355573998.69,,,3077,none: population total,888727.5017611934,871156.6514094503,907195.3914766335,3077,parameter_draws_1000,0.0024994164506837646,0.002450000997314066,0.0025513546964033035,3077,parameter_draws_1000,False
2000-09-01,True,2,F,312,36079396.56,,,312,none: population total,1894953.8948626749,1868351.189075306,1920630.7477336216,312,parameter_draws_1000,0.05252177352000243,0.05178443563955511,0.053233449859384836,312,parameter_draws_1000,False
2000-09-01,True,3,F,20,2018379.44,,,20,none: population total,483942.0571144801,483942.0571144801,483942.0571144801,20,parameter_draws_1000,0.23976763116179986,0.23976763116179986,0.23976763116179986,20,parameter_draws_1000,False
2000-09-01,True,1,G,1602,178791246.03,,,1602,none: population total,573833.2041196282,561805.3428736634,586931.5025192309,1602,parameter_draws_1000,0.003209515101334115,0.0031422418901840203,0.0032827753905845464,1602,parameter_draws_1000,False
2000-09-01,True,2,G,229,26673270.87,,,229,none: population total,2099916.0669967704,2074146.290965438,2125975.318276405,229,parameter_draws_1000,0.0787273550825966,0.0777612277502222,0.07970433504904471,229,parameter_draws_1000,False
2000-09-01,True,3,G,21,2601935.36,,,21,none: population total,661368.3850801999,661368.3850801999,661368.3850801999,21,parameter_draws_1000,0.2541832496100902,0.2541832496100902,0.2541832496100902,21,parameter_draws_1000,False
2000-12-01,True,1,A,25367,2734340791.48,,,25367,none: population total,682814.5461832584,669007.7672561152,696425.293763281,25367,parameter_draws_1000,0.0002497181581428537,0.00024466875867876204,0.00025469586524594514,25367,parameter_draws_1000,False
2000-12-01,True,2,A,470,53852515.63,,,470,none: population total,190525.83900944894,186938.42568645676,193948.0650049568,470,parameter_draws_1000,0.0035379190141920014,0.0034713034943592803,0.003601467131777086,470,parameter_draws_1000,False
2000-12-01,True,1,B,16186,1948500953.31,,,16186,none: population total,1538771.0318325264,1512802.8879994275,1567450.6971182728,16186,parameter_draws_1000,0.0007897204408437942,0.0007763931987970373,0.0008044392764887176,16186,parameter_draws_1000,False
2000-12-01,True,2,B,470,54809445.42,,,470,none: population total,672891.381443012,662546.658633503,683470.0579638726,470,parameter_draws_1000,0.012276923736168174,0.01208818395363182,0.012469932011289316,470,parameter_draws_1000,False
2000-12-01,True,1,C,14985,1811642237.04,,,14985,none: population total,2173496.305433751,2137014.3867670153,2211006.9348731586,14985,parameter_draws_1000,0.0011997381497270542,0.001179600664565336,0.0012204434681792756,14985,parameter_draws_1000,False
2000-12-01,True,2,C,612,70563957.17,,,612,none: population total,1531769.2025854988,1510010.5812284292,1553785.1346598484,612,parameter_draws_1000,0.021707529793081454,0.021399176602164886,0.02201952947333337,612,parameter_draws_1000,False
2000-12-01,True,3,C,21,1982520.24,,,21,none: population total,483646.1393899468,483646.1393899468,483646.1393899468,21,parameter_draws_1000,0.2439552089465411,0.2439552089465411,0.2439552089465411,21,parameter_draws_1000,False
2000-12-01,True,1,D,11590,1389139538.2,,,11590,none: population total,2283382.6031235554,2246489.861635156,2320236.4275989598,11590,parameter_draws_1000,0.0016437388328045758,0.001617180851785474,0.0016702687986301528,11590,parameter_draws_1000,False
2000-12-01,True,2,D,772,87492908.14,,,772,none: population total,2666858.827999072,2635184.070965237,2699376.6209443384,772,parameter_draws_1000,0.030480857073944236,0.030118830508509335,0.03085251911646354,772,parameter_draws_1000,False
2000-12-01,True,3,D,24,2819850.41,,,24,none: population total,633379.4882231527,633379.4882231527,633379.4882231527,24,parameter_draws_1000,0.2246145703250807,0.2246145703250807,0.2246145703250807,24,parameter_draws_1000,False
2000-12-01,True,1,E,8211,986951061.11,,,8211,none: population total,1979306.7516009626,1947664.2264613078,2012824.3523520213,8211,parameter_draws_1000,0.002005476086499045,0.001973415200821424,0.0020394368390345987,8211,parameter_draws_1000,False
2000-12-01,True,2,E,766,88431484.08,,,766,none: population total,3767489.9860967407,3724230.3838024093,3810115.8056501006,766,parameter_draws_1000,0.04260349156515864,0.042114303774810166,0.043085512420025195,766,parameter_draws_1000,False
2000-12-01,True,3,E,35,3347136.58,,,35,none: population total,850884.1035376451,850884.1035376451,850884.1035376451,35,parameter_draws_1000,0.25421254352806993,0.25421254352806993,0.25421254352806993,35,parameter_draws_1000,False
2000-12-01,True,1,F,3503,404094288.2,,,3503,none: population total,1023753.8449228774,1003480.4433477607,1044919.5270299668,3503,parameter_draws_1000,0.0025334528965581093,0.0024832829184932804,0.002585830974460101,3503,parameter_draws_1000,False
2000-12-01,True,2,F,405,46112901.42,,,405,none: population total,2460174.5454241885,2426253.683100897,2492474.515816095,405,parameter_draws_1000,0.05335111150384404,0.05261550690559207,0.054051565593638044,405,parameter_draws_1000,False
2000-12-01,True,3,F,47,5169747.7,,,47,none: population total,1189960.6796005056,1189960.6796005056,1189960.6796005056,47,parameter_draws_1000,0.23017770859504527,0.23017770859504527,0.23017770859504527,47,parameter_draws_1000,False
2000-12-01,True,1,G,1896,212409907.54,,,1896,none: population total,697325.0503770148,683044.2204693309,713082.5175542563,1896,parameter_draws_1000,0.003282921491059441,0.0032156890814554087,0.0033571057292606375,1896,parameter_draws_1000,False
2000-12-01,True,2,G,348,39282588.34,,,348,none: population total,3180542.615962244,3145100.128015558,3217580.2709838334,348,parameter_draws_1000,0.08096570899131958,0.08006346477971307,0.0819085606868601,348,parameter_draws_1000,False
2000-12-01,True,3,G,38,4729831.34,,,38,none: population total,1110408.1322584723,1110408.1322584723,1110408.1322584723,38,parameter_draws_1000,0.23476696153365847,0.23476696153365847,0.23476696153365847,38,parameter_draws_1000,False
2001-03-01,True,1,A,27574,2984009983.8,,,27574,none: population total,758266.6372944148,742904.448326392,773607.7376995117,27574,parameter_draws_1000,0.00025410995318748795,0.00024896178376063513,0.0002592510554252093,27574,parameter_draws_1000,False
2001-03-01,True,2,A,547,61310901.56,,,547,none: population total,223630.93547083045,219737.59436821588,227487.7527344051,547,parameter_draws_1000,0.0036474905731402594,0.003583988960807835,0.0037103964702228575,547,parameter_draws_1000,False
2001-03-01,True,1,B,17265,2085109854.55,,,17265,none: population total,1675214.612779741,1647260.59716829,1706049.4057329542,17265,parameter_draws_1000,0.0008034179154274244,0.0007900114200571917,0.0008182060057939474,17265,parameter_draws_1000,False
2001-03-01,True,2,B,553,65192606.99,,,553,none: population total,761677.3066728475,751105.477216328,773373.4275613566,553,parameter_draws_1000,0.011683492068198506,0.011521329057013188,0.011862900768487223,553,parameter_draws_1000,False
2001-03-01,True,3,B,12,835731.08,,,12,none: population total,214231.37168501053,214231.37168501053,214231.37168501053,12,parameter_draws_1000,0.25634007973594874,0.25634007973594874,0.25634007973594874,12,parameter_draws_1000,False
2001-03-01,True,1,C,15734,1910761232.4,,,15734,none: population total,2347356.0722695007,2308103.2632999364,2387130.4771818873,15734,parameter_draws_1000,0.0012284926198346186,0.0012079495983916616,0.001249308619362947,15734,parameter_draws_1000,False
2001-03-01,True,2,C,733,84358773.43,,,733,none: population total,1767509.1441209125,1745344.0950550886,1790050.2924371324,733,parameter_draws_1000,0.020952285959771243,0.020689538551711593,0.021219491697831487,733,parameter_draws_1000,False
2001-03-01,True,3,C,25,2442105.52,,,25,none: population total,621333.7014773609,621333.7014773609,621333.7014773609,25,parameter_draws_1000,0.25442541134641916,0.25442541134641916,0.25442541134641916,25,parameter_draws_1000,False
2001-03-01,True,1,D,12182,1466537001.27,,,12182,none: population total,2462011.2522642044,2422883.8809360736,2500726.12986725,12182,parameter_draws_1000,0.001678792454695748,0.0016521123427761394,0.0017051912960270744,12182,parameter_draws_1000,False
2001-03-01,True,2,D,889,100622575.1,,,889,none: population total,3122688.4779318897,3088757.289304673,3155521.326300669,889,parameter_draws_1000,0.031033676834731395,0.030696464349426827,0.031359973874298806,889,parameter_draws_1000,False
2001-03-01,True,3,D,45,4668102.97,,,45,none: population total,1089515.7189573722,1089515.7189573722,1089515.7189573722,45,parameter_draws_1000,0.2333958196636293,0.2333958196636293,0.2333958196636293,45,parameter_draws_1000,False
2001-03-01,True,1,E,8497,1016792233.51,,,8497,none: population total,2093035.7816263728,2060102.9523219878,2127399.953197705,8497,parameter_draws_1000,0.0020584694814211406,0.002026080534870379,0.002092266131748323,8497,parameter_draws_1000,False
2001-03-01,True,2,E,931,107835781.51,,,931,none: population total,4356773.81160421,4310468.287269387,4402493.163913941,931,parameter_draws_1000,0.04040193107146157,0.039972523284116615,0.04082590307471998,931,parameter_draws_1000,False
2001-03-01,True,3,E,62,6766635.86,,,62,none: population total,1525099.45313281,1525099.45313281,1525099.45313281,62,parameter_draws_1000,0.2253851817486171,0.2253851817486171,0.2253851817486171,62,parameter_draws_1000,False
2001-03-01,True,1,F,3705,427115796.39,,,3705,none: population total,1119006.0694781523,1096906.4727656571,1142037.3474932404,3705,parameter_draws_1000,0.002619912630101806,0.0025681711658448484,0.0026738354262375364,3705,parameter_draws_1000,False
2001-03-01,True,2,F,494,56619166.57,,,494,none: population total,3124315.859148441,3084754.564803401,3162760.091201011,494,parameter_draws_1000,0.05518124070734517,0.054482514520760826,0.055860237492030104,494,parameter_draws_1000,False
2001-03-01,True,3,F,57,6483003.1,,,57,none: population total,1425119.1790164819,1425119.1790164819,1425119.1790164819,57,parameter_draws_1000,0.21982392373319734,0.21982392373319734,0.21982392373319734,57,parameter_draws_1000,False
2001-03-01,True,1,G,2022,228060012.82,,,2022,none: population total,759476.9629078206,744152.0359575186,776364.5772531277,2022,parameter_draws_1000,0.0033301627651281854,0.0032629658604152257,0.003404211758358033,2022,parameter_draws_1000,False
2001-03-01,True,2,G,440,48801398.72,,,440,none: population total,3602235.4359956426,3557071.6387047484,3648677.85399126,440,parameter_draws_1000,0.07381418423401374,0.07288872311044998,0.0747658458505605,440,parameter_draws_1000,False
2001-03-01,True,3,G,72,8444680.34,,,72,none: population total,1939536.52202672,1939536.52202672,1939536.52202672,72,parameter_draws_1000,0.22967554056956999,0.22967554056956999,0.22967554056956999,72,parameter_draws_1000,False
2001-06-01,True,1,A,30641,3351980859.87,,,30641,none: population total,862314.8855746605,844889.8759470868,879721.2188808606,30641,parameter_draws_1000,0.0002572553130891397,0.00025205689151215925,0.00026244816293938473,30641,parameter_draws_1000,False
2001-06-01,True,2,A,630,69176766.01,,,630,none: population total,242344.6251317331,238222.8389622858,246557.96165167727,630,parameter_draws_1000,0.00350326618472885,0.003443682795576899,0.003564173000166494,630,parameter_draws_1000,False
2001-06-01,True,1,B,18446,2257287960.34,,,18446,none: population total,1845891.5552936222,1815444.9309344452,1880036.8188815229,18446,parameter_draws_1000,0.0008177474862425563,0.0008042593425523774,0.0008328741622306555,18446,parameter_draws_1000,False
2001-06-01,True,2,B,607,71106359.44,,,607,none: population total,921834.2849170506,909474.5942496564,935280.9051885487,607,parameter_draws_1000,0.01296416090173904,0.012790341137026947,0.013153266635423022,607,parameter_draws_1000,False
2001-06-01,True,3,B,14,1085127.8,,,14,none: population total,299629.65464306134,299629.65464306134,299629.65464306134,14,parameter_draws_1000,0.2761238396464097,0.2761238396464097,0.2761238396464097,14,parameter_draws_1000,False
2001-06-01,True,1,C,16641,2031799179.55,,,16641,none: population total,2553310.8923761393,2510662.3379856683,2594653.3260549055,16641,parameter_draws_1000,0.001256674831880601,0.0012356842956013627,0.0012770225286878826,16641,parameter_draws_1000,False
2001-06-01,True,2,C,845,96961758.78,,,845,none: population total,2079158.2214521274,2052361.6295343558,2106159.921349822,845,parameter_draws_1000,0.021443074544157184,0.021166712066259363,0.02172155237126591,845,parameter_draws_1000,False
2001-06-01,True,3,C,32,3561097.29,,,32,none: population total,853398.7457083615,853398.7457083615,853398.7457083615,32,parameter_draws_1000,0.23964488364437847,0.23964488364437847,0.23964488364437847,32,parameter_draws_1000,False
2001-06-01,True,1,D,12767,1550877724.07,,,12767,none: population total,2650289.038876574,2609630.83430291,2692175.927785896,12767,parameter_draws_1000,0.0017088961932610436,0.0016826799391085475,0.0017359046983541453,12767,parameter_draws_1000,False
2001-06-01,True,2,D,980,111779580.29,,,980,none: population total,3569600.8748063464,3531910.0133875175,3605685.212664903,980,parameter_draws_1000,0.03193428411115343,0.03159709496335878,0.032257101013533455,980,parameter_draws_1000,False
2001-06-01,True,3,D,69,7349070.07,,,69,none: population total,1791859.4525348186,1791859.4525348186,1791859.4525348186,69,parameter_draws_1000,0.24382125023538093,0.24382125023538093,0.24382125023538093,69,parameter_draws_1000,False
2001-06-01,True,1,E,8715,1048898867.1,,,8715,none: population total,2207954.868154196,2174252.0596305924,2244796.1332452013,8715,parameter_draws_1000,0.002105021692185405,0.0020728900829514417,0.0021401454455295802,8715,parameter_draws_1000,False
2001-06-01,True,2,E,1061,122709417.47,,,1061,none: population total,5359616.586721402,5306253.589831768,5412238.291057799,1061,parameter_draws_1000,0.043677304458166144,0.04324243158540819,0.04410613629048466,1061,parameter_draws_1000,False
2001-06-01,True,3,E,89,10097122.98,,,89,none: population total,2236293.7301211227,2236293.7301211227,2236293.7301211227,89,parameter_draws_1000,0.22147830966807958,0.22147830966807958,0.22147830966807958,89,parameter_draws_1000,False
2001-06-01,True,1,F,3806,440841210.62,,,3806,none: population total,1186070.3340327723,1162981.966535124,1209910.0184425178,3806,parameter_draws_1000,0.0026904706399038343,0.0026380972071542584,0.0027445483527751362,3806,parameter_draws_1000,False
2001-06-01,True,2,F,594,67818392.72,,,594,none: population total,3748835.826736117,3703160.6827472313,3795429.6821302082,594,parameter_draws_1000,0.05527756816965327,0.05460407618382188,0.05596460679627573,594,parameter_draws_1000,False
2001-06-01,True,3,F,63,7059470.97,,,63,none: population total,1600893.8631788138,1600893.8631788138,1600893.8631788138,63,parameter_draws_1000,0.22677249754011156,0.22677249754011156,0.22677249754011156,63,parameter_draws_1000,False
2001-06-01,True,1,G,2034,226422781.85,,,2034,none: population total,771320.4071622659,755926.0642978436,788366.1393823128,2034,parameter_draws_1000,0.0034065494684772856,0.003338560095947534,0.00348183222969404,2034,parameter_draws_1000,False
2001-06-01,True,2,G,515,57590397.87,,,515,none: population total,4521546.617571814,4468696.802049617,4576410.613153533,515,parameter_draws_1000,0.07851216148529475,0.07759447698446013,0.07946482022027283,515,parameter_draws_1000,False
2001-06-01,True,3,G,93,10731746.459999999,,,93,none: population total,2520208.0026751165,2520208.0026751165,2520208.0026751165,93,parameter_draws_1000,0.23483670734009465,0.23483670734009465,0.23483670734009465,93,parameter_draws_1000,False
2001-09-01,True,1,A,33608,3717924442.9,,,33608,none: population total,962152.3924381975,943846.6566634993,981798.4232804481,33608,parameter_draws_1000,0.00025878750555988,0.00025386386172154,0.00026407164490804987,33608,parameter_draws_1000,False
2001-09-01,True,2,A,742,81216773.89,,,742,none: population total,373673.06856638385,367525.8649358759,379799.80024099146,742,parameter_draws_1000,0.004600934642792961,0.004525245800007435,0.004676371419965442,742,parameter_draws_1000,False
2001-09-01,True,1,B,19807,2454730278.31,,,19807,none: population total,2019229.6338757384,1986227.3091218688,2057402.018813241,19807,parameter_draws_1000,0.0008225871704592778,0.0008091427912354266,0.0008381377119076781,19807,parameter_draws_1000,False
2001-09-01,True,2,B,704,83791679.77,,,704,none: population total,1192107.839235829,1176588.694494971,1209282.8242242415,704,parameter_draws_1000,0.014227043096737635,0.014041832049728474,0.014432015535953035,704,parameter_draws_1000,False
2001-09-01,True,3,B,22,1773677.42,,,22,none: population total,487857.3471589112,487857.3471589112,487857.3471589112,22,parameter_draws_1000,0.2750541567806119,0.2750541567806119,0.2750541567806119,22,parameter_draws_1000,False
2001-09-01,True,1,C,17904,2210114934.5,,,17904,none: population total,2794750.343509364,2749767.552648227,2838692.2209551195,17904,parameter_draws_1000,0.0012645271519065263,0.0012441740063940676,0.0012844093203674602,17904,parameter_draws_1000,False
2001-09-01,True,2,C,962,110404915.01,,,962,none: population total,2409139.6530133444,2377550.860396603,2438743.3554332987,962,parameter_draws_1000,0.021820945677963114,0.021534828048019917,0.02208908321891655,962,parameter_draws_1000,False
2001-09-01,True,3,C,41,4314549.12,,,41,none: population total,1061067.734901889,1061067.734901889,1061067.734901889,41,parameter_draws_1000,0.24592783750759314,0.24592783750759314,0.24592783750759314,41,parameter_draws_1000,False
2001-09-01,True,1,D,13540,1659436143.07,,,13540,none: population total,2856934.578308708,2813366.786851388,2901318.462743212,13540,parameter_draws_1000,0.0017216297175637653,0.0016953751420928957,0.0017483760823575275,13540,parameter_draws_1000,False
2001-09-01,True,2,D,1104,127122063.05,,,1104,none: population total,4205444.37476189,4160087.227269314,4248806.690051445,1104,parameter_draws_1000,0.03308193930984107,0.03272513934605559,0.033423047015688316,1104,parameter_draws_1000,False
2001-09-01,True,3,D,87,9204968.95,,,87,none: population total,2215043.130869964,2215043.130869964,2215043.130869964,87,parameter_draws_1000,0.240635589636613,0.240635589636613,0.240635589636613,87,parameter_draws_1000,False
2001-09-01,True,1,E,9087,1102467974.7,,,9087,none: population total,2348523.4689507848,2312875.9328037133,2386637.702703828,9087,parameter_draws_1000,0.002130241896223659,0.002097907590860483,0.0021648136340225864,9087,parameter_draws_1000,False
2001-09-01,True,2,E,1183,136617964.21,,,1183,none: population total,6100159.138947029,6039630.820438262,6160608.406453959,1183,parameter_draws_1000,0.04465122265744109,0.044208174637667304,0.04509369204905061,1183,parameter_draws_1000,False
2001-09-01,True,3,E,119,14132987.59,,,119,none: population total,3265091.071756687,3265091.071756687,3265091.071756687,119,parameter_draws_1000,0.23102624628829008,0.23102624628829008,0.23102624628829008,119,parameter_draws_1000,False
2001-09-01,True,1,F,3896,451403723.16,,,3896,none: population total,1229182.1415892718,1205657.3533344453,1253562.035915457,3896,parameter_draws_1000,0.0027230217176422984,0.002670906976341221,0.0027770307855239647,3896,parameter_draws_1000,False
2001-09-01,True,2,F,657,73274880.12,,,657,none: population total,4252760.658794924,4201995.916708743,4305895.715009289,657,parameter_draws_1000,0.058038452629745815,0.0573456539243362,0.0587635995849827,657,parameter_draws_1000,False
2001-09-01,True,3,F,90,10243527.1,,,90,none: population total,2432966.5735307354,2432966.5735307354,2432966.5735307354,90,parameter_draws_1000,0.2375125823146146,0.2375125823146146,0.2375125823146146,90,parameter_draws_1000,False
2001-09-01,True,1,G,2069,228659598.71,,,2069,none: population total,800416.640205872,784493.9259023065,818262.7880895885,2069,parameter_draws_1000,0.0035004725133844436,0.0034308374996199014,0.003578519304266597,2069,parameter_draws_1000,False
2001-09-01,True,2,G,586,64739033.44,,,586,none: population total,5021384.409973211,4961578.006836988,5083646.815733235,586,parameter_draws_1000,0.07756347512705791,0.07663966765020315,0.07852521957166303,586,parameter_draws_1000,False
2001-09-01,True,3,G,112,13178759.43,,,112,none: population total,3119124.9029642204,3119124.9029642204,3119124.9029642204,112,parameter_draws_1000,0.2366781880746586,0.2366781880746586,0.2366781880746586,112,parameter_draws_1000,False
2001-12-01,True,1,A,34446,3823318267.36,,,34446,none: population total,990176.3825624298,971011.170090492,1010385.6249162172,34446,parameter_draws_1000,0.0002589835094335859,0.00025397079243444067,0.0002642692954813537,34446,parameter_draws_1000,False
2001-12-01,True,2,A,813,87321330.05,,,813,none: population total,327218.7098183016,321718.5577254117,332755.46362537536,813,parameter_draws_1000,0.0037472941563182435,0.0036843066584212173,0.0038107008154232226,813,parameter_draws_1000,False
2001-12-01,True,3,A,17,1640823.68,,,17,none: population total,311715.1114697385,311715.1114697385,311715.1114697385,17,parameter_draws_1000,0.1899747762475847,0.1899747762475847,0.1899747762475847,17,parameter_draws_1000,False
2001-12-01,True,1,B,19553,2426066899.42,,,19553,none: population total,2012317.4910250474,1979707.7693094688,2050559.203086671,19553,parameter_draws_1000,0.0008294567192298498,0.0008160153249618787,0.0008452195624023798,19553,parameter_draws_1000,False
2001-12-01,True,2,B,755,87263507.91,,,755,none: population total,1175910.497424158,1160213.2953708896,1192870.4967272687,755,parameter_draws_1000,0.013475397970901467,0.01329551519482217,0.013669751827505565,755,parameter_draws_1000,False
2001-12-01,True,3,B,24,2144616.62,,,24,none: population total,621200.2453378533,621200.2453378533,621200.2453378533,24,parameter_draws_1000,0.2896556146887705,0.2896556146887705,0.2896556146887705,24,parameter_draws_1000,False
2001-12-01,True,1,C,17378,2142838446.18,,,17378,none: population total,2736936.69553102,2692583.501591475,2779737.020726484,17378,parameter_draws_1000,0.001277248268720448,0.0012565499309532624,0.0012972219280841595,17378,parameter_draws_1000,False
2001-12-01,True,2,C,1061,121263836.86,,,1061,none: population total,2775878.181198867,2740919.079431712,2808234.311208297,1061,parameter_draws_1000,0.022891228358571887,0.022602938768926828,0.023158052589498913,1061,parameter_draws_1000,False
2001-12-01,True,3,C,60,5780072.18,,,60,none: population total,1480845.9438948673,1480845.9438948673,1480845.9438948673,60,parameter_draws_1000,0.2561985210182734,0.2561985210182734,0.2561985210182734,60,parameter_draws_1000,False
2001-12-01,True,1,D,13096,1609919720.81,,,13096,none: population total,2814243.44533237,2770756.114926579,2857261.487098214,13096,parameter_draws_1000,0.001748064458715021,0.0017210523475869508,0.001774785071680865,13096,parameter_draws_1000,False
2001-12-01,True,2,D,1213,138818688.92,,,1213,none: population total,4689391.43154469,4640343.343087147,4736610.606657582,1213,parameter_draws_1000,0.033780692412727985,0.03342736759141514,0.03412084239887361,1213,parameter_draws_1000,False
2001-12-01,True,3,D,86,8670974.25,,,86,none: population total,1993634.4167574877,1993634.4167574877,1993634.4167574877,86,parameter_draws_1000,0.2299204632925173,0.2299204632925173,0.2299204632925173,86,parameter_draws_1000,False
2001-12-01,True,1,E,8775,1065354436.31,,,8775,none: population total,2302182.001574541,2267354.9752129726,2339611.1695405603,8775,parameter_draws_1000,0.002160954066656409,0.002128263513001612,0.0021960871328833265,8775,parameter_draws_1000,False
2001-12-01,True,2,E,1309,151814372.59,,,1309,none: population total,6768304.417802847,6702627.21077482,6833501.75422625,1309,parameter_draws_1000,0.044582764479630534,0.04415014926733177,0.0450122187882781,1309,parameter_draws_1000,False
2001-12-01,True,3,E,139,15680841.98,,,139,none: population total,3568066.836273917,3568066.836273917,3568066.836273917,139,parameter_draws_1000,0.22754306438549526,0.22754306438549526,0.22754306438549526,139,parameter_draws_1000,False
2001-12-01,True,1,F,3768,435067711.35,,,3768,none: population total,1205947.083513384,1182916.4560791447,1229627.7462565014,3768,parameter_draws_1000,0.002771860682952941,0.002718924951724402,0.002826290515655619,3768,parameter_draws_1000,False
2001-12-01,True,2,F,686,76049838.75,,,686,none: population total,4613621.397591185,4560036.322419197,4667150.964023871,686,parameter_draws_1000,0.06066576173498047,0.059961157017169836,0.06136963655329081,686,parameter_draws_1000,False
2001-12-01,True,3,F,117,12649135.0,,,117,none: population total,3049580.6555810166,3049580.6555810166,3049580.6555810166,117,parameter_draws_1000,0.2410900552157137,0.2410900552157137,0.2410900552157137,117,parameter_draws_1000,False
2001-12-01,True,1,G,1947,212363669.86,,,1947,none: population total,761559.2262643194,746179.6367394452,778587.1400970664,1947,parameter_draws_1000,0.0035861088046103863,0.003513687803715962,0.00366629160538781,1947,parameter_draws_1000,False
2001-12-01,True,2,G,624,67124464.22,,,624,none: population total,5352266.661146843,5289345.579032395,5417348.095940038,624,parameter_draws_1000,0.0797364526233658,0.07879907334078078,0.0807060161878494,624,parameter_draws_1000,False
2001-12-01,True,3,G,148,16937311.62,,,148,none: population total,4110212.6665228913,4110212.6665228913,4110212.6665228913,148,parameter_draws_1000,0.24267208154034606,0.24267208154034606,0.24267208154034606,148,parameter_draws_1000,False
2002-03-01,True,1,A,37673,4232357353.31,,,37673,none: population total,1085036.313408797,1064154.0258493044,1107239.47373276,37673,parameter_draws_1000,0.00025636689504968726,0.0002514329337094046,0.00026161294552947453,37673,parameter_draws_1000,False
2002-03-01,True,2,A,844,91783992.82,,,844,none: population total,353924.3770017031,347999.7041452279,360070.31957666116,844,parameter_draws_1000,0.003856057751767168,0.003791507576138023,0.0039230186932791705,844,parameter_draws_1000,False
2002-03-01,True,3,A,14,1426997.65,,,14,none: population total,267791.42920952034,267791.42920952034,267791.42920952034,14,parameter_draws_1000,0.18766073595812885,0.18766073595812885,0.18766073595812885,14,parameter_draws_1000,False
2002-03-01,True,1,B,20307,2538269566.98,,,20307,none: population total,2104741.2204191065,2070624.5327676125,2144624.5230329623,20307,parameter_draws_1000,0.0008292031893694018,0.0008157622656411607,0.0008449159817113548,20307,parameter_draws_1000,False
2002-03-01,True,2,B,777,89260382.61,,,777,none: population total,1115941.7040019135,1099957.9962999744,1132687.6364823154,777,parameter_draws_1000,0.012502094113552372,0.012323025782960784,0.012689701784399682,777,parameter_draws_1000,False
2002-03-01,True,3,B,31,3057666.55,,,31,none: population total,754318.0184744829,754318.0184744829,754318.0184744829,31,parameter_draws_1000,0.24669727916357753,0.24669727916357753,0.24669727916357753,31,parameter_draws_1000,False
2002-03-01,True,1,C,17824,2210098491.9,,,17824,none: population total,2831096.9774412885,2785548.109542105,2875924.823517001,17824,parameter_draws_1000,0.001280982267449729,0.0012603728384735454,0.0013012654567464983,17824,parameter_draws_1000,False
2002-03-01,True,2,C,1106,125370877.57,,,1106,none: population total,2668885.65788684,2633538.384067776,2701604.6586217494,1106,parameter_draws_1000,0.021287923556223696,0.021005981892384517,0.02154890123596149,1106,parameter_draws_1000,False
2002-03-01,True,3,C,61,5821770.69,,,61,none: population total,1413145.460509734,1413145.460509734,1413145.460509734,61,parameter_draws_1000,0.24273464822946056,0.24273464822946056,0.24273464822946056,61,parameter_draws_1000,False
2002-03-01,True,1,D,13387,1654117116.12,,,13387,none: population total,2903344.9074077453,2858637.8641911563,2947037.2638283987,13387,parameter_draws_1000,0.0017552233025784848,0.0017281955650737446,0.0017816376090352979,13387,parameter_draws_1000,False
2002-03-01,True,2,D,1269,145386084.18,,,1269,none: population total,4780389.014863948,4727245.391911466,4829180.762917532,1269,parameter_draws_1000,0.03288065045445086,0.03251511600008942,0.03321625168017185,1269,parameter_draws_1000,False
2002-03-01,True,3,D,107,11151292.12,,,107,none: population total,2620481.843641873,2620481.843641873,2620481.843641873,107,parameter_draws_1000,0.23499356087551523,0.23499356087551523,0.23499356087551523,107,parameter_draws_1000,False
2002-03-01,True,1,E,8908,1090060857.28,,,8908,none: population total,2371993.957256542,2335857.1139244,2410028.4769756803,8908,parameter_draws_1000,0.0021760197528561073,0.0021428685364897906,0.0022109118595354032,8908,parameter_draws_1000,False
2002-03-01,True,2,E,1328,153265490.38,,,1328,none: population total,6771881.32745555,6704607.4266692065,6840514.618309206,1328,parameter_draws_1000,0.04418399282621047,0.043745055785526704,0.04463179937864109,1328,parameter_draws_1000,False
2002-03-01,True,3,E,146,15948495.13,,,146,none: population total,3675361.3612400973,3675361.3612400973,3675361.3612400973,146,parameter_draws_1000,0.23045192234636228,0.23045192234636228,0.23045192234636228,146,parameter_draws_1000,False
2002-03-01,True,1,F,3772,442189262.3,,,3772,none: population total,1238247.8057827586,1214836.6974637983,1262372.8878810396,3772,parameter_draws_1000,0.002800266563105005,0.0027473229249054027,0.002854824835218618,3772,parameter_draws_1000,False
2002-03-01,True,2,F,701,77127292.05,,,701,none: population total,4415713.149355396,4363192.354976698,4470029.376443525,701,parameter_draws_1000,0.05725227778634808,0.056571315276415145,0.05795651912095785,701,parameter_draws_1000,False
2002-03-01,True,3,F,128,13488912.24,,,128,none: population total,3340439.131060509,3340439.131060509,3340439.131060509,128,parameter_draws_1000,0.24764332895240995,0.24764332895240995,0.24764332895240995,128,parameter_draws_1000,False
2002-03-01,True,1,G,1988,217898729.56,,,1988,none: population total,799645.47070277,783647.1588466605,817407.5622489433,1988,parameter_draws_1000,0.0036698032719946713,0.0035963824131929026,0.0037513186235620713,1988,parameter_draws_1000,False
2002-03-01,True,2,G,643,69483102.06,,,643,none: population total,5262329.701572757,5196195.811655888,5329878.117191806,643,parameter_draws_1000,0.07573538810959582,0.07478358993196464,0.07670754412474781,643,parameter_draws_1000,False
2002-03-01,True,3,G,166,18175013.43,,,166,none: population total,4322874.719966967,4322874.719966967,4322874.719966967,166,parameter_draws_1000,0.23784712658487245,0.23784712658487245,0.23784712658487245,166,parameter_draws_1000,False
2002-06-01,True,1,A,40317,4576560257.51,,,40317,none: population total,1173351.5760976684,1150321.7267087502,1197116.3292688527,40317,parameter_draws_1000,0.0002563828530766602,0.00025135072237301065,0.0002615755637226496,40317,parameter_draws_1000,False
2002-06-01,True,2,A,919,101125681.29,,,919,none: population total,354707.85122828407,348711.09320460487,360706.5815131681,919,parameter_draws_1000,0.003507594180859773,0.0034482941301982387,0.00356691373459095,919,parameter_draws_1000,False
2002-06-01,True,3,A,12,1035978.74,,,12,none: population total,182495.75843986217,182495.75843986217,182495.75843986217,12,parameter_draws_1000,0.17615782196443738,0.17615782196443738,0.17615782196443738,12,parameter_draws_1000,False
2002-06-01,True,1,B,21475,2711370364.61,,,21475,none: population total,2250666.147312425,2214231.160394902,2291122.784274021,21475,parameter_draws_1000,0.0008300843649724547,0.0008166465154653978,0.0008450054681495249,21475,parameter_draws_1000,False
2002-06-01,True,2,B,814,94312777.06,,,814,none: population total,1179932.578579222,1162793.744114236,1198519.4741563292,814,parameter_draws_1000,0.012510845458707799,0.012329122101605479,0.012707922632729325,814,parameter_draws_1000,False
2002-06-01,True,3,B,30,2592279.86,,,30,none: population total,658523.0833925682,658523.0833925682,658523.0833925682,30,parameter_draws_1000,0.2540324035046772,0.2540324035046772,0.2540324035046772,30,parameter_draws_1000,False
2002-06-01,True,1,C,18759,2347170671.4,,,18759,none: population total,3009125.206951824,2961241.0335414633,3055803.61785241,18759,parameter_draws_1000,0.001282022327399393,0.0012616215214444517,0.0013019094244347115,18759,parameter_draws_1000,False
2002-06-01,True,2,C,1188,137453179.88,,,1188,none: population total,2923228.754646912,2884458.3667525435,2959351.2639607955,1188,parameter_draws_1000,0.021267087143411034,0.020985024640904973,0.02152988578761424,1188,parameter_draws_1000,False
2002-06-01,True,3,C,63,6021080.15,,,63,none: population total,1614014.5861522593,1614014.5861522593,1614014.5861522593,63,parameter_draws_1000,0.26806063794919904,0.26806063794919904,0.26806063794919904,63,parameter_draws_1000,False
2002-06-01,True,1,D,14241,1767455017.63,,,14241,none: population total,3110194.3869748875,3063285.774058701,3158029.385834199,14241,parameter_draws_1000,0.0017597021457130952,0.0017331619438701723,0.0017867664830694449,14241,parameter_draws_1000,False
2002-06-01,True,2,D,1296,151845469.93,,,1296,none: population total,4841176.226592823,4784643.672858047,4891637.449971354,1296,parameter_draws_1000,0.03188225653899705,0.03150995334311747,0.03221457612285947,1296,parameter_draws_1000,False
2002-06-01,True,3,D,126,12460507.92,,,126,none: population total,3036850.553661529,3036850.553661529,3036850.553661529,126,parameter_draws_1000,0.24371803887602111,0.24371803887602111,0.24371803887602111,126,parameter_draws_1000,False
2002-06-01,True,1,E,9437,1162703751.06,,,9437,none: population total,2535139.4875288783,2497027.1574891396,2575602.1355845234,9437,parameter_draws_1000,0.0021803829954256814,0.00214760394056756,0.002215183474927667,9437,parameter_draws_1000,False
2002-06-01,True,2,E,1350,154745058.33,,,1350,none: population total,6852977.888671062,6783006.490613022,6926501.583219908,1350,parameter_draws_1000,0.04428560086265768,0.04383342876221604,0.044760728762328984,1350,parameter_draws_1000,False
2002-06-01,True,3,E,167,18505317.84,,,167,none: population total,4040289.1119700363,4040289.1119700363,4040289.1119700363,167,parameter_draws_1000,0.2183312465585858,0.2183312465585858,0.2183312465585858,167,parameter_draws_1000,False
2002-06-01,True,1,F,4017,474838620.38,,,4017,none: population total,1330082.9898444745,1304746.6150190951,1355818.177776497,4017,parameter_draws_1000,0.0028011263885402717,0.002747768523914384,0.002855324145056849,4017,parameter_draws_1000,False
2002-06-01,True,2,F,729,79641703.09,,,729,none: population total,4563037.5303134555,4507798.248277385,4621178.128598846,729,parameter_draws_1000,0.05729457499366812,0.05660097754543617,0.058024602052728975,729,parameter_draws_1000,False
2002-06-01,True,3,F,134,14081564.47,,,134,none: population total,3434582.428621556,3434582.428621556,3434582.428621556,134,parameter_draws_1000,0.24390630997988508,0.24390630997988508,0.24390630997988508,134,parameter_draws_1000,False
2002-06-01,True,1,G,2150,236303923.18,,,2150,none: population total,868422.3447433233,851043.3037752905,887617.1129226516,2150,parameter_draws_1000,0.003675022966427092,0.0036014776746936383,0.003756252122172877,2150,parameter_draws_1000,False
2002-06-01,True,2,G,655,71874376.08,,,655,none: population total,5508351.799340268,5441093.601934182,5576432.493848233,655,parameter_draws_1000,0.07663860334883714,0.0757028290009496,0.07758582123400093,655,parameter_draws_1000,False
2002-06-01,True,3,G,174,18361665.11,,,174,none: population total,4514874.706397425,4514874.706397425,4514874.706397425,174,parameter_draws_1000,0.24588590845928054,0.24588590845928054,0.24588590845928054,174,parameter_draws_1000,False
2002-09-01,True,1,A,41379,4711745248.57,,,41379,none: population total,1193207.2256911683,1170159.734098128,1216905.6969545493,41379,parameter_draws_1000,0.0002532410312406646,0.00024834953342464086,0.00025827069010657497,41379,parameter_draws_1000,False
2002-09-01,True,2,A,891,99010057.69,,,891,none: population total,370996.3213982538,364730.4775091794,376991.9783963219,891,parameter_draws_1000,0.0037470569157715414,0.003683771992650976,0.0038076129556118624,891,parameter_draws_1000,False
2002-09-01,True,3,A,11,755580.07,,,11,none: population total,156044.26149995538,156044.26149995538,156044.26149995538,11,parameter_draws_1000,0.20652246888930698,0.20652246888930698,0.20652246888930698,11,parameter_draws_1000,False
2002-09-01,True,1,B,21457,2716456575.96,,,21457,none: population total,2236565.758621125,2201256.6027627117,2276557.7405259786,21457,parameter_draws_1000,0.0008233394115018088,0.0008103411710105411,0.0008380615249560687,21457,parameter_draws_1000,False
2002-09-01,True,2,B,820,95003204.67,,,820,none: population total,1250297.213990881,1233679.7110528462,1269251.5073883962,820,parameter_draws_1000,0.01316057935449517,0.012985664171415221,0.013360091502146967,820,parameter_draws_1000,False
2002-09-01,True,3,B,42,3719142.64,,,42,none: population total,932771.508917197,932771.508917197,932771.508917197,42,parameter_draws_1000,0.2508028325897167,0.2508028325897167,0.2508028325897167,42,parameter_draws_1000,False
2002-09-01,True,1,C,18699,2350522756.94,,,18699,none: population total,3001975.676754002,2953380.825019406,3049288.4656920186,18699,parameter_draws_1000,0.0012771523559559526,0.0012564782945833845,0.0012972809800240771,18699,parameter_draws_1000,False
2002-09-01,True,2,C,1189,136253090.56,,,1189,none: population total,2918879.967816964,2881983.5103514474,2954273.451461696,1189,parameter_draws_1000,0.021422486314404843,0.021151692768997015,0.021682249109503768,1189,parameter_draws_1000,False
2002-09-01,True,3,C,78,7951770.24,,,78,none: population total,2085228.7480167055,2085228.7480167055,2085228.7480167055,78,parameter_draws_1000,0.26223453207027086,0.26223453207027086,0.26223453207027086,78,parameter_draws_1000,False
2002-09-01,True,1,D,14174,1762755595.45,,,14174,none: population total,3093731.896382851,3046335.8834908498,3141342.779705005,14174,parameter_draws_1000,0.0017550543616870929,0.001728166906038483,0.0017820637119594998,14174,parameter_draws_1000,False
2002-09-01,True,2,D,1391,164485046.57,,,1391,none: population total,5101056.750463516,5042124.101924733,5154291.251127902,1391,parameter_draws_1000,0.031012282616782776,0.03065399686517372,0.031335926022517724,1391,parameter_draws_1000,False
2002-09-01,True,3,D,141,14205067.2,,,141,none: population total,3310350.527837602,3310350.527837602,3310350.527837602,141,parameter_draws_1000,0.2330401173911801,0.2330401173911801,0.2330401173911801,141,parameter_draws_1000,False
2002-09-01,True,1,E,9371,1156642421.7,,,9371,none: population total,2515377.500540013,2477174.1473251074,2555550.4419160513,9371,parameter_draws_1000,0.002174723538881604,0.002141694010914996,0.002209455916513918,9371,parameter_draws_1000,False
2002-09-01,True,2,E,1386,163196769.78,,,1386,none: population total,7457062.946298782,7383838.870687719,7530656.748024322,1386,parameter_draws_1000,0.045693692077063745,0.045245006262327504,0.04614464341528416,1386,parameter_draws_1000,False
2002-09-01,True,3,E,191,20862261.63,,,191,none: population total,4640785.897969039,4640785.897969039,4640785.897969039,191,parameter_draws_1000,0.2224488399328467,0.2224488399328467,0.2224488399328467,191,parameter_draws_1000,False
2002-09-01,True,1,F,3973,470089958.47,,,3973,none: population total,1313880.8574517723,1288678.392320338,1339658.5605811104,3973,parameter_draws_1000,0.0027949562286504804,0.0027413442238047258,0.002849791909917183,3973,parameter_draws_1000,False
2002-09-01,True,2,F,771,84658168.07,,,771,none: population total,4982351.792109213,4926701.385585025,5040510.543833567,771,parameter_draws_1000,0.05885258216300561,0.058195227913641595,0.0595395655108648,771,parameter_draws_1000,False
2002-09-01,True,3,F,155,16433469.51,,,155,none: population total,4049445.747045097,4049445.747045097,4049445.747045097,155,parameter_draws_1000,0.24641453495751167,0.24641453495751167,0.24641453495751167,155,parameter_draws_1000,False
2002-09-01,True,1,G,2165,236219891.15,,,2165,none: population total,866318.7998560258,848962.3355840382,885597.1541199624,2165,parameter_draws_1000,0.003667425277517853,0.003593949397957117,0.0037490371780656132,2165,parameter_draws_1000,False
2002-09-01,True,2,G,676,73832740.4,,,676,none: population total,5959936.565926238,5891053.659704233,6030936.28858913,676,parameter_draws_1000,0.0807221367328015,0.07978917791468339,0.08168376598126553,676,parameter_draws_1000,False
2002-09-01,True,3,G,217,22524404.01,,,217,none: population total,5473066.861385709,5473066.861385709,5473066.861385709,217,parameter_draws_1000,0.24298387024828136,0.24298387024828136,0.24298387024828136,217,parameter_draws_1000,False
2002-12-01,True,1,A,42567,4862796626.23,,,42567,none: population total,1196620.746197369,1173291.6888177737,1220734.3887419193,42567,parameter_draws_1000,0.0002460766587981036,0.0002412792018668888,0.00025103546016242166,42567,parameter_draws_1000,False
2002-12-01,True,2,A,876,97608453.81,,,876,none: population total,343936.1127202626,338101.26858518686,349713.98850248154,876,parameter_draws_1000,0.003523630375190169,0.0034638523138919787,0.003582824794901661,876,parameter_draws_1000,False
2002-12-01,True,3,A,18,1308895.21,,,18,none: population total,260873.8888039488,260873.8888039488,260873.8888039488,18,parameter_draws_1000,0.19930846015086937,0.19930846015086937,0.19930846015086937,18,parameter_draws_1000,False
2002-12-01,True,1,B,20319,2554982389.66,,,20319,none: population total,2075645.8803135755,2043004.1273184952,2112598.7989082085,20319,parameter_draws_1000,0.0008123914625453794,0.00079961573730861,0.0008268545440696127,20319,parameter_draws_1000,False
2002-12-01,True,2,B,814,94150724.26,,,814,none: population total,1412516.0494564176,1394727.3418640299,1432325.0801334581,814,parameter_draws_1000,0.015002710393981811,0.014813771777394394,0.015213107401893692,814,parameter_draws_1000,False
2002-12-01,True,3,B,42,4169294.63,,,42,none: population total,1066669.6518216745,1066669.6518216745,1066669.6518216745,42,parameter_draws_1000,0.2558393556901673,0.2558393556901673,0.2558393556901673,42,parameter_draws_1000,False
2002-12-01,True,1,C,17643,2210762451.72,,,17643,none: population total,2790663.766541445,2745239.807120514,2835069.080821666,17643,parameter_draws_1000,0.0012623082884234238,0.0012417615492721456,0.0012823942611364454,17643,parameter_draws_1000,False
2002-12-01,True,2,C,1164,131586917.73,,,1164,none: population total,3038502.7986402316,3000973.6998955496,3074312.2150463425,1164,parameter_draws_1000,0.023091222524680315,0.022806018650373548,0.023363357604852853,1164,parameter_draws_1000,False
2002-12-01,True,3,C,87,8729719.22,,,87,none: population total,2249063.079047338,2249063.079047338,2249063.079047338,87,parameter_draws_1000,0.2576329229346437,0.2576329229346437,0.2576329229346437,87,parameter_draws_1000,False
2002-12-01,True,1,D,13326,1651186014.51,,,13326,none: population total,2870706.947661661,2826910.734179404,2914495.480462043,13326,parameter_draws_1000,0.0017385727122413654,0.001712048617985847,0.001765092154881737,13326,parameter_draws_1000,False
2002-12-01,True,2,D,1380,161828410.13,,,1380,none: population total,5524025.183288207,5467348.707249185,5581241.373174,1380,parameter_draws_1000,0.034135076646002065,0.0337848508976709,0.03448863749381507,1380,parameter_draws_1000,False
2002-12-01,True,3,D,163,16556638.06,,,163,none: population total,3846386.481209736,3846386.481209736,3846386.481209736,163,parameter_draws_1000,0.23231687902282594,0.23231687902282594,0.23231687902282594,163,parameter_draws_1000,False
2002-12-01,True,1,E,8743,1072463462.98,,,8743,none: population total,2330076.1151594617,2294405.470051265,2367460.135287371,8743,parameter_draws_1000,0.0021726391579672067,0.002139378682119311,0.0022074972407069506,8743,parameter_draws_1000,False
2002-12-01,True,2,E,1363,160204678.31,,,1363,none: population total,7445146.828536694,7373294.720220885,7516205.137964768,1363,parameter_draws_1000,0.04647271794479155,0.046024216009181565,0.04691626497586247,1363,parameter_draws_1000,False
2002-12-01,True,3,E,212,23404703.29,,,212,none: population total,5377230.439704613,5377230.439704613,5377230.439704613,212,parameter_draws_1000,0.22974999396818302,0.22974999396818302,0.22974999396818302,212,parameter_draws_1000,False
2002-12-01,True,1,F,3651,427902387.26,,,3651,none: population total,1190204.0440773128,1167099.7344449726,1213606.7909251922,3651,parameter_draws_1000,0.0027814849356148294,0.002727490589426941,0.0028361767240802664,3651,parameter_draws_1000,False
2002-12-01,True,2,F,789,88626788.88,,,789,none: population total,5571182.206073128,5510381.128451829,5631120.684288188,789,parameter_draws_1000,0.06286115379421528,0.06217511881100469,0.06353745583530826,789,parameter_draws_1000,False
2002-12-01,True,3,F,178,18838589.49,,,178,none: population total,4302567.352310266,4302567.352310266,4302567.352310266,178,parameter_draws_1000,0.22839116243783422,0.22839116243783422,0.22839116243783422,178,parameter_draws_1000,False
2002-12-01,True,1,G,1964,214396636.27,,,1964,none: population total,783213.3569485805,767587.3654165505,800359.4787387783,1964,parameter_draws_1000,0.0036531046875299023,0.003580221120866331,0.003733078525219244,1964,parameter_draws_1000,False
2002-12-01,True,2,G,706,76101017.25,,,706,none: population total,6296579.570520865,6224054.4368358245,6371849.311574842,706,parameter_draws_1000,0.08273975563080749,0.0817867442742472,0.08372883230512719,706,parameter_draws_1000,False
2002-12-01,True,3,G,240,24558811.3,,,240,none: population total,6103859.196215868,6103859.196215868,6103859.196215868,240,parameter_draws_1000,0.24854049822093252,0.24854049822093252,0.24854049822093252,240,parameter_draws_1000,False
2003-03-01,True,1,A,43120,4876978207.14,,,43120,none: population total,1191249.09745812,1168054.0651099002,1214896.5125241918,43120,parameter_draws_1000,0.0002442596720473563,0.00023950364662278872,0.000249108456286632,43120,parameter_draws_1000,False
2003-03-01,True,2,A,874,98506461.78,,,874,none: population total,365090.02605581767,359081.1710121232,371165.1972937079,874,parameter_draws_1000,0.0037062545893810873,0.003645254986561991,0.0037679274088907176,874,parameter_draws_1000,False
2003-03-01,True,3,A,26,1529777.29,,,26,none: population total,327776.8804515748,327776.8804515748,327776.8804515748,26,parameter_draws_1000,0.21426444397770789,0.21426444397770789,0.21426444397770789,26,parameter_draws_1000,False
2003-03-01,True,1,B,19387,2419200528.94,,,19387,none: population total,1960631.0486992782,1929707.1882675737,1995332.5278235506,19387,parameter_draws_1000,0.0008104458581440335,0.0007976631805355534,0.0008247900510743639,19387,parameter_draws_1000,False
2003-03-01,True,2,B,784,89688531.69,,,784,none: population total,1176039.367241914,1160214.2871861663,1194006.3726208913,784,parameter_draws_1000,0.01311248322479828,0.012936038368833355,0.013312809900243014,784,parameter_draws_1000,False
2003-03-01,True,3,B,45,4834226.58,,,45,none: population total,1126021.0595584589,1126021.0595584589,1126021.0595584589,45,parameter_draws_1000,0.23292682726477806,0.23292682726477806,0.23292682726477806,45,parameter_draws_1000,False
2003-03-01,True,1,C,16693,2067484448.27,,,16693,none: population total,2609996.54227345,2567412.7740156543,2651542.8267188584,16693,parameter_draws_1000,0.0012624020192545612,0.0012418051203064561,0.001282497108472849,16693,parameter_draws_1000,False
2003-03-01,True,2,C,1122,127607129.06,,,1122,none: population total,2759070.9148405744,2725241.2760094097,2792526.446458141,1122,parameter_draws_1000,0.02162160480503623,0.021356497055333167,0.02188378084382036,1122,parameter_draws_1000,False
2003-03-01,True,3,C,92,9134914.94,,,92,none: population total,2325708.9180946816,2325708.9180946816,2325708.9180946816,92,parameter_draws_1000,0.25459557460254595,0.25459557460254595,0.25459557460254595,92,parameter_draws_1000,False
2003-03-01,True,1,D,12544,1541540721.72,,,12544,none: population total,2690289.0320132775,2649111.2942863926,2730844.7644334882,12544,parameter_draws_1000,0.0017451949170772098,0.0017184828509302058,0.001771503487359388,12544,parameter_draws_1000,False
2003-03-01,True,2,D,1346,157240225.24,,,1346,none: population total,5007747.729405523,4951835.193303926,5061612.554561383,1346,parameter_draws_1000,0.03184775220057121,0.03149216547957627,0.03219031610286558,1346,parameter_draws_1000,False
2003-03-01,True,3,D,175,16937241.66,,,175,none: population total,4019798.8764006994,4019798.8764006994,4019798.8764006994,175,parameter_draws_1000,0.23733491893748532,0.23733491893748532,0.23733491893748532,175,parameter_draws_1000,False
2003-03-01,True,1,E,8164,994911581.92,,,8164,none: population total,2176636.496712058,2143304.7629671767,2211587.6821677717,8164,parameter_draws_1000,0.002187768778921582,0.002154266571940981,0.002222898720205675,8164,parameter_draws_1000,False
2003-03-01,True,2,E,1356,157599134.79,,,1356,none: population total,6665015.765753264,6598289.793818096,6732872.359205832,1356,parameter_draws_1000,0.04229094134707251,0.041867550875899676,0.04272150585202989,1356,parameter_draws_1000,False
2003-03-01,True,3,E,232,26072369.21,,,232,none: population total,6126157.3729712,6126157.3729712,6126157.3729712,232,parameter_draws_1000,0.23496742178004773,0.23496742178004773,0.23496742178004773,232,parameter_draws_1000,False
2003-03-01,True,1,F,3367,391528594.32,,,3367,none: population total,1105711.0940399393,1084145.273532006,1127363.3255655458,3367,parameter_draws_1000,0.0028240877169145692,0.002769006630064735,0.0028793895054422037,3367,parameter_draws_1000,False
2003-03-01,True,2,F,793,90186291.41,,,793,none: population total,5114027.990578779,5051935.645396197,5175100.501966724,793,parameter_draws_1000,0.05670515896179458,0.05601666912357403,0.05738234072005428,793,parameter_draws_1000,False
2003-03-01,True,3,F,191,19731451.69,,,191,none: population total,4537571.021283259,4537571.021283259,4537571.021283259,191,parameter_draws_1000,0.22996640554242254,0.22996640554242254,0.22996640554242254,191,parameter_draws_1000,False
2003-03-01,True,1,G,1836,198584644.24,,,1836,none: population total,734069.6741907459,719443.299131277,750045.5623486809,1836,parameter_draws_1000,0.00369650773855195,0.003622854636543759,0.003776956497412818,1836,parameter_draws_1000,False
2003-03-01,True,2,G,672,71578414.79,,,672,none: population total,5513225.231526301,5442738.451440458,5584948.18777659,672,parameter_draws_1000,0.07702357264688316,0.07603882353931155,0.07802559199113256,672,parameter_draws_1000,False
2003-03-01,True,3,G,271,28708641.25,,,271,none: population total,7085863.997833848,7085863.997833848,7085863.997833848,271,parameter_draws_1000,0.2468199012321368,0.2468199012321368,0.2468199012321368,271,parameter_draws_1000,False
2003-06-01,True,1,A,42738,4785825268.98,,,42738,none: population total,1155438.0545640073,1132585.1344907566,1178519.3679625562,42738,parameter_draws_1000,0.00024142921849929245,0.00023665409220678546,0.00024625206766350113,42738,parameter_draws_1000,False
2003-06-01,True,2,A,852,96080703.88,,,852,none: population total,333652.3408153269,328061.1512075474,339148.1142876878,852,parameter_draws_1000,0.0034726259003268964,0.0034144332624506937,0.0035298254549765468,852,parameter_draws_1000,False
2003-06-01,True,3,A,24,2255371.05,,,24,none: population total,415036.16555332474,415036.16555332474,415036.16555332474,24,parameter_draws_1000,0.1840212348000675,0.1840212348000675,0.1840212348000675,24,parameter_draws_1000,False
2003-06-01,True,1,B,17727,2180490963.5,,,17727,none: population total,1773864.1763329108,1745614.6266089384,1805864.0026101759,17727,parameter_draws_1000,0.000813515949401416,0.0008005603581163103,0.0008281914636837135,17727,parameter_draws_1000,False
2003-06-01,True,2,B,773,87328908.19,,,773,none: population total,1091738.4647031904,1076831.2127260433,1108548.8963225877,773,parameter_draws_1000,0.01250145555842647,0.012330753184079666,0.01269395117033568,773,parameter_draws_1000,False
2003-06-01,True,3,B,53,5033323.64,,,53,none: population total,1197094.1024567932,1197094.1024567932,1197094.1024567932,53,parameter_draws_1000,0.23783372341556666,0.23783372341556666,0.23783372341556666,53,parameter_draws_1000,False
2003-06-01,True,1,C,15100,1848905704.02,,,15100,none: population total,2357840.7157647987,2319640.4107981096,2395124.786088696,15100,parameter_draws_1000,0.0012752628274325954,0.0012546017927007366,0.0012954283070689188,15100,parameter_draws_1000,False
2003-06-01,True,2,C,1064,118285382.04,,,1064,none: population total,2766604.498064876,2732865.4354532682,2798807.7968036877,1064,parameter_draws_1000,0.02338923415853116,0.023103999736240513,0.02366148503335119,1064,parameter_draws_1000,False
2003-06-01,True,3,C,91,9073119.5,,,91,none: population total,2244904.718665044,2244904.718665044,2244904.718665044,91,parameter_draws_1000,0.24742369134067327,0.24742369134067327,0.24742369134067327,91,parameter_draws_1000,False
2003-06-01,True,1,D,11303,1375180814.97,,,11303,none: population total,2437282.338596171,2400297.1823993823,2474000.5777870687,11303,parameter_draws_1000,0.0017723359081688037,0.0017454411494620403,0.0017990365709407018,11303,parameter_draws_1000,False
2003-06-01,True,2,D,1290,147799428.3,,,1290,none: population total,5101695.557628652,5047148.465028306,5152758.50605687,1290,parameter_draws_1000,0.03451769479969397,0.03414863320569626,0.03486318293192525,1290,parameter_draws_1000,False
2003-06-01,True,3,D,161,16277912.38,,,161,none: population total,3849831.9266548064,3849831.9266548064,3849831.9266548064,161,parameter_draws_1000,0.23650649031536353,0.23650649031536353,0.23650649031536353,161,parameter_draws_1000,False
2003-06-01,True,1,E,7278,877100469.84,,,7278,none: population total,1954619.638944013,1924743.2860644925,1985586.745654343,7278,parameter_draws_1000,0.0022285014159216824,0.0021944387812443,0.002263807641120694,7278,parameter_draws_1000,False
2003-06-01,True,2,E,1326,152849594.88,,,1326,none: population total,6910558.505225797,6842690.87250585,6978650.325884411,1326,parameter_draws_1000,0.04521149376058979,0.04476747797649021,0.04565697626718114,1326,parameter_draws_1000,False
2003-06-01,True,3,E,240,26351107.62,,,240,none: population total,6115630.634111189,6115630.634111189,6115630.634111189,240,parameter_draws_1000,0.23208248861120126,0.23208248861120126,0.23208248861120126,240,parameter_draws_1000,False
2003-06-01,True,1,F,2969,338297388.06,,,2969,none: population total,978667.3289337805,959735.4655646515,997669.0868636295,2969,parameter_draws_1000,0.0028929201450417505,0.0028369579530848586,0.0029490889438575393,2969,parameter_draws_1000,False
2003-06-01,True,2,F,757,85023379.14,,,757,none: population total,5039457.6445736885,4980700.635314951,5098099.3204972595,757,parameter_draws_1000,0.059271434463639555,0.05858036560877802,0.059961146828835146,757,parameter_draws_1000,False
2003-06-01,True,3,F,188,19880559.72,,,188,none: population total,4454291.869876753,4454291.869876753,4454291.869876753,188,parameter_draws_1000,0.2240526389906266,0.2240526389906266,0.2240526389906266,188,parameter_draws_1000,False
2003-06-01,True,1,G,1611,172028657.77,,,1611,none: population total,652355.0275187799,639148.4029985332,666754.9310923201,1611,parameter_draws_1000,0.003792129962386672,0.0037153600527016026,0.003875836385259498,1611,parameter_draws_1000,False
2003-06-01,True,2,G,677,71518933.11,,,677,none: population total,5682686.107984789,5610434.325944127,5754966.876612227,677,parameter_draws_1000,0.07945708724771536,0.07844684032569355,0.08046773946922246,677,parameter_draws_1000,False
2003-06-01,True,3,G,254,27064775.83,,,254,none: population total,6560473.736844967,6560473.736844967,6560473.736844967,254,parameter_draws_1000,0.24239896824022458,0.24239896824022458,0.24239896824022458,254,parameter_draws_1000,False
2003-09-01,True,1,A,42909,4850513701.45,,,42909,none: population total,1134571.8788708646,1112308.4134033169,1157744.0581825362,42909,parameter_draws_1000,0.00023390757117781126,0.00022931765208101696,0.00023868483411075474,42909,parameter_draws_1000,False
2003-09-01,True,2,A,821,91519038.06,,,821,none: population total,324031.6861446486,318664.2751316779,329511.2086729298,821,parameter_draws_1000,0.003540593225337585,0.0034819451983614733,0.0036004662598933986,821,parameter_draws_1000,False
2003-09-01,True,3,A,16,1147404.94,,,16,none: population total,229638.95664792098,229638.95664792098,229638.95664792098,16,parameter_draws_1000,0.20013767471484042,0.20013767471484042,0.20013767471484042,16,parameter_draws_1000,False
2003-09-01,True,1,B,16772,2088028082.22,,,16772,none: population total,1655196.2479585507,1628837.244218916,1685726.9339963982,16772,parameter_draws_1000,0.0007927078481620511,0.0007800839740082086,0.0008073296275805478,16772,parameter_draws_1000,False
2003-09-01,True,2,B,707,77851464.84,,,707,none: population total,1024846.6285413963,1011161.9698099978,1039640.1941355037,707,parameter_draws_1000,0.013164127748240276,0.012988348669972153,0.013354150705733895,707,parameter_draws_1000,False
2003-09-01,True,3,B,42,4420737.47,,,42,none: population total,1024184.1718399653,1024184.1718399653,1024184.1718399653,42,parameter_draws_1000,0.23167722100447763,0.23167722100447763,0.23167722100447763,42,parameter_draws_1000,False
2003-09-01,True,1,C,14083,1742407738.62,,,14083,none: population total,2184650.5541470326,2148994.3473531557,2219012.3831485934,14083,parameter_draws_1000,0.0012538113242525498,0.001233347568265035,0.001273532212905613,14083,parameter_draws_1000,False
2003-09-01,True,2,C,987,107885668.57000001,,,987,none: population total,2456054.639669094,2424759.517823891,2484949.884779553,987,parameter_draws_1000,0.02276534661390655,0.022475269884902473,0.023033178713326784,987,parameter_draws_1000,False
2003-09-01,True,3,C,98,10022299.57,,,98,none: population total,2425205.6318522915,2425205.6318522915,2425205.6318522915,98,parameter_draws_1000,0.24198095605840003,0.24198095605840003,0.24198095605840003,98,parameter_draws_1000,False
2003-09-01,True,1,D,10395,1270712469.07,,,10395,none: population total,2227238.7589616296,2192957.712116841,2261643.785747921,10395,parameter_draws_1000,0.0017527480159155796,0.0017257702001789654,0.0017798233989182123,10395,parameter_draws_1000,False
2003-09-01,True,2,D,1200,136095274.44,,,1200,none: population total,4778838.257370799,4730636.2019455945,4827752.440843027,1200,parameter_draws_1000,0.03511391763626322,0.034759738877128896,0.035473328965374376,1200,parameter_draws_1000,False
2003-09-01,True,3,D,161,16182551.2,,,161,none: population total,3785164.786851244,3785164.786851244,3785164.786851244,161,parameter_draws_1000,0.23390408224700962,0.23390408224700962,0.23390408224700962,161,parameter_draws_1000,False
2003-09-01,True,1,E,6677,804870005.63,,,6677,none: population total,1784244.4010136614,1757028.0340644193,1812936.740588706,6677,parameter_draws_1000,0.0022168106508293484,0.002182996038831304,0.002252459065324042,6677,parameter_draws_1000,False
2003-09-01,True,2,E,1241,142633807.69,,,1241,none: population total,6502281.793027038,6439598.570815727,6564664.601109654,1241,parameter_draws_1000,0.04558724119010468,0.04514777159151172,0.0460246045970902,1241,parameter_draws_1000,False
2003-09-01,True,3,E,253,27024129.87,,,253,none: population total,6503503.183666941,6503503.183666941,6503503.183666941,253,parameter_draws_1000,0.24065541480714253,0.24065541480714253,0.24065541480714253,253,parameter_draws_1000,False
2003-09-01,True,1,F,2762,315368315.59,,,2762,none: population total,902442.592402072,885006.183842223,920049.3628131524,2762,parameter_draws_1000,0.0028615512332421755,0.002806262202296792,0.0029173804638297223,2762,parameter_draws_1000,False
2003-09-01,True,2,F,755,83098048.54,,,755,none: population total,5161598.888909604,5103871.123098973,5222675.476865098,755,parameter_draws_1000,0.06211456200954011,0.0614198674069004,0.06284955626065172,755,parameter_draws_1000,False
2003-09-01,True,3,F,167,17085627.03,,,167,none: population total,4009273.209555863,4009273.209555863,4009273.209555863,167,parameter_draws_1000,0.234657657135798,0.234657657135798,0.234657657135798,167,parameter_draws_1000,False
2003-09-01,True,1,G,1457,155327951.64,,,1457,none: population total,595038.2408325315,583009.8311596534,608221.8490943275,1457,parameter_draws_1000,0.003830851012647343,0.0037534122159215864,0.003915726967828619,1457,parameter_draws_1000,False
2003-09-01,True,2,G,667,69821941.03,,,667,none: population total,5590115.586381841,5516772.254528326,5662513.095473957,667,parameter_draws_1000,0.08006244890814433,0.07901201503633315,0.08109933656872954,667,parameter_draws_1000,False
2003-09-01,True,3,G,254,27405723.64,,,254,none: population total,6649208.32401919,6649208.32401919,6649208.32401919,254,parameter_draws_1000,0.24262115503180304,0.24262115503180304,0.24262115503180304,254,parameter_draws_1000,False
2003-12-01,True,1,A,45110,5140861444.76,,,45110,none: population total,1204110.250024848,1180591.7538792936,1228779.142684313,45110,parameter_draws_1000,0.00023422343958563185,0.0002296486234000047,0.0002390220308187431,45110,parameter_draws_1000,False
2003-12-01,True,2,A,870,101199381.57,,,870,none: population total,309451.68891332037,303847.8003771585,314809.84964758594,870,parameter_draws_1000,0.0030578416993514083,0.003002466968308357,0.0031107882752211364,870,parameter_draws_1000,False
2003-12-01,True,3,A,11,631679.98,,,11,none: population total,161364.65874432508,161364.65874432508,161364.65874432508,11,parameter_draws_1000,0.2554531785926239,0.2554531785926239,0.2554531785926239,11,parameter_draws_1000,False
2003-12-01,True,1,B,17674,2241533392.29,,,17674,none: population total,1770490.5841095897,1742072.5913099071,1802985.8963792312,17674,parameter_draws_1000,0.0007898568855585138,0.0007771789603054574,0.0008043537975302081,17674,parameter_draws_1000,False
2003-12-01,True,2,B,708,79180739.89,,,708,none: population total,1066529.881954191,1052676.1693092992,1082501.3998637374,708,parameter_draws_1000,0.013469561959585662,0.013294598797279553,0.013671271591646874,708,parameter_draws_1000,False
2003-12-01,True,3,B,44,4560288.92,,,44,none: population total,1011920.1327469782,1011920.1327469782,1011920.1327469782,44,parameter_draws_1000,0.22189825041764638,0.22189825041764638,0.22189825041764638,44,parameter_draws_1000,False
2003-12-01,True,1,C,14772,1860144259.54,,,14772,none: population total,2318295.8134288555,2280862.6958602145,2354863.259133751,14772,parameter_draws_1000,0.001246298937052416,0.0012261751658036754,0.0012659573294149195,14772,parameter_draws_1000,False
2003-12-01,True,2,C,951,104718984.16,,,951,none: population total,2309570.131207147,2280069.6422682065,2337801.3355890685,951,parameter_draws_1000,0.02205493253905479,0.02177322154676836,0.022324522667419546,951,parameter_draws_1000,False
2003-12-01,True,3,C,102,10471264.98,,,102,none: population total,2501545.4431545185,2501545.4431545185,2501545.4431545185,102,parameter_draws_1000,0.23889620288785,0.23889620288785,0.23889620288785,102,parameter_draws_1000,False
2003-12-01,True,1,D,10804,1347178085.13,,,10804,none: population total,2334172.235031788,2298354.470317284,2370514.0161956046,10804,parameter_draws_1000,0.0017326382167258492,0.0017060509636300217,0.0017596144432284572,10804,parameter_draws_1000,False
2003-12-01,True,2,D,1155,130124813.42,,,1155,none: population total,4575777.02436075,4527400.743838226,4621351.076490157,1155,parameter_draws_1000,0.03516452323041302,0.0347927549315692,0.03551475660198612,1155,parameter_draws_1000,False
2003-12-01,True,3,D,184,19173382.16,,,184,none: population total,4663242.434754983,4663242.434754983,4663242.434754983,184,parameter_draws_1000,0.24321438939883847,0.24321438939883847,0.24321438939883847,184,parameter_draws_1000,False
2003-12-01,True,1,E,6982,863837949.31,,,6982,none: population total,1886753.6904427586,1857742.962291434,1917063.4493179205,6982,parameter_draws_1000,0.002184152353980077,0.002150568823441163,0.002219239674350028,6982,parameter_draws_1000,False
2003-12-01,True,2,E,1229,139070051.36,,,1229,none: population total,6304957.575320564,6243962.228062767,6365077.768358248,1229,parameter_draws_1000,0.04533655890439993,0.044897964493444374,0.04576886041324208,1229,parameter_draws_1000,False
2003-12-01,True,3,E,253,27085691.26,,,253,none: population total,6661889.003158573,6661889.003158573,6661889.003158573,253,parameter_draws_1000,0.24595602671572994,0.24595602671572994,0.24595602671572994,253,parameter_draws_1000,False
2003-12-01,True,1,F,2903,336680415.12,,,2903,none: population total,950462.486273625,931919.2095623533,969008.7365914588,2903,parameter_draws_1000,0.002823040615340991,0.002767963824774891,0.0028781262380411514,2903,parameter_draws_1000,False
2003-12-01,True,2,F,728,78345093.25,,,728,none: population total,4851571.839270983,4798064.7378724655,4906952.663970753,728,parameter_draws_1000,0.061925662961298256,0.06124269611323061,0.06263254609082684,728,parameter_draws_1000,False
2003-12-01,True,3,F,178,17918708.64,,,178,none: population total,4463098.958503082,4463098.958503082,4463098.958503082,178,parameter_draws_1000,0.2490748104771395,0.2490748104771395,0.2490748104771395,178,parameter_draws_1000,False
2003-12-01,True,1,G,1515,165136122.25,,,1515,none: population total,618003.9759506979,605587.5236406215,631451.7280750424,1515,parameter_draws_1000,0.00374239123173245,0.0036672020354445584,0.0038238255777805295,1515,parameter_draws_1000,False
2003-12-01,True,2,G,635,66268804.53,,,635,none: population total,5350394.585889073,5284598.45124083,5416749.941828526,635,parameter_draws_1000,0.08073775623139452,0.07974488884658366,0.08173906229704737,635,parameter_draws_1000,False
2003-12-01,True,3,G,241,25195673.37,,,241,none: population total,6270407.161246149,6270407.161246149,6270407.161246149,241,parameter_draws_1000,0.248868409633862,0.248868409633862,0.248868409633862,241,parameter_draws_1000,False
2004-03-01,True,1,A,47368,5451966628.45,,,47368,none: population total,1276501.7259532325,1251640.8317461694,1302326.5395778997,47368,parameter_draws_1000,0.00023413601236883273,0.00022957602587197278,0.00023887280101495277,47368,parameter_draws_1000,False
2004-03-01,True,2,A,877,101269285.99,,,877,none: population total,301391.887325796,296018.7444385834,306632.3381161254,877,parameter_draws_1000,0.00297614310577402,0.002923085134300386,0.003027890787601725,877,parameter_draws_1000,False
2004-03-01,True,3,A,15,1036546.22,,,15,none: population total,226659.8947417314,226659.8947417314,226659.8947417314,15,parameter_draws_1000,0.21866839159543838,0.21866839159543838,0.21866839159543838,15,parameter_draws_1000,False
2004-03-01,True,1,B,18602,2387216860.48,,,18602,none: population total,1870473.6288197108,1839820.0458942635,1904889.6267161474,18602,parameter_draws_1000,0.0007835373734934215,0.0007706966536439127,0.0007979541608687908,18602,parameter_draws_1000,False
2004-03-01,True,2,B,689,77494692.62,,,689,none: population total,960394.2323675,947239.1031650217,975379.6797671005,689,parameter_draws_1000,0.012393032347090558,0.012223277119245661,0.012586406201388975,689,parameter_draws_1000,False
2004-03-01,True,3,B,52,5415160.97,,,52,none: population total,1272751.384642075,1272751.384642075,1272751.384642075,52,parameter_draws_1000,0.23503482014535113,0.23503482014535113,0.23503482014535113,52,parameter_draws_1000,False
2004-03-01,True,1,C,15402,1958781237.89,,,15402,none: population total,2417750.42404047,2378726.2112687286,2456004.190499306,15402,parameter_draws_1000,0.001234313652424439,0.0012143909515036468,0.0012538430239126216,15402,parameter_draws_1000,False
2004-03-01,True,2,C,950,107447242.86,,,950,none: population total,2148484.939003777,2120079.352598847,2175546.4675047537,950,parameter_draws_1000,0.019995719590526654,0.019731351835255893,0.020247578342604985,950,parameter_draws_1000,False
2004-03-01,True,3,C,104,9891984.58,,,104,none: population total,2279212.18183177,2279212.18183177,2279212.18183177,104,parameter_draws_1000,0.2304100014915076,0.2304100014915076,0.2304100014915076,104,parameter_draws_1000,False
2004-03-01,True,1,D,11331,1433726720.15,,,11331,none: population total,2452721.569597708,2415052.3671644516,2491056.5761732347,11331,parameter_draws_1000,0.0017107315746623583,0.0016844579467081304,0.0017374695896806708,11331,parameter_draws_1000,False
2004-03-01,True,2,D,1107,125611634.71,,,1107,none: population total,3810299.2351456364,3767309.91266545,3851751.998856098,1107,parameter_draws_1000,0.030333967422225553,0.029991727449157488,0.030663974780271358,1107,parameter_draws_1000,False
2004-03-01,True,3,D,196,19784608.71,,,196,none: population total,4698509.404106436,4698509.404106436,4698509.404106436,196,parameter_draws_1000,0.23748305933043828,0.23748305933043828,0.23748305933043828,196,parameter_draws_1000,False
2004-03-01,True,1,E,7292,912279220.38,,,7292,none: population total,1966370.9555667173,1936307.2508436178,1997785.7547226076,7292,parameter_draws_1000,0.0021554485859577584,0.0021224940868839145,0.0021898840947955074,7292,parameter_draws_1000,False
2004-03-01,True,2,E,1173,132171021.92,,,1173,none: population total,5591291.208397217,5534400.765002739,5650423.467029723,1173,parameter_draws_1000,0.042303457499038584,0.04187302696617251,0.04275084950504349,1173,parameter_draws_1000,False
2004-03-01,True,3,E,240,26055555.37,,,240,none: population total,6176268.052332093,6176268.052332093,6176268.052332093,240,parameter_draws_1000,0.23704227235330247,0.23704227235330247,0.23704227235330247,240,parameter_draws_1000,False
2004-03-01,True,1,F,3007,351422746.05,,,3007,none: population total,968898.7163226361,950215.8080246582,987981.433079963,3007,parameter_draws_1000,0.002757074569626129,0.002703910941181544,0.002811375883277044,3007,parameter_draws_1000,False
2004-03-01,True,2,F,711,77048602.96,,,711,none: population total,4389303.498787194,4335700.094096835,4445194.201871112,711,parameter_draws_1000,0.056967982937548046,0.05627227396125179,0.057693378349492556,711,parameter_draws_1000,False
2004-03-01,True,3,F,170,17814125.95,,,170,none: population total,4248053.543695938,4248053.543695938,4248053.543695938,170,parameter_draws_1000,0.23846544902731745,0.23846544902731745,0.23846544902731745,170,parameter_draws_1000,False
2004-03-01,True,1,G,1534,168303184.85,,,1534,none: population total,616628.9087617446,604349.8161670769,630127.065259543,1534,parameter_draws_1000,0.0036637982181461056,0.0035908400468220667,0.0037439996505184555,1534,parameter_draws_1000,False
2004-03-01,True,2,G,588,60741632.82,,,588,none: population total,4678571.1304633785,4616051.480428557,4741805.11828753,588,parameter_draws_1000,0.07702412518820034,0.07599485338347144,0.07806515725942464,588,parameter_draws_1000,False
2004-03-01,True,3,G,244,25027320.75,,,244,none: population total,6239031.403591392,6239031.403591392,6239031.403591392,244,parameter_draws_1000,0.2492888258361172,0.2492888258361172,0.2492888258361172,244,parameter_draws_1000,False
2004-06-01,True,1,A,50647,5950815880.16,,,50647,none: population total,1363895.8470365573,1336682.5473244046,1391865.9279281748,50647,parameter_draws_1000,0.00022919476497059528,0.00022462172822064613,0.00023389497439647747,50647,parameter_draws_1000,False
2004-06-01,True,2,A,870,101659777.72,,,870,none: population total,328347.2981082555,322598.98759530124,333787.48573775066,870,parameter_draws_1000,0.0032298644111992602,0.0031733198205865726,0.0032833780795497756,870,parameter_draws_1000,False
2004-06-01,True,3,A,15,908659.6499999999,,,15,none: population total,206910.0659691568,206910.0659691568,206910.0659691568,15,parameter_draws_1000,0.22770909434479325,0.22770909434479325,0.22770909434479325,15,parameter_draws_1000,False
2004-06-01,True,1,B,19859,2617901726.19,,,19859,none: population total,1987029.52738588,1954180.4188622884,2024087.717850832,19859,parameter_draws_1000,0.000759016088154589,0.0007464682112824503,0.0007731717724930097,19859,parameter_draws_1000,False
2004-06-01,True,2,B,660,74836555.81,,,660,none: population total,891170.0937561869,878928.1406580602,904332.1299680113,660,parameter_draws_1000,0.0119082189728072,0.011744636443311758,0.012084096070161079,660,parameter_draws_1000,False
2004-06-01,True,3,B,46,4639239.91,,,46,none: population total,1076516.8332217126,1076516.8332217126,1076516.8332217126,46,parameter_draws_1000,0.23204595022155527,0.23204595022155527,0.23204595022155527,46,parameter_draws_1000,False
2004-06-01,True,1,C,16360,2129137492.96,,,16360,none: population total,2532473.8155584354,2491183.1510778577,2572602.578758528,16360,parameter_draws_1000,0.0011894364849297278,0.0011700433435205397,0.0012082839118022423,16360,parameter_draws_1000,False
2004-06-01,True,2,C,930,106717854.96,,,930,none: population total,2273186.8693640307,2244258.503442187,2300640.1929145474,930,parameter_draws_1000,0.021300904803756286,0.021029831458694335,0.02155815625957693,930,parameter_draws_1000,False
2004-06-01,True,3,C,94,9216729.87,,,94,none: population total,2035107.8656224064,2035107.8656224064,2035107.8656224064,94,parameter_draws_1000,0.22080584918156082,0.22080584918156082,0.22080584918156082,94,parameter_draws_1000,False
2004-06-01,True,1,D,12101,1573346155.4,,,12101,none: population total,2593071.234044202,2553262.647427315,2633932.5625774986,12101,parameter_draws_1000,0.0016481250646237808,0.0016228232030593328,0.0016740960363600722,12101,parameter_draws_1000,False
2004-06-01,True,2,D,1101,126692818.55,,,1101,none: population total,3999617.3612799346,3955283.8557544486,4042541.9847771237,1101,parameter_draws_1000,0.03156940864569577,0.031219479533431287,0.03190821730105967,1101,parameter_draws_1000,False
2004-06-01,True,3,D,166,16433660.75,,,166,none: population total,3875087.755604733,3875087.755604733,3875087.755604733,166,parameter_draws_1000,0.23580185903525683,0.23580185903525683,0.23580185903525683,166,parameter_draws_1000,False
2004-06-01,True,1,E,7800,1002437701.18,,,7800,none: population total,2067997.624411441,2036343.9765531658,2102089.441249226,7800,parameter_draws_1000,0.0020629687231207864,0.002031392049756432,0.002096977636390563,7800,parameter_draws_1000,False
2004-06-01,True,2,E,1150,130380276.46,,,1150,none: population total,5892891.162219752,5835691.538802399,5951082.510617217,1150,parameter_draws_1000,0.04519771948809804,0.04475900571197792,0.045644039667633154,1150,parameter_draws_1000,False
2004-06-01,True,3,E,233,24957446.33,,,233,none: population total,5854298.397587439,5854298.397587439,5854298.397587439,233,parameter_draws_1000,0.23457121053888846,0.23457121053888846,0.23457121053888846,233,parameter_draws_1000,False
2004-06-01,True,1,F,3228,383432249.87,,,3228,none: population total,1015472.6646124993,996152.5742287973,1036090.6968249228,3228,parameter_draws_1000,0.0026483757298891475,0.0025979884961855344,0.002702148025306171,3228,parameter_draws_1000,False
2004-06-01,True,2,F,688,75430781.21,,,688,none: population total,4397865.792693965,4345426.09097356,4451835.739753358,688,parameter_draws_1000,0.058303330843813825,0.057608127892456173,0.059018820544353194,688,parameter_draws_1000,False
2004-06-01,True,3,F,174,17742062.84,,,174,none: population total,4145513.76554594,4145513.76554594,4145513.76554594,174,parameter_draws_1000,0.23365455318982176,0.23365455318982176,0.23365455318982176,174,parameter_draws_1000,False
2004-06-01,True,1,G,1647,182793022.54,,,1647,none: population total,642032.1036483938,629484.2851353434,656459.9903712902,1647,parameter_draws_1000,0.0035123446985395736,0.003443699745145335,0.0035912748815542963,1647,parameter_draws_1000,False
2004-06-01,True,2,G,562,56815174.43,,,562,none: population total,4670065.568576244,4609895.5054624,4730472.146935146,562,parameter_draws_1000,0.08219750472349723,0.0811384555571873,0.083260716778462,562,parameter_draws_1000,False
2004-06-01,True,3,G,220,22551851.6,,,220,none: population total,5335726.518912908,5335726.518912908,5335726.518912908,220,parameter_draws_1000,0.23659815670802425,0.23659815670802425,0.23659815670802425,220,parameter_draws_1000,False
2004-09-01,True,1,A,52780,6231273047.78,,,52780,none: population total,1438845.4626078047,1410062.027730905,1468947.106600691,52780,parameter_draws_1000,0.00023090714394555679,0.0002262879538288351,0.00023573788138268618,52780,parameter_draws_1000,False
2004-09-01,True,2,A,855,101731710.47,,,855,none: population total,315726.25654589693,309731.5748727957,321206.7340619874,855,parameter_draws_1000,0.003103518608772458,0.003044592226375015,0.003157390479114269,855,parameter_draws_1000,False
2004-09-01,True,3,A,14,794769.22,,,14,none: population total,141953.63143292622,141953.63143292622,141953.63143292622,14,parameter_draws_1000,0.17860987549684704,0.17860987549684704,0.17860987549684704,14,parameter_draws_1000,False
2004-09-01,True,1,B,21174,2832113563.36,,,21174,none: population total,2143944.244695463,2108776.2272588476,2182819.181759415,21174,parameter_draws_1000,0.0007570121030570196,0.00074459451574993,0.0007707385784239999,21174,parameter_draws_1000,False
2004-09-01,True,2,B,670,77358713.84,,,670,none: population total,941846.3561719818,928291.1314311835,956256.4662843222,670,parameter_draws_1000,0.012175051903267033,0.011999826333089712,0.01236132839879079,670,parameter_draws_1000,False
2004-09-01,True,3,B,48,4699746.07,,,48,none: population total,1179264.6045838404,1179264.6045838404,1179264.6045838404,48,parameter_draws_1000,0.25092091934742344,0.25092091934742344,0.25092091934742344,48,parameter_draws_1000,False
2004-09-01,True,1,C,17437,2299530185.17,,,17437,none: population total,2707564.5102513884,2662462.7604946615,2750919.849004979,17437,parameter_draws_1000,0.0011774424739944098,0.0011578290111890098,0.0011962964725342835,17437,parameter_draws_1000,False
2004-09-01,True,2,C,965,111534904.07,,,965,none: population total,2553104.937292799,2519558.9499751907,2584338.287979355,965,parameter_draws_1000,0.02289063642077869,0.022589869700285932,0.023170668496360642,965,parameter_draws_1000,False
2004-09-01,True,3,C,82,8054710.63,,,82,none: population total,1885050.2451736317,1885050.2451736317,1885050.2451736317,82,parameter_draws_1000,0.23403078419139084,0.23403078419139084,0.23403078419139084,82,parameter_draws_1000,False
2004-09-01,True,1,D,12856,1695942083.26,,,12856,none: population total,2765261.6026195292,2722716.9509246442,2808945.4031377495,12856,parameter_draws_1000,0.0016305165311447697,0.0016054303845629808,0.001656274368602432,12856,parameter_draws_1000,False
2004-09-01,True,2,D,1125,134492511.5,,,1125,none: population total,4154656.979827157,4107378.7871205453,4199220.750943329,1125,parameter_draws_1000,0.03089136289812803,0.03053983259968006,0.03122271049970934,1125,parameter_draws_1000,False
2004-09-01,True,3,D,167,16383972.32,,,167,none: population total,3861389.0782661824,3861389.0782661824,3861389.0782661824,167,parameter_draws_1000,0.23568088390582573,0.23568088390582573,0.23568088390582573,167,parameter_draws_1000,False
2004-09-01,True,1,E,8325,1089776930.29,,,8325,none: population total,2219192.6322479253,2185346.560418037,2255425.053228398,8325,parameter_draws_1000,0.0020363732894009574,0.0020053154913423385,0.0020696208467435697,8325,parameter_draws_1000,False
2004-09-01,True,2,E,1133,129797518.53,,,1133,none: population total,5577818.596760664,5519670.919580316,5639826.754573824,1133,parameter_draws_1000,0.04297322984238306,0.042525242254955437,0.04345095975983774,1133,parameter_draws_1000,False
2004-09-01,True,3,E,239,25438043.18,,,239,none: population total,6017365.948773193,6017365.948773193,6017365.948773193,239,parameter_draws_1000,0.23654987556213408,0.23654987556213408,0.23654987556213408,239,parameter_draws_1000,False
2004-09-01,True,1,F,3458,418296308.56,,,3458,none: population total,1081509.3844953242,1060870.1013033197,1103350.7495029354,3458,parameter_draws_1000,0.0025855102289055786,0.0025361689299994135,0.002637725284502892,3458,parameter_draws_1000,False
2004-09-01,True,2,F,708,79882210.98,,,708,none: population total,4831329.014665559,4776469.797503078,4890975.85646083,708,parameter_draws_1000,0.06048066215737534,0.05979391079572092,0.06122734707086885,708,parameter_draws_1000,False
2004-09-01,True,3,F,170,16585766.01,,,170,none: population total,3848814.9582394417,3848814.9582394417,3848814.9582394417,170,parameter_draws_1000,0.23205530307848843,0.23205530307848843,0.23205530307848843,170,parameter_draws_1000,False
2004-09-01,True,1,G,1700,192569313.48,,,1700,none: population total,664613.9800882734,651624.3043201956,679532.3953052593,1700,parameter_draws_1000,0.003451297447541139,0.003383842900742711,0.0035287678136518607,1700,parameter_draws_1000,False
2004-09-01,True,2,G,534,54710853.3,,,534,none: population total,4469730.428780611,4414223.78622544,4525577.1347884005,534,parameter_draws_1000,0.0816973262009169,0.0806827808372976,0.08271808721339026,534,parameter_draws_1000,False
2004-09-01,True,3,G,205,20118376.36,,,205,none: population total,4765454.9464503825,4765454.9464503825,4765454.9464503825,205,parameter_draws_1000,0.23687075244924896,0.23687075244924896,0.23687075244924896,205,parameter_draws_1000,False
2004-12-01,True,1,A,54885,6526908094.08,,,54885,none: population total,1515744.034770139,1485469.0159387654,1546917.6158339963,54885,parameter_draws_1000,0.00023223002575215374,0.00022759153254909586,0.00023700618938346518,54885,parameter_draws_1000,False
2004-12-01,True,2,A,889,102837813.44,,,889,none: population total,336527.84367401997,330705.7946233721,342232.538684691,889,parameter_draws_1000,0.0032724134480977152,0.003215799554278933,0.0033278861854094573,889,parameter_draws_1000,False
2004-12-01,True,3,A,11,651462.21,,,11,none: population total,140488.9607354388,140488.9607354388,140488.9607354388,11,parameter_draws_1000,0.21565174246321794,0.21565174246321794,0.21565174246321794,11,parameter_draws_1000,False
2004-12-01,True,1,B,22481,3046600634.25,,,22481,none: population total,2308485.8568933345,2269824.527416329,2350199.721744568,22481,parameter_draws_1000,0.0007577251284402849,0.0007450351391314225,0.0007714170657366553,22481,parameter_draws_1000,False
2004-12-01,True,2,B,733,89876400.89,,,733,none: population total,1110146.4094020235,1094477.9632592672,1127200.50749648,733,parameter_draws_1000,0.012351923290305484,0.012177590028319026,0.012541673858036038,733,parameter_draws_1000,False
2004-12-01,True,3,B,42,3698547.5,,,42,none: population total,988272.9236175045,988272.9236175045,988272.9236175045,42,parameter_draws_1000,0.2672056864532643,0.2672056864532643,0.2672056864532643,42,parameter_draws_1000,False
2004-12-01,True,1,C,18666,2505916253.39,,,18666,none: population total,2931846.3015690944,2882549.472164748,2978515.6332437037,18666,parameter_draws_1000,0.0011699697855436697,0.001150297608016724,0.0011885934452974523,18666,parameter_draws_1000,False
2004-12-01,True,2,C,998,117223591.89,,,998,none: population total,2643668.5615377375,2609667.2225789335,2675599.002158916,998,parameter_draws_1000,0.022552359289745166,0.022262303863097684,0.02282474849149511,998,parameter_draws_1000,False
2004-12-01,True,3,C,90,8714683.41,,,90,none: population total,2172671.4770254614,2172671.4770254614,2172671.4770254614,90,parameter_draws_1000,0.24931157849433125,0.24931157849433125,0.24931157849433125,90,parameter_draws_1000,False
2004-12-01,True,1,D,13853,1864356777.66,,,13853,none: population total,3012109.330900317,2965621.6221204544,3060025.4553620787,13853,parameter_draws_1000,0.001615629243819356,0.0015906942585542446,0.0016413303998619791,13853,parameter_draws_1000,False
2004-12-01,True,2,D,1189,143422175.77,,,1189,none: population total,4439474.468550393,4387855.593340611,4486829.439220817,1189,parameter_draws_1000,0.03095389150747363,0.030593982902457337,0.03128407036870053,1189,parameter_draws_1000,False
2004-12-01,True,3,D,170,16230725.86,,,170,none: population total,3980497.119704054,3980497.119704054,3980497.119704054,170,parameter_draws_1000,0.24524455369638376,0.24524455369638376,0.24524455369638376,170,parameter_draws_1000,False
2004-12-01,True,1,E,8928,1197259860.42,,,8928,none: population total,2411483.060676757,2374694.6498498926,2450956.2440152373,8928,parameter_draws_1000,0.002014168469517391,0.0019834412965426297,0.0020471380733965636,8928,parameter_draws_1000,False
2004-12-01,True,2,E,1195,139778956.08,,,1195,none: population total,6238149.554167586,6176178.151232371,6305809.587849424,1195,parameter_draws_1000,0.04462867465255136,0.04418532177116522,0.0451127248671138,1195,parameter_draws_1000,False
2004-12-01,True,3,E,232,24333677.48,,,232,none: population total,5738267.582796542,5738267.582796542,5738267.582796542,232,parameter_draws_1000,0.23581588058413527,0.23581588058413527,0.23581588058413527,232,parameter_draws_1000,False
2004-12-01,True,1,F,3695,457742733.47,,,3695,none: population total,1179174.369013811,1156488.171505375,1202841.6356249484,3695,parameter_draws_1000,0.0025760635457276852,0.0025265025241108935,0.0026277678435364642,3695,parameter_draws_1000,False
2004-12-01,True,2,F,694,79689184.47,,,694,none: population total,4534212.027562601,4480217.431604581,4592086.269205514,694,parameter_draws_1000,0.05689871288957113,0.05622114796884658,0.05762496253094751,694,parameter_draws_1000,False
2004-12-01,True,3,F,172,16597955.1,,,172,none: population total,3964552.086604561,3964552.086604561,3964552.086604561,172,parameter_draws_1000,0.23885786307522675,0.23885786307522675,0.23885786307522675,172,parameter_draws_1000,False
2004-12-01,True,1,G,1742,201065756.09,,,1742,none: population total,689439.419511908,675812.2710358321,704672.8698103835,1742,parameter_draws_1000,0.0034289251084769737,0.003361150521988083,0.0035046886327822105,1742,parameter_draws_1000,False
2004-12-01,True,2,G,525,53641256.55,,,525,none: population total,4615361.004336896,4559971.5067411335,4670854.044319558,525,parameter_draws_1000,0.0860412544593327,0.08500866310785804,0.08707577608600145,525,parameter_draws_1000,False
2004-12-01,True,3,G,202,19322252.52,,,202,none: population total,4646294.25901055,4646294.25901055,4646294.25901055,202,parameter_draws_1000,0.24046338563277145,0.24046338563277145,0.24046338563277145,202,parameter_draws_1000,False
2005-03-01,True,1,A,57291,6846922341.73,,,57291,none: population total,1587608.8206233399,1556085.5935968,1620409.8375265475,57291,parameter_draws_1000,0.0002318718894980488,0.00022726788999970267,0.00023666251151274506,57291,parameter_draws_1000,False
2005-03-01,True,2,A,911,108673001.85,,,911,none: population total,317613.26017888356,311966.62733634777,323291.91113410715,911,parameter_draws_1000,0.002922651024375688,0.0028706911746760383,0.0029749055021075334,911,parameter_draws_1000,False
2005-03-01,True,3,A,14,863436.69,,,14,none: population total,178866.838995604,178866.838995604,178866.838995604,14,parameter_draws_1000,0.20715686635415503,0.20715686635415503,0.20715686635415503,14,parameter_draws_1000,False
2005-03-01,True,1,B,23745,3261535259.99,,,23745,none: population total,2462484.486508037,2420547.300291521,2506849.553681967,23745,parameter_draws_1000,0.0007550077770784509,0.0007421496649093232,0.0007686102874416428,23745,parameter_draws_1000,False
2005-03-01,True,2,B,787,97492578.07,,,787,none: population total,1162964.092274081,1146442.9573813144,1180548.2110892779,787,parameter_draws_1000,0.01192874488803721,0.011759284450947276,0.012109108554311082,787,parameter_draws_1000,False
2005-03-01,True,3,B,42,3837829.49,,,42,none: population total,949095.238532282,949095.238532282,949095.238532282,42,parameter_draws_1000,0.24730000147356257,0.24730000147356257,0.24730000147356257,42,parameter_draws_1000,False
2005-03-01,True,1,C,19813,2704996423.51,,,19813,none: population total,3141728.7088121762,3089524.6268468113,3192051.380540399,19813,parameter_draws_1000,0.0011614539233791195,0.001142154791775232,0.0011800575234766472,19813,parameter_draws_1000,False
2005-03-01,True,2,C,1040,124755738.15,,,1040,none: population total,2546320.2415125333,2512217.7053856608,2578300.1835937537,1040,parameter_draws_1000,0.020410445878256647,0.020137091428733295,0.02066678632844716,1040,parameter_draws_1000,False
2005-03-01,True,3,C,100,9906262.48,,,100,none: population total,2325225.5208431343,2325225.5208431343,2325225.5208431343,100,parameter_draws_1000,0.23472278526210968,0.23472278526210968,0.23472278526210968,100,parameter_draws_1000,False
2005-03-01,True,1,D,14677,2004948049.47,,,14677,none: population total,3225132.30872534,3175285.6875177883,3276600.807934883,14677,parameter_draws_1000,0.0016085864716434376,0.0015837246697524968,0.0016342572112035716,14677,parameter_draws_1000,False
2005-03-01,True,2,D,1247,151745289.39,,,1247,none: population total,4292592.88168064,4239683.2716986295,4340303.026915564,1247,parameter_draws_1000,0.028288145872181005,0.027939472050445245,0.02860255527115948,1247,parameter_draws_1000,False
2005-03-01,True,3,D,172,16822320.07,,,172,none: population total,4280957.614590695,4280957.614590695,4280957.614590695,172,parameter_draws_1000,0.25448080863858485,0.25448080863858485,0.25448080863858485,172,parameter_draws_1000,False
2005-03-01,True,1,E,9473,1289344272.62,,,9473,none: population total,2589740.485925882,2550366.2185305334,2631969.19502677,9473,parameter_draws_1000,0.0020085717530380185,0.001978033542079561,0.0020413238348501767,9473,parameter_draws_1000,False
2005-03-01,True,2,E,1215,145786466.72,,,1215,none: population total,5770253.865624571,5707347.530703668,5838056.171425682,1215,parameter_draws_1000,0.039580175001476786,0.03914867860584959,0.04004525456151121,1215,parameter_draws_1000,False
2005-03-01,True,3,E,224,23636610.08,,,224,none: population total,5721147.087898632,5721147.087898632,5721147.087898632,224,parameter_draws_1000,0.2420460069584831,0.2420460069584831,0.2420460069584831,224,parameter_draws_1000,False
2005-03-01,True,1,F,3921,497554310.77,,,3921,none: population total,1280171.7342119,1255570.6115729562,1305911.5770970192,3921,parameter_draws_1000,0.0025729286361337016,0.002523484541074266,0.0026246613662657854,3921,parameter_draws_1000,False
2005-03-01,True,2,F,708,81592750.04,,,708,none: population total,4181878.846436899,4127922.3370935316,4238671.045508865,708,parameter_draws_1000,0.051253068984521005,0.05059177849833301,0.051949113658148555,708,parameter_draws_1000,False
2005-03-01,True,3,F,172,17549967.34,,,172,none: population total,4078576.1891861837,4078576.1891861837,4078576.1891861837,172,parameter_draws_1000,0.23239793614260845,0.23239793614260845,0.23239793614260845,172,parameter_draws_1000,False
2005-03-01,True,1,G,1791,210870452.26,,,1791,none: population total,714465.1216615917,700348.3609899898,730224.8769753897,1791,parameter_draws_1000,0.003388170860375769,0.003321225679008224,0.0034629075299512976,1791,parameter_draws_1000,False
2005-03-01,True,2,G,513,53150439.38,,,513,none: population total,4022602.5196045376,3967162.0378676574,4078476.448049767,513,parameter_draws_1000,0.0756833351996372,0.07464024915211637,0.07673457633888268,513,parameter_draws_1000,False
2005-03-01,True,3,G,183,18440170.07,,,183,none: population total,4350233.998625581,4350233.998625581,4350233.998625581,183,parameter_draws_1000,0.2359107308724285,0.2359107308724285,0.2359107308724285,183,parameter_draws_1000,False
2005-06-01,True,1,A,59875,7246979645.58,,,59875,none: population total,1700252.6884042304,1666669.9785050873,1734868.4233563177,59875,parameter_draws_1000,0.00023461535309281988,0.00022998132463661667,0.00023939192714780564,59875,parameter_draws_1000,False
2005-06-01,True,2,A,911,108659954.56,,,911,none: population total,349155.44080210436,343095.22591847123,355270.7702177569,911,parameter_draws_1000,0.003213285356283738,0.0031575130627265304,0.003269564870115816,911,parameter_draws_1000,False
2005-06-01,True,3,A,17,1178283.15,,,17,none: population total,265358.581557448,265358.581557448,265358.581557448,17,parameter_draws_1000,0.22520782170011347,0.22520782170011347,0.22520782170011347,17,parameter_draws_1000,False
2005-06-01,True,1,B,25346,3539865564.2,,,25346,none: population total,2688498.5514036077,2644098.3424482197,2736845.624104444,25346,parameter_draws_1000,0.0007594917102483809,0.000746948802007903,0.0007731495940928376,25346,parameter_draws_1000,False
2005-06-01,True,2,B,765,93881017.23,,,765,none: population total,1121847.0460282844,1105783.7489475831,1139240.6497651662,765,parameter_draws_1000,0.011949668624487318,0.011778565907935497,0.012134941475699285,765,parameter_draws_1000,False
2005-06-01,True,3,B,46,3747133.94,,,46,none: population total,948789.826678683,948789.826678683,948789.826678683,46,parameter_draws_1000,0.25320413998296604,0.25320413998296604,0.25320413998296604,46,parameter_draws_1000,False
2005-06-01,True,1,C,21165,2955086920.47,,,21165,none: population total,3447752.140906824,3390196.9116248842,3503344.5710878735,21165,parameter_draws_1000,0.0011667176748758601,0.001147241012824652,0.0011855301266504455,21165,parameter_draws_1000,False
2005-06-01,True,2,C,1076,129470745.05,,,1076,none: population total,2589968.152223786,2553459.494414192,2624153.0258514197,1076,parameter_draws_1000,0.020004273175562342,0.019722289335927415,0.020268308681146496,1076,parameter_draws_1000,False
2005-06-01,True,3,C,95,9818575.2,,,95,none: population total,2168293.7230814025,2168293.7230814025,2168293.7230814025,95,parameter_draws_1000,0.22083588289687925,0.22083588289687925,0.22083588289687925,95,parameter_draws_1000,False
2005-06-01,True,1,D,15735,2194517712.54,,,15735,none: population total,3532414.548632361,3477555.1503118314,3588670.372899786,15735,parameter_draws_1000,0.0016096541524578717,0.0015846557676159315,0.0016352888620553225,15735,parameter_draws_1000,False
2005-06-01,True,2,D,1302,160915447.37,,,1302,none: population total,4827403.422652676,4768201.270003089,4881638.231555922,1302,parameter_draws_1000,0.029999627143022595,0.02963171869409997,0.03033666631352896,1302,parameter_draws_1000,False
2005-06-01,True,3,D,150,14905218.25,,,150,none: population total,3707495.856809269,3707495.856809269,3707495.856809269,150,parameter_draws_1000,0.24873811269481205,0.24873811269481205,0.24873811269481205,150,parameter_draws_1000,False
2005-06-01,True,1,E,10103,1400578366.88,,,10103,none: population total,2808935.378134232,2766268.4817485316,2853858.5409497255,10103,parameter_draws_1000,0.002005553880138503,0.0019750901107453292,0.002037628602894336,10103,parameter_draws_1000,False
2005-06-01,True,2,E,1254,152095605.14,,,1254,none: population total,6089008.397162652,6018735.137046338,6163365.48147925,1254,parameter_draws_1000,0.04003408508456165,0.03957205161520776,0.04052296893000974,1254,parameter_draws_1000,False
2005-06-01,True,3,E,221,22826704.88,,,221,none: population total,5609660.297752692,5609660.297752692,5609660.297752692,221,parameter_draws_1000,0.24574989369874803,0.24574989369874803,0.24574989369874803,221,parameter_draws_1000,False
2005-06-01,True,1,F,4184,543363221.24,,,4184,none: population total,1398406.262472562,1371468.363159804,1426256.5022262337,4184,parameter_draws_1000,0.002573612286973128,0.002524036058292645,0.002624867577476808,4184,parameter_draws_1000,False
2005-06-01,True,2,F,730,85036360.82,,,730,none: population total,4591958.869660016,4533309.969378816,4654996.1665511895,730,parameter_draws_1000,0.05399994573356692,0.053310253703996835,0.05474124388277403,730,parameter_draws_1000,False
2005-06-01,True,3,F,161,16120868.86,,,161,none: population total,3768174.676705061,3768174.676705061,3768174.676705061,161,parameter_draws_1000,0.2337451355401114,0.2337451355401114,0.2337451355401114,161,parameter_draws_1000,False
2005-06-01,True,1,G,1946,235308561.94,,,1946,none: population total,787836.375029876,772173.2158702683,805299.7336038366,1946,parameter_draws_1000,0.0033480990599515964,0.0032815347197912856,0.003422313777979636,1946,parameter_draws_1000,False
2005-06-01,True,2,G,517,55041585.35,,,517,none: population total,4168308.7799226516,4112641.29389067,4225347.248356903,517,parameter_draws_1000,0.07573017298497292,0.07471880157046876,0.07676645251928418,517,parameter_draws_1000,False
2005-06-01,True,3,G,151,14542344.370000001,,,151,none: population total,3470564.266245923,3470564.266245923,3470564.266245923,151,parameter_draws_1000,0.23865232303296932,0.23865232303296932,0.23865232303296932,151,parameter_draws_1000,False
2005-09-01,True,1,A,62313,7684621370.96,,,62313,none: population total,1799060.912090615,1764111.4423477983,1834667.8241857067,62313,parameter_draws_1000,0.00023411184822836204,0.00022956387272564046,0.0002387453767232921,62313,parameter_draws_1000,False
2005-09-01,True,2,A,1048,121121552.09,,,1048,none: population total,585238.0266270809,575789.2963022853,594753.1924668535,1048,parameter_draws_1000,0.00483182403567795,0.004753813721561642,0.004910382852631536,1048,parameter_draws_1000,False
2005-09-01,True,3,A,15,1014165.8,,,15,none: population total,178902.4496144578,178902.4496144578,178902.4496144578,15,parameter_draws_1000,0.17640355217505638,0.17640355217505638,0.17640355217505638,15,parameter_draws_1000,False
2005-09-01,True,1,B,26648,3803371030.6,,,26648,none: population total,2879079.882686232,2831524.9450096614,2931818.085882551,26648,parameter_draws_1000,0.000756981072717495,0.0007444777073361089,0.0007708472463755509,26648,parameter_draws_1000,False
2005-09-01,True,2,B,819,101107970.62,,,819,none: population total,1405246.3432244267,1386593.4351029948,1425409.5486494477,819,parameter_draws_1000,0.013898472440969527,0.013713987399809554,0.014097894952383602,819,parameter_draws_1000,False
2005-09-01,True,3,B,42,3244480.59,,,42,none: population total,803650.1890389583,803650.1890389583,803650.1890389583,42,parameter_draws_1000,0.24769764119284138,0.24769764119284138,0.24769764119284138,42,parameter_draws_1000,False
2005-09-01,True,1,C,22190,3161389507.76,,,22190,none: population total,3674039.630921256,3612667.281042652,3732312.7345713275,22190,parameter_draws_1000,0.001162159747131094,0.001142746653702411,0.0011805924975109613,22190,parameter_draws_1000,False
2005-09-01,True,2,C,1168,142964982.26,,,1168,none: population total,3022428.9279992646,2980766.4455233994,3062352.4477921817,1168,parameter_draws_1000,0.021141043633346474,0.020849626239959215,0.021420297469928015,1168,parameter_draws_1000,False
2005-09-01,True,3,C,101,11368516.97,,,101,none: population total,2411572.7414806564,2411572.7414806564,2411572.7414806564,101,parameter_draws_1000,0.21212729398605598,0.21212729398605598,0.21212729398605598,101,parameter_draws_1000,False
2005-09-01,True,1,D,16460,2334796432.18,,,16460,none: population total,3729271.33518009,3671675.9319514544,3788289.0008548577,16460,parameter_draws_1000,0.0015972575954718538,0.0015725893192851978,0.0016225350307383036,16460,parameter_draws_1000,False
2005-09-01,True,2,D,1363,168161004.29,,,1363,none: population total,5359278.259061199,5295791.960477986,5416396.443942397,1363,parameter_draws_1000,0.031869923004378124,0.03149239018188303,0.03220958668040313,1363,parameter_draws_1000,False
2005-09-01,True,3,D,150,14655685.83,,,150,none: population total,3695451.727062188,3695451.727062188,3695451.727062188,150,parameter_draws_1000,0.2521514018468959,0.2521514018468959,0.2521514018468959,150,parameter_draws_1000,False
2005-09-01,True,1,E,10456,1468208584.19,,,10456,none: population total,2946417.552390358,2901684.5279273284,2993871.7506233053,10456,parameter_draws_1000,0.002006811282891303,0.001976343524464657,0.0020391324385799054,10456,parameter_draws_1000,False
2005-09-01,True,2,E,1347,167868161.24,,,1347,none: population total,6931176.605624851,6858551.1732623875,7011097.674216543,1347,parameter_draws_1000,0.041289405652781254,0.040856771901234816,0.04176549991628742,1347,parameter_draws_1000,False
2005-09-01,True,3,E,220,23221199.9,,,220,none: population total,5576951.532087796,5576951.532087796,5576951.532087796,220,parameter_draws_1000,0.24016638055330625,0.24016638055330625,0.24016638055330625,220,parameter_draws_1000,False
2005-09-01,True,1,F,4271,565276426.51,,,4271,none: population total,1455051.4166799337,1427005.5612035086,1483922.9782823473,4271,parameter_draws_1000,0.0025740528853527085,0.002524438476965684,0.0026251280058573185,4271,parameter_draws_1000,False
2005-09-01,True,2,F,741,88443240.53,,,741,none: population total,4961027.429446303,4901997.956251063,5023577.174659632,741,parameter_draws_1000,0.056092782215092174,0.05542535446321986,0.05680001257931783,741,parameter_draws_1000,False
2005-09-01,True,3,F,163,16617058.25,,,163,none: population total,3885958.6459335173,3885958.6459335173,3885958.6459335173,163,parameter_draws_1000,0.2338535851213928,0.2338535851213928,0.2338535851213928,163,parameter_draws_1000,False
2005-09-01,True,1,G,1933,236793258.22,,,1933,none: population total,783213.86209519,767677.0225200634,800696.3340839365,1933,parameter_draws_1000,0.0033075851398079977,0.003241971618156585,0.0033814152484866154,1933,parameter_draws_1000,False
2005-09-01,True,2,G,526,56333748.29,,,526,none: population total,4585061.80713892,4529190.012179366,4641938.229551312,526,parameter_draws_1000,0.08139103017849125,0.08039923047306545,0.08240066337597704,526,parameter_draws_1000,False
2005-09-01,True,3,G,163,16093288.17,,,163,none: population total,3732024.3579735295,3732024.3579735295,3732024.3579735295,163,parameter_draws_1000,0.23189943028115984,0.23189943028115984,0.23189943028115984,163,parameter_draws_1000,False
2005-12-01,True,1,A,64570,8039495231.55,,,64570,none: population total,1896479.6704154825,1859466.399534455,1933970.342121637,64570,parameter_draws_1000,0.0002358953660390249,0.0002312914363375962,0.00024055867768065967,64570,parameter_draws_1000,False
2005-12-01,True,2,A,1111,130240199.83,,,1111,none: population total,498656.9888010402,490331.8916501192,506924.03111064323,1111,parameter_draws_1000,0.003828748646362087,0.003764827543954477,0.0038922239966793764,1111,parameter_draws_1000,False
2005-12-01,True,3,A,50,4066708.97,,,50,none: population total,694846.8112760161,694846.8112760161,694846.8112760161,50,parameter_draws_1000,0.1708621925989496,0.1708621925989496,0.1708621925989496,50,parameter_draws_1000,False
2005-12-01,True,1,B,27958,4049922363.47,,,27958,none: population total,3092019.7406510026,3041107.7324048993,3147733.149577755,27958,parameter_draws_1000,0.00076347629982757,0.0007509051926119539,0.0007772329608019341,27958,parameter_draws_1000,False
2005-12-01,True,2,B,884,110897166.43,,,884,none: population total,1431006.721729717,1411363.68326382,1452721.6595491455,884,parameter_draws_1000,0.01290390699597352,0.01272677858865487,0.013099718471762088,884,parameter_draws_1000,False
2005-12-01,True,3,B,72,6667227.19,,,72,none: population total,1340422.477341525,1340422.477341525,1340422.477341525,72,parameter_draws_1000,0.20104646791577607,0.20104646791577607,0.20104646791577607,72,parameter_draws_1000,False
2005-12-01,True,1,C,23451,3395674599.04,,,23451,none: population total,3986951.7187359678,3920547.3320801184,4050425.864464515,23451,parameter_draws_1000,0.0011741265549599863,0.0011545709748479746,0.0011928192017013708,23451,parameter_draws_1000,False
2005-12-01,True,2,C,1222,155727340.56,,,1222,none: population total,3377000.298226122,3331668.4448584854,3420526.4179398366,1222,parameter_draws_1000,0.02168533981304973,0.021394242224118832,0.02196484191946979,1222,parameter_draws_1000,False
2005-12-01,True,3,C,128,13031295.62,,,128,none: population total,2831500.654453009,2831500.654453009,2831500.654453009,128,parameter_draws_1000,0.2172846612509746,0.2172846612509746,0.2172846612509746,128,parameter_draws_1000,False
2005-12-01,True,1,D,17454,2519476297.34,,,17454,none: population total,4084275.216396936,4020814.1534367283,4148344.9398746504,17454,parameter_draws_1000,0.001621081024143395,0.0015958928280777251,0.0016465108023657016,17454,parameter_draws_1000,False
2005-12-01,True,2,D,1441,183268078.36,,,1441,none: population total,5864226.259020462,5793065.161860743,5927347.659215663,1441,parameter_draws_1000,0.031998077960424476,0.031609788315023514,0.03234249909890124,1441,parameter_draws_1000,False
2005-12-01,True,3,D,174,17650451.4,,,174,none: population total,4217070.612794379,4217070.612794379,4217070.612794379,174,parameter_draws_1000,0.2389214030409658,0.2389214030409658,0.2389214030409658,174,parameter_draws_1000,False
2005-12-01,True,1,E,11097,1582964054.12,,,11097,none: population total,3217891.8436603933,3168716.591933969,3269712.6527048373,11097,parameter_draws_1000,0.002032826857492529,0.0020017615584426644,0.00206556342463666,11097,parameter_draws_1000,False
2005-12-01,True,2,E,1388,180386791.66,,,1388,none: population total,7389788.9870282905,7307716.465703119,7479786.986001551,1388,parameter_draws_1000,0.0409663530185561,0.04051137224878962,0.0414652698081118,1388,parameter_draws_1000,False
2005-12-01,True,3,E,242,25941762.45,,,242,none: population total,5843602.019891212,5843602.019891212,5843602.019891212,242,parameter_draws_1000,0.22525848161450618,0.22525848161450618,0.22525848161450618,242,parameter_draws_1000,False
2005-12-01,True,1,F,4452,601059480.63,,,4452,none: population total,1564369.2936446604,1534263.3567555265,1595167.9513416847,4452,parameter_draws_1000,0.0026026863298204165,0.0025525982139860594,0.002653926945249596,4452,parameter_draws_1000,False
2005-12-01,True,2,F,783,93889883.68,,,783,none: population total,5240526.973016312,5174330.8773559565,5311800.482801272,783,parameter_draws_1000,0.055815672228089315,0.05511063252555897,0.0565747903246446,783,parameter_draws_1000,False
2005-12-01,True,3,F,171,18616684.22,,,171,none: population total,4068145.8335107053,4068145.8335107053,4068145.8335107053,171,parameter_draws_1000,0.2185215039067094,0.2185215039067094,0.2185215039067094,171,parameter_draws_1000,False
2005-12-01,True,1,G,2012,253677074.43,,,2012,none: population total,850670.8366394074,833809.2213872749,869634.229374063,2012,parameter_draws_1000,0.003353361112945753,0.0032868922950992064,0.0034281151788276044,2012,parameter_draws_1000,False
2005-12-01,True,2,G,522,57025950.82,,,522,none: population total,4550843.669550806,4494090.798611576,4609769.6490049325,522,parameter_draws_1000,0.07980303009616362,0.07880781879107958,0.08083634876260942,522,parameter_draws_1000,False
2005-12-01,True,3,G,192,19550152.37,,,192,none: population total,4267391.259607193,4267391.259607193,4267391.259607193,192,parameter_draws_1000,0.21827918160656223,0.21827918160656223,0.21827918160656223,192,parameter_draws_1000,False
2006-03-01,True,1,A,66601,8358018952.79,,,66601,none: population total,2014936.2975637717,1975622.5791386287,2054797.3913420583,66601,parameter_draws_1000,0.00024107821589602443,0.0002363745033718958,0.0002458474194601035,66601,parameter_draws_1000,False
2006-03-01,True,2,A,1096,130224347.74,,,1096,none: population total,420493.81902971375,413154.3551938452,427935.6001021758,1096,parameter_draws_1000,0.003228995393927813,0.0031726352434395017,0.003286141244159445,1096,parameter_draws_1000,False
2006-03-01,True,3,A,50,3700739.31,,,50,none: population total,695958.1500790693,695958.1500790693,695958.1500790693,50,parameter_draws_1000,0.18805922054506166,0.18805922054506166,0.18805922054506166,50,parameter_draws_1000,False
2006-03-01,True,1,B,29399,4319547615.34,,,29399,none: population total,3376133.2022791225,3320962.9087875336,3435407.431452322,29399,parameter_draws_1000,0.0007815941628446154,0.0007688219240815416,0.0007953164862107706,29399,parameter_draws_1000,False
2006-03-01,True,2,B,888,113103225.92,,,888,none: population total,1275772.7830588324,1256425.2916502946,1296695.8996808142,888,parameter_draws_1000,0.011279720562181047,0.011108660088430963,0.011464711895998361,888,parameter_draws_1000,False
2006-03-01,True,3,B,59,5060923.23,,,59,none: population total,1028185.3507035584,1028185.3507035584,1028185.3507035584,59,parameter_draws_1000,0.203161617747669,0.203161617747669,0.203161617747669,59,parameter_draws_1000,False
2006-03-01,True,1,C,24860,3667774815.7,,,24860,none: population total,4401963.535829264,4330262.054222755,4472000.792234845,24860,parameter_draws_1000,0.0012001727905940549,0.0011806237492244514,0.0012192680894945723,24860,parameter_draws_1000,False
2006-03-01,True,2,C,1261,161463958.91,,,1261,none: population total,3221239.2642331077,3175752.9212219547,3266547.3905795533,1261,parameter_draws_1000,0.019950206138749677,0.019668494087848543,0.02023081443457191,1261,parameter_draws_1000,False
2006-03-01,True,3,C,124,12450560.91,,,124,none: population total,2739370.719482374,2739370.719482374,2739370.719482374,124,parameter_draws_1000,0.22001986410766242,0.22001986410766242,0.22001986410766242,124,parameter_draws_1000,False
2006-03-01,True,1,D,18727,2760728955.77,,,18727,none: population total,4572086.504834766,4502699.525680586,4642886.371331799,18727,parameter_draws_1000,0.001656115677447791,0.001630982105747766,0.0016817610296831341,18727,parameter_draws_1000,False
2006-03-01,True,2,D,1469,187989553.77,,,1469,none: population total,5376017.232910927,5309626.860625248,5438333.5432732515,1469,parameter_draws_1000,0.02859742536273231,0.028244265461268285,0.02892891351785909,1469,parameter_draws_1000,False
2006-03-01,True,3,D,167,18264394.6,,,167,none: population total,4317154.040515772,4317154.040515772,4317154.040515772,167,parameter_draws_1000,0.23636995011681206,0.23636995011681206,0.23636995011681206,167,parameter_draws_1000,False
2006-03-01,True,1,E,11834,1721872876.95,,,11834,none: population total,3575287.464433382,3520877.5837426474,3632645.092315547,11834,parameter_draws_1000,0.0020763945540314133,0.0020447953103130776,0.002109705740153216,11834,parameter_draws_1000,False
2006-03-01,True,2,E,1415,183159308.57,,,1415,none: population total,7211622.306637105,7125814.500406217,7304458.575201305,1415,parameter_draws_1000,0.03937349601798131,0.03890500873824203,0.03988035679010919,1415,parameter_draws_1000,False
2006-03-01,True,3,E,246,27110991.73,,,246,none: population total,5926267.479174505,5926267.479174505,5926267.479174505,246,parameter_draws_1000,0.2185927958001153,0.2185927958001153,0.2185927958001153,246,parameter_draws_1000,False
2006-03-01,True,1,F,4810,666310905.45,,,4810,none: population total,1771218.6496638597,1737046.6564443065,1805796.4865815085,4810,parameter_draws_1000,0.002658246526023236,0.0026069611681819524,0.002710140974447874,4810,parameter_draws_1000,False
2006-03-01,True,2,F,813,99538431.65,,,813,none: population total,5133506.648312503,5059981.310105177,5208812.797890146,813,parameter_draws_1000,0.05157311164358196,0.05083444882773754,0.05232966515089899,813,parameter_draws_1000,False
2006-03-01,True,3,F,178,19896134.66,,,178,none: population total,4287792.739923151,4287792.739923151,4287792.739923151,178,parameter_draws_1000,0.21550883190107797,0.21550883190107797,0.21550883190107797,178,parameter_draws_1000,False
2006-03-01,True,1,G,2121,271157960.4,,,2121,none: population total,927931.1260108248,909425.8972770072,948559.73028423,2121,parameter_draws_1000,0.0034221054201838026,0.0033538602220471903,0.0034981813880181037,2121,parameter_draws_1000,False
2006-03-01,True,2,G,516,57350832.77,,,516,none: population total,4114823.617740685,4055367.5883298623,4175364.89367674,516,parameter_draws_1000,0.07174828017306722,0.07071157283092162,0.07280391045796386,516,parameter_draws_1000,False
2006-03-01,True,3,G,192,20310454.11,,,192,none: population total,4477402.782184393,4477402.782184393,4477402.782184393,192,parameter_draws_1000,0.22044818682709372,0.22044818682709372,0.22044818682709372,192,parameter_draws_1000,False
2006-06-01,True,1,A,68541,8644332283.86,,,68541,none: population total,2189986.5430163103,2148050.8280138825,2233179.1111210533,68541,parameter_draws_1000,0.0002533436326950638,0.00024849239449350525,0.0002583402671008685,68541,parameter_draws_1000,False
2006-06-01,True,2,A,1130,136826478.82,,,1130,none: population total,458125.94106233696,449877.33255408617,466541.67234852107,1130,parameter_draws_1000,0.0033482257601981967,0.0032879405830936823,0.0034097323586195103,1130,parameter_draws_1000,False
2006-06-01,True,3,A,49,4218464.68,,,49,none: population total,876165.2978062059,876165.2978062059,876165.2978062059,49,parameter_draws_1000,0.20769767303259867,0.20769767303259867,0.20769767303259867,49,parameter_draws_1000,False
2006-06-01,True,1,B,30819,4584184655.9,,,30819,none: population total,3759920.5618116288,3699462.1154369847,3824959.13598569,30819,parameter_draws_1000,0.0008201939590222406,0.0008070054749377629,0.0008343815581387716,30819,parameter_draws_1000,False
2006-06-01,True,2,B,940,120569063.12,,,940,none: population total,1509218.4929741959,1486907.291938343,1533908.9536410694,940,parameter_draws_1000,0.012517460565087917,0.012332411428447891,0.012722243284866534,940,parameter_draws_1000,False
2006-06-01,True,3,B,48,4852198.76,,,48,none: population total,954664.9676578079,954664.9676578079,954664.9676578079,48,parameter_draws_1000,0.19674894102190651,0.19674894102190651,0.19674894102190651,48,parameter_draws_1000,False
2006-06-01,True,1,C,26133,3905006137.99,,,26133,none: population total,4924466.407184148,4844761.30428435,5001393.1236545695,26133,parameter_draws_1000,0.001261064959482724,0.001240653953690855,0.001280764471788745,26133,parameter_draws_1000,False
2006-06-01,True,2,C,1356,177427282.12,,,1356,none: population total,3467141.1457997137,3416152.277081057,3518120.9128112015,1356,parameter_draws_1000,0.01954119515540327,0.01925381619028915,0.019828522822278136,1356,parameter_draws_1000,False
2006-06-01,True,3,C,124,12776685.99,,,124,none: population total,2871313.635693867,2871313.635693867,2871313.635693867,124,parameter_draws_1000,0.22473070387275498,0.22473070387275498,0.22473070387275498,124,parameter_draws_1000,False
2006-06-01,True,1,D,19825,2960867139.6,,,19825,none: population total,5154833.197400575,5077987.83436602,5233825.800175918,19825,parameter_draws_1000,0.0017409876750150194,0.00171503400691327,0.0017676665494970453,19825,parameter_draws_1000,False
2006-06-01,True,2,D,1614,212664524.57,,,1614,none: population total,6311685.048431239,6235878.146749492,6385380.802482197,1614,parameter_draws_1000,0.02967906876425788,0.029322606388433675,0.03002560401361349,1614,parameter_draws_1000,False
2006-06-01,True,3,D,159,18113195.92,,,159,none: population total,4286972.15894793,4286972.15894793,4286972.15894793,159,parameter_draws_1000,0.23667673986866086,0.23667673986866086,0.23667673986866086,159,parameter_draws_1000,False
2006-06-01,True,1,E,12605,1860656867.55,,,12605,none: population total,4053805.833460183,3992674.6935359496,4118466.394973863,12605,parameter_draws_1000,0.0021786960853228078,0.002145841483816015,0.002213447555430685,12605,parameter_draws_1000,False
2006-06-01,True,2,E,1520,199324369.83,,,1520,none: population total,8105952.315123286,8008074.404513524,8207272.762427334,1520,parameter_draws_1000,0.04066714131361208,0.04017609292503199,0.04117546072980018,1520,parameter_draws_1000,False
2006-06-01,True,3,E,245,28325252.19,,,245,none: population total,6155831.351037698,6155831.351037698,6155831.351037698,245,parameter_draws_1000,0.21732662112752393,0.21732662112752393,0.21732662112752393,245,parameter_draws_1000,False
2006-06-01,True,1,F,5178,727493427.31,,,5178,none: population total,2023624.9585942721,1984762.5710501196,2063068.2591105562,5178,parameter_draws_1000,0.002781640194437061,0.0027282206224034673,0.002835858279488538,5178,parameter_draws_1000,False
2006-06-01,True,2,F,857,107223552.59,,,857,none: population total,5489029.5305104265,5409033.31939843,5564366.105813436,857,parameter_draws_1000,0.05119238635469676,0.05044631695875084,0.05189499854654495,857,parameter_draws_1000,False
2006-06-01,True,3,F,166,18534703.6,,,166,none: population total,4033965.2696335907,4033965.2696335907,4033965.2696335907,166,parameter_draws_1000,0.21764390500604447,0.21764390500604447,0.21764390500604447,166,parameter_draws_1000,False
2006-06-01,True,1,G,2323,304602077.31,,,2323,none: population total,1090890.249018489,1069149.3857364703,1114728.1560262677,2323,parameter_draws_1000,0.0035813618168738445,0.0035099871779547135,0.00365962099100127,2323,parameter_draws_1000,False
2006-06-01,True,2,G,549,61384388.03,,,549,none: population total,4577825.364473621,4515692.595597948,4643097.918323614,549,parameter_draws_1000,0.07457637864266611,0.07356418692959882,0.07563971992446063,549,parameter_draws_1000,False
2006-06-01,True,3,G,175,18557962.8,,,175,none: population total,4143609.738526851,4143609.738526851,4143609.738526851,175,parameter_draws_1000,0.22327934284504822,0.22327934284504822,0.22327934284504822,175,parameter_draws_1000,False
2006-09-01,True,1,A,70743,9011126217.56,,,70743,none: population total,2412521.537084232,2365823.560624331,2460420.185081117,70743,parameter_draws_1000,0.00026772697206071163,0.0002625447145567716,0.00027304247279174616,70743,parameter_draws_1000,False
2006-09-01,True,2,A,1172,141029744.18,,,1172,none: population total,500658.1929154793,491185.85948146565,510445.70865462563,1172,parameter_draws_1000,0.003550018443460239,0.003482852942387473,0.0036194188085821827,1172,parameter_draws_1000,False
2006-09-01,True,3,A,47,4112726.97,,,47,none: population total,835886.900922243,835886.900922243,835886.900922243,47,parameter_draws_1000,0.2032439563869816,0.2032439563869816,0.2032439563869816,47,parameter_draws_1000,False
2006-09-01,True,1,B,32573,4905401634.83,,,32573,none: population total,4253064.603746938,4186389.8813425465,4324861.93466859,32573,parameter_draws_1000,0.0008670165911693652,0.0008534244885511048,0.0008816529729106415,32573,parameter_draws_1000,False
2006-09-01,True,2,B,955,124352800.34,,,955,none: population total,1598907.2939676086,1572481.4286718054,1625829.2864399818,955,parameter_draws_1000,0.012857831022670548,0.012645323823608275,0.013074327896072388,955,parameter_draws_1000,False
2006-09-01,True,3,B,55,5731942.0,,,55,none: population total,1296194.38470717,1296194.38470717,1296194.38470717,55,parameter_draws_1000,0.22613529318809752,0.22613529318809752,0.22613529318809752,55,parameter_draws_1000,False
2006-09-01,True,1,C,27719,4193293585.2,,,27719,none: population total,5589146.241733451,5499462.120644956,5675700.351646163,27719,parameter_draws_1000,0.001332877397723841,0.0013114898847185435,0.0013535184780951747,27719,parameter_draws_1000,False
2006-09-01,True,2,C,1399,185413838.32,,,1399,none: population total,4271061.536701524,4205536.483461481,4332663.0879913345,1399,parameter_draws_1000,0.023035290005324366,0.022681891069011126,0.023367528158894625,1399,parameter_draws_1000,False
2006-09-01,True,3,C,125,13709235.13,,,125,none: population total,3179704.608977368,3179704.608977368,3179704.608977368,125,parameter_draws_1000,0.23193887761244986,0.23193887761244986,0.23193887761244986,125,parameter_draws_1000,False
2006-09-01,True,1,D,21062,3185466791.99,,,21062,none: population total,5844787.0540312175,5758770.533870874,5930408.30933604,21062,parameter_draws_1000,0.001834829064527748,0.0018078262653221067,0.0018617077799235955,21062,parameter_draws_1000,False
2006-09-01,True,2,D,1704,228144075.05,,,1704,none: population total,7288236.912076049,7191459.22273573,7388483.7538810745,1704,parameter_draws_1000,0.031945764580906866,0.031521569083745225,0.032385166050276845,1704,parameter_draws_1000,False
2006-09-01,True,3,D,171,20087929.88,,,171,none: population total,4677931.777873273,4677931.777873273,4677931.777873273,171,parameter_draws_1000,0.23287276517879169,0.23287276517879169,0.23287276517879169,171,parameter_draws_1000,False
2006-09-01,True,1,E,13400,2004893945.34,,,13400,none: population total,4612047.711168791,4545009.149048424,4683814.259134472,13400,parameter_draws_1000,0.0023003948522507295,0.0022669573917425633,0.0023361905351757485,13400,parameter_draws_1000,False
2006-09-01,True,2,E,1588,212748065.46,,,1588,none: population total,9379677.219726669,9248875.211215213,9493876.97921552,1588,parameter_draws_1000,0.04408819041172525,0.04347336926997415,0.04462497442074517,1588,parameter_draws_1000,False
2006-09-01,True,3,E,271,32561598.03,,,271,none: population total,7155171.868030257,7155171.868030257,7155171.868030257,271,parameter_draws_1000,0.2197426508808928,0.2197426508808928,0.2197426508808928,271,parameter_draws_1000,False
2006-09-01,True,1,F,5512,789158069.13,,,5512,none: population total,2300291.4843448633,2256078.7773307026,2344581.474629541,5512,parameter_draws_1000,0.002914867850088384,0.0028588426901823305,0.0029709909412879766,5512,parameter_draws_1000,False
2006-09-01,True,2,F,928,118604642.32,,,928,none: population total,6351197.341044655,6257449.287626784,6437435.539628974,928,parameter_draws_1000,0.053549314907159154,0.0527588900841161,0.054276421341590664,928,parameter_draws_1000,False
2006-09-01,True,3,F,153,17387014.96,,,153,none: population total,3836993.5045743473,3836993.5045743473,3836993.5045743473,153,parameter_draws_1000,0.22068155536770453,0.22068155536770453,0.22068155536770453,153,parameter_draws_1000,False
2006-09-01,True,1,G,2457,328252755.51,,,2457,none: population total,1226983.6351448079,1202750.8074146886,1253356.1278148287,2457,parameter_draws_1000,0.0037379233366631364,0.0036640996525558423,0.003818265366478077,2457,parameter_draws_1000,False
2006-09-01,True,2,G,600,68814298.79,,,600,none: population total,5389110.621307507,5316553.477614028,5462745.701572275,600,parameter_draws_1000,0.07831382018079423,0.07725942966938466,0.07938387511936855,600,parameter_draws_1000,False
2006-09-01,True,3,G,169,18725371.82,,,169,none: population total,4170261.8282606965,4170261.8282606965,4170261.8282606965,169,parameter_draws_1000,0.2227064898015305,0.2227064898015305,0.2227064898015305,169,parameter_draws_1000,False
2006-12-01,True,1,A,72804,9323675429.0,,,72804,none: population total,2598156.931165759,2548126.8146038386,2648732.3933261223,72804,parameter_draws_1000,0.00027866230983165203,0.00027329638767542715,0.0002840867223978655,72804,parameter_draws_1000,False
2006-12-01,True,2,A,1154,141681189.74,,,1154,none: population total,605999.0265628896,595934.7497018736,615912.8670899419,1154,parameter_draws_1000,0.004277201706697706,0.00420616703456173,0.004347174584150564,1154,parameter_draws_1000,False
2006-12-01,True,3,A,53,4836483.34,,,53,none: population total,1017055.0740557984,1017055.0740557984,1017055.0740557984,53,parameter_draws_1000,0.21028813759044157,0.21028813759044157,0.21028813759044157,53,parameter_draws_1000,False
2006-12-01,True,1,B,34025,5173706139.84,,,34025,none: population total,4663425.227177714,4591113.83227323,4741035.352803371,34025,parameter_draws_1000,0.0009013703332060397,0.000887393622324134,0.000916371209469193,34025,parameter_draws_1000,False
2006-12-01,True,2,B,964,128718150.71,,,964,none: population total,1831489.902143322,1805963.4854598055,1859009.099116564,964,parameter_draws_1000,0.014228684082555228,0.014030371594823586,0.014442478305214956,964,parameter_draws_1000,False
2006-12-01,True,3,B,54,5635912.04,,,54,none: population total,1276091.8883396294,1276091.8883396294,1276091.8883396294,54,parameter_draws_1000,0.22642154087621805,0.22642154087621805,0.22642154087621805,54,parameter_draws_1000,False
2006-12-01,True,1,C,29050,4435949939.04,,,29050,none: population total,6166511.609363328,6068928.474394109,6260912.655284294,29050,parameter_draws_1000,0.0013901220018496974,0.0013681237520249176,0.0014114029106106732,29050,parameter_draws_1000,False
2006-12-01,True,2,C,1436,193807074.94,,,1436,none: population total,4648658.50990408,4586342.399184801,4709069.799063746,1436,parameter_draws_1000,0.023986010373167443,0.023664473552395694,0.024297718752123006,1436,parameter_draws_1000,False
2006-12-01,True,3,C,136,15400520.64,,,136,none: population total,3686125.7523427764,3686125.7523427764,3686125.7523427764,136,parameter_draws_1000,0.23935072316767964,0.23935072316767964,0.23935072316767964,136,parameter_draws_1000,False
2006-12-01,True,1,D,22166,3385836137.88,,,22166,none: population total,6471351.968019591,6376794.27930472,6564698.588675531,22166,parameter_draws_1000,0.0019113009916869599,0.0018833735655315771,0.0019388707312888262,22166,parameter_draws_1000,False
2006-12-01,True,2,D,1825,249648789.31,,,1825,none: population total,8962769.275019873,8868816.364863096,9058121.65808453,1825,parameter_draws_1000,0.0359015130808041,0.03552517274117558,0.036283459187285136,1825,parameter_draws_1000,False
2006-12-01,True,3,D,196,23688067.2,,,196,none: population total,5189311.216513408,5189311.216513408,5189311.216513408,196,parameter_draws_1000,0.21906857882070718,0.21906857882070718,0.21906857882070718,196,parameter_draws_1000,False
2006-12-01,True,1,E,13981,2109878285.79,,,13981,none: population total,5061139.2297639465,4988194.586752634,5139122.157222582,13981,parameter_draws_1000,0.0023987825571980368,0.0023642096420196618,0.00243574342265831,13981,parameter_draws_1000,False
2006-12-01,True,2,E,1729,237444612.54,,,1729,none: population total,11339952.190712795,11219682.131035883,11463491.77170666,1729,parameter_draws_1000,0.047758304850157265,0.04725178647355418,0.04827859284352268,1729,parameter_draws_1000,False
2006-12-01,True,3,E,274,32887847.98,,,274,none: population total,7549428.705343326,7549428.705343326,7549428.705343326,274,parameter_draws_1000,0.22955070547438494,0.22955070547438494,0.22955070547438494,274,parameter_draws_1000,False
2006-12-01,True,1,F,5744,827205235.29,,,5744,none: population total,2506366.5628239196,2458178.7253543665,2554049.7391863866,5744,parameter_draws_1000,0.0030299210593671385,0.0029716672725029155,0.00308756476654913,5744,parameter_draws_1000,False
2006-12-01,True,2,F,1002,131951163.76,,,1002,none: population total,7558159.59423355,7459930.849776731,7654550.344607435,1002,parameter_draws_1000,0.05727997676459106,0.05653554419076789,0.05801047998735312,1002,parameter_draws_1000,False
2006-12-01,True,3,F,167,18465687.53,,,167,none: population total,4257474.882713433,4257474.882713433,4257474.882713433,167,parameter_draws_1000,0.2305614061646278,0.2305614061646278,0.2305614061646278,167,parameter_draws_1000,False
2006-12-01,True,1,G,2585,347613811.77,,,2585,none: population total,1336948.6563474364,1310626.3594867822,1365689.8045383887,2585,parameter_draws_1000,0.0038460746123402992,0.00377035179590034,0.003928755873031888,2585,parameter_draws_1000,False
2006-12-01,True,2,G,651,76803210.35,,,651,none: population total,6203182.540830187,6121294.812798899,6285445.21549415,651,parameter_draws_1000,0.08076722981450458,0.07970102792452997,0.08183831361802119,651,parameter_draws_1000,False
2006-12-01,True,3,G,173,18953479.13,,,173,none: population total,4438738.57369641,4438738.57369641,4438738.57369641,173,parameter_draws_1000,0.2341912291274626,0.2341912291274626,0.2341912291274626,173,parameter_draws_1000,False
2007-03-01,True,1,A,74925,9690778971.45,,,74925,none: population total,2744228.1697387095,2691715.1329246117,2797359.2719209422,74925,parameter_draws_1000,0.00028317931693865674,0.0002777604505122522,0.00028866196207366206,74925,parameter_draws_1000,False
2007-03-01,True,2,A,1155,147112500.15,,,1155,none: population total,565808.5282494399,556346.6768687237,575220.1851017113,1155,parameter_draws_1000,0.003846094163803387,0.003781777050226576,0.003910070079124485,1155,parameter_draws_1000,False
2007-03-01,True,3,A,49,4653894.16,,,49,none: population total,1041394.8036143708,1041394.8036143708,1041394.8036143708,49,parameter_draws_1000,0.22376847599266647,0.22376847599266647,0.22376847599266647,49,parameter_draws_1000,False
2007-03-01,True,1,B,35627,5485860740.97,,,35627,none: population total,5033394.5584880095,4955564.529746286,5117011.405687826,35627,parameter_draws_1000,0.0009175213874638046,0.0009033340005765534,0.0009327636349702607,35627,parameter_draws_1000,False
2007-03-01,True,2,B,1018,139392389.4,,,1018,none: population total,1992772.1580843623,1965486.2622311492,2021494.7956585092,1018,parameter_draws_1000,0.014296133143725007,0.014100384322927383,0.0145021891393054,1018,parameter_draws_1000,False
2007-03-01,True,3,B,70,7380192.58,,,70,none: population total,1728196.33422061,1728196.33422061,1728196.33422061,70,parameter_draws_1000,0.2341668344677003,0.2341668344677003,0.2341668344677003,70,parameter_draws_1000,False
2007-03-01,True,1,C,30588,4728190906.44,,,30588,none: population total,6696156.429837797,6591258.1550859725,6796357.988890799,30588,parameter_draws_1000,0.0014162195567690263,0.0013940338462451664,0.0014374119242169063,30588,parameter_draws_1000,False
2007-03-01,True,2,C,1487,204205829.17,,,1487,none: population total,4677891.202050023,4618129.241349928,4735384.685955283,1487,parameter_draws_1000,0.022907726097063125,0.02261507058892705,0.02318927282929376,1487,parameter_draws_1000,False
2007-03-01,True,3,C,143,16686051.28,,,143,none: population total,4250053.151936056,4250053.151936056,4250053.151936056,143,parameter_draws_1000,0.2547069453771963,0.2547069453771963,0.2547069453771963,143,parameter_draws_1000,False
2007-03-01,True,1,D,23260,3588851375.04,,,23260,none: population total,7016385.357230081,6914354.332299162,7117210.177119323,23260,parameter_draws_1000,0.001955050411401302,0.001926620416879787,0.001983144308125604,23260,parameter_draws_1000,False
2007-03-01,True,2,D,1896,266919026.02,,,1896,none: population total,8617050.276194826,8516420.416586295,8708597.550871763,1896,parameter_draws_1000,0.03228338723051222,0.031906382034932824,0.03262636493443235,1896,parameter_draws_1000,False
2007-03-01,True,3,D,220,27440844.81,,,220,none: population total,6224668.2097226,6224668.2097226,6224668.2097226,220,parameter_draws_1000,0.22683952527052684,0.22683952527052684,0.22683952527052684,220,parameter_draws_1000,False
2007-03-01,True,1,E,14801,2246368212.62,,,14801,none: population total,5512888.122733949,5433242.000205768,5598011.400357964,14801,parameter_draws_1000,0.0024541337843737195,0.002418678277978672,0.002492027517531889,14801,parameter_draws_1000,False
2007-03-01,True,2,E,1791,249121778.35,,,1791,none: population total,11010011.761383222,10889815.775785,11140327.59066379,1791,parameter_draws_1000,0.04419530012311837,0.0437128212872883,0.044718401034422414,1791,parameter_draws_1000,False
2007-03-01,True,3,E,269,33860500.68,,,269,none: population total,7916920.230319123,7916920.230319123,7916920.230319123,269,parameter_draws_1000,0.23380989859359405,0.23380989859359405,0.23380989859359405,269,parameter_draws_1000,False
2007-03-01,True,1,F,6114,887322264.98,,,6114,none: population total,2742480.566998847,2689939.5672825035,2794503.6777497726,6114,parameter_draws_1000,0.003090737914776275,0.003031524930058116,0.003149367245746685,6114,parameter_draws_1000,False
2007-03-01,True,2,F,1048,139638060.24,,,1048,none: population total,7677934.894657249,7576616.881772217,7783316.564239781,1048,parameter_draws_1000,0.05498454276334803,0.05425896685151645,0.05573922002971373,1048,parameter_draws_1000,False
2007-03-01,True,3,F,179,21222083.52,,,179,none: population total,4891431.871987795,4891431.871987795,4891431.871987795,179,parameter_draws_1000,0.2304878249761876,0.2304878249761876,0.2304878249761876,179,parameter_draws_1000,False
2007-03-01,True,1,G,2809,381888262.67,,,2809,none: population total,1490112.6847036965,1460833.339539998,1522175.9626320645,2809,parameter_draws_1000,0.003901959893413491,0.0038252899665637105,0.003985919734714177,2809,parameter_draws_1000,False
2007-03-01,True,2,G,673,80630559.73,,,673,none: population total,6035883.820131714,5954673.548578189,6120198.959307446,673,parameter_draws_1000,0.07485851320322608,0.07385132347484683,0.07590421026223286,673,parameter_draws_1000,False
2007-03-01,True,3,G,181,21004168.16,,,181,none: population total,4824055.496337118,4824055.496337118,4824055.496337118,181,parameter_draws_1000,0.22967134235403672,0.22967134235403672,0.22967134235403672,181,parameter_draws_1000,False
2007-06-01,True,1,A,76797,10005542468.0,,,76797,none: population total,2880086.893982593,2825020.28156525,2935596.1967145703,76797,parameter_draws_1000,0.000287849149928029,0.000282345539045015,0.00029339700532012876,76797,parameter_draws_1000,False
2007-06-01,True,2,A,1186,147933166.73,,,1186,none: population total,583206.6173605139,573687.6327170939,592923.5187410674,1186,parameter_draws_1000,0.003942365530678814,0.003878019009517717,0.004008049931245242,1186,parameter_draws_1000,False
2007-06-01,True,3,A,37,3596986.65,,,37,none: population total,839532.778020971,839532.778020971,839532.778020971,37,parameter_draws_1000,0.23339891406629798,0.23339891406629798,0.23339891406629798,37,parameter_draws_1000,False
2007-06-01,True,1,B,37020,5753186843.29,,,37020,none: population total,5389655.50876813,5306405.815645071,5478306.713827401,37020,parameter_draws_1000,0.0009368121800275164,0.0009223419923922662,0.000952221240687986,37020,parameter_draws_1000,False
2007-06-01,True,2,B,1079,146706132.83,,,1079,none: population total,2171319.124392657,2141664.9683464966,2202777.583498034,1079,parameter_draws_1000,0.01480046595535809,0.014598332919239395,0.015014897748348164,1079,parameter_draws_1000,False
2007-06-01,True,3,B,68,7758022.72,,,68,none: population total,1778259.5574583178,1778259.5574583178,1778259.5574583178,68,parameter_draws_1000,0.22921556453734102,0.22921556453734102,0.22921556453734102,68,parameter_draws_1000,False
2007-06-01,True,1,C,31964,4980800053.79,,,31964,none: population total,7204041.742438645,7091791.129286487,7311157.460807034,31964,parameter_draws_1000,0.001446362364407086,0.0014238257012325133,0.0014678680898350485,31964,parameter_draws_1000,False
2007-06-01,True,2,C,1518,210991358.82,,,1518,none: population total,4792301.162112888,4729063.229200197,4853067.60962133,1518,parameter_draws_1000,0.02271325796902078,0.022413539851338815,0.023001262406018998,1518,parameter_draws_1000,False
2007-06-01,True,3,C,155,18413302.55,,,155,none: population total,4752233.545433486,4752233.545433486,4752233.545433486,155,parameter_draws_1000,0.25808697448646906,0.25808697448646906,0.25808697448646906,155,parameter_draws_1000,False
2007-06-01,True,1,D,24246,3772229785.75,,,24246,none: population total,7535040.996528781,7425550.416706435,7640792.499065245,24246,parameter_draws_1000,0.001997503181008008,0.00196847775412761,0.0020255373964569055,24246,parameter_draws_1000,False
2007-06-01,True,2,D,1979,282290411.79,,,1979,none: population total,9554786.427458746,9444851.747110661,9656270.214279283,1979,parameter_draws_1000,0.0338473643751198,0.03345792613791228,0.03420686573464891,1979,parameter_draws_1000,False
2007-06-01,True,3,D,245,30629229.59,,,245,none: population total,7223511.449195742,7223511.449195742,7223511.449195742,245,parameter_draws_1000,0.23583719035343004,0.23583719035343004,0.23583719035343004,245,parameter_draws_1000,False
2007-06-01,True,1,E,15405,2357779344.21,,,15405,none: population total,5905326.117827802,5819980.834832276,5996185.6491523385,15405,parameter_draws_1000,0.0025046135603526746,0.0024684162447704897,0.002543149622494223,15405,parameter_draws_1000,False
2007-06-01,True,2,E,1898,267574496.53,,,1898,none: population total,12204907.02068314,12073107.336629996,12347614.352132788,1898,parameter_draws_1000,0.045613117763316974,0.0451205458412453,0.04614645458465207,1898,parameter_draws_1000,False
2007-06-01,True,3,E,283,37201669.01,,,283,none: population total,8896311.367615532,8896311.367615532,8896311.367615532,283,parameter_draws_1000,0.23913742593710402,0.23913742593710402,0.23913742593710402,283,parameter_draws_1000,False
2007-06-01,True,1,F,6515,952072401.11,,,6515,none: population total,2992534.420422974,2935521.0744583053,3048730.6623033327,6515,parameter_draws_1000,0.0031431794650638384,0.003083296050842191,0.0032022046419462277,6515,parameter_draws_1000,False
2007-06-01,True,2,F,1092,146511118.25,,,1092,none: population total,8645952.818314763,8539829.670812605,8754992.95023584,1092,parameter_draws_1000,0.059012264199374255,0.05828792908563173,0.05975650895856731,1092,parameter_draws_1000,False
2007-06-01,True,3,F,192,23037346.89,,,192,none: population total,5451628.779618485,5451628.779618485,5451628.779618485,192,parameter_draws_1000,0.2366430824542958,0.2366430824542958,0.2366430824542958,192,parameter_draws_1000,False
2007-06-01,True,1,G,3063,420373375.96,,,3063,none: population total,1670038.8661073297,1637481.0544479007,1706275.493226295,3063,parameter_draws_1000,0.003972751276870207,0.003895301529761278,0.0040589523285809925,3063,parameter_draws_1000,False
2007-06-01,True,2,G,712,88284053.9,,,712,none: population total,6755619.8258882845,6667300.713066077,6846476.95745838,712,parameter_draws_1000,0.07652140480024201,0.0755210076852404,0.07755055024108243,712,parameter_draws_1000,False
2007-06-01,True,3,G,182,22646880.18,,,182,none: population total,5260538.029169042,5260538.029169042,5260538.029169042,182,parameter_draws_1000,0.2322853296947607,0.2322853296947607,0.2322853296947607,182,parameter_draws_1000,False
2007-09-01,True,1,A,78913,10372490857.01,,,78913,none: population total,3088889.2178487885,3030688.0337233623,3148589.7355549256,78913,parameter_draws_1000,0.0002977962825352829,0.00029218517282906484,0.0003035519412800471,78913,parameter_draws_1000,False
2007-09-01,True,2,A,1280,162541182.31,,,1280,none: population total,744848.5192526826,732030.390141179,757596.4611422468,1280,parameter_draws_1000,0.00458252184872201,0.004503661039852928,0.004660950845659238,1280,parameter_draws_1000,False
2007-09-01,True,3,A,41,3877715.05,,,41,none: population total,938534.46603661,938534.46603661,938534.46603661,41,parameter_draws_1000,0.24203286057251938,0.24203286057251938,0.24203286057251938,41,parameter_draws_1000,False
2007-09-01,True,1,B,38346,6000814954.14,,,38346,none: population total,5822979.936037716,5733058.506091344,5917206.599034619,38346,parameter_draws_1000,0.0009703648555302319,0.0009553799858694311,0.0009860671665858152,38346,parameter_draws_1000,False
2007-09-01,True,2,B,1168,160564953.23,,,1168,none: population total,2542608.5264700647,2505712.0179175995,2580974.5642784694,1168,parameter_draws_1000,0.01583538920120336,0.015605597407849722,0.01607433323622854,1168,parameter_draws_1000,False
2007-09-01,True,3,B,92,11456520.13,,,92,none: population total,2731655.474410469,2731655.474410469,2731655.474410469,92,parameter_draws_1000,0.2384367542162621,0.2384367542162621,0.2384367542162621,92,parameter_draws_1000,False
2007-09-01,True,1,C,33144,5197015235.79,,,33144,none: population total,7795722.12699344,7678236.606937614,7908625.561442583,33144,parameter_draws_1000,0.0015000383437991614,0.0014774319986711453,0.0015217630125420232,33144,parameter_draws_1000,False
2007-09-01,True,2,C,1626,229188955.02,,,1626,none: population total,5793043.00557354,5710069.7757791225,5868842.725394179,1626,parameter_draws_1000,0.025276274788494996,0.02491424499614668,0.025607005036006377,1626,parameter_draws_1000,False
2007-09-01,True,3,C,177,23117813.87,,,177,none: population total,6011349.638939684,6011349.638939684,6011349.638939684,177,parameter_draws_1000,0.26003105971627427,0.26003105971627427,0.26003105971627427,177,parameter_draws_1000,False
2007-09-01,True,1,D,25084,3910284477.53,,,25084,none: population total,8105685.137574003,7988819.10557998,8217032.9143387545,25084,parameter_draws_1000,0.0020729144347815076,0.002043027598500009,0.00210139005526503,25084,parameter_draws_1000,False
2007-09-01,True,2,D,2145,312316028.94,,,2145,none: population total,12044520.221575376,11911210.330998614,12177948.601783335,2145,parameter_draws_1000,0.03856516830869826,0.038138325373261305,0.03899239063430485,2145,parameter_draws_1000,False
2007-09-01,True,3,D,279,35791256.02,,,279,none: population total,8680130.967406465,8680130.967406465,8680130.967406465,279,parameter_draws_1000,0.2425209934671207,0.2425209934671207,0.2425209934671207,279,parameter_draws_1000,False
2007-09-01,True,1,E,16044,2463583989.25,,,16044,none: population total,6393416.01590872,6303441.8680324545,6491326.6704474725,16044,parameter_draws_1000,0.0025951686826212474,0.002558647034376709,0.0026349118596210946,16044,parameter_draws_1000,False
2007-09-01,True,2,E,2045,294613174.68,,,2045,none: population total,14989179.329533022,14819142.141559957,15148383.531758005,2045,parameter_draws_1000,0.05087749163225242,0.05030033757877958,0.05141787548439313,2045,parameter_draws_1000,False
2007-09-01,True,3,E,331,45298448.910000004,,,331,none: population total,10658945.200524515,10658945.200524515,10658945.200524515,331,parameter_draws_1000,0.2353048604755088,0.2353048604755088,0.2353048604755088,331,parameter_draws_1000,False
2007-09-01,True,1,F,6900,1018182254.78,,,6900,none: population total,3290637.4151174477,3228799.6707210583,3351701.700677851,6900,parameter_draws_1000,0.0032318746468710164,0.0031711411739528982,0.003291848473043815,6900,parameter_draws_1000,False
2007-09-01,True,2,F,1180,165878840.0,,,1180,none: population total,10171074.983402228,10043963.238360208,10290376.527627658,1180,parameter_draws_1000,0.061316289548457345,0.06054999684323936,0.06203549848568785,1180,parameter_draws_1000,False
2007-09-01,True,3,F,226,27590999.75,,,226,none: population total,6851467.265016273,6851467.265016273,6851467.265016273,226,parameter_draws_1000,0.24832254456514474,0.24832254456514474,0.24832254456514474,226,parameter_draws_1000,False
2007-09-01,True,1,G,3290,462479343.6,,,3290,none: population total,1865526.419273329,1829107.5940277744,1905784.8513543603,3290,parameter_draws_1000,0.004033750793606967,0.003955003870637249,0.004120799939991872,3290,parameter_draws_1000,False
2007-09-01,True,2,G,777,96675920.11,,,777,none: population total,8114502.865495015,8014634.588868509,8217404.020451539,777,parameter_draws_1000,0.08393509838088072,0.08290207716408884,0.08499949119803148,777,parameter_draws_1000,False
2007-09-01,True,3,G,208,26318453.27,,,208,none: population total,6185714.800387663,6185714.800387663,6185714.800387663,208,parameter_draws_1000,0.23503337133564245,0.23503337133564245,0.23503337133564245,208,parameter_draws_1000,False
2007-12-01,True,1,A,81089,10756363274.01,,,81089,none: population total,3347122.598484062,3285225.505159001,3411722.6688230503,81089,parameter_draws_1000,0.0003111760465148595,0.00030542158362175325,0.00031718180038290496,81089,parameter_draws_1000,False
2007-12-01,True,2,A,1329,171893946.75,,,1329,none: population total,825390.9458652756,811736.4683504245,838779.7619192366,1329,parameter_draws_1000,0.00480174527067967,0.00472230979448626,0.004879635250560309,1329,parameter_draws_1000,False
2007-12-01,True,3,A,59,5949256.04,,,59,none: population total,1502921.2710514003,1502921.2710514003,1502921.2710514003,59,parameter_draws_1000,0.2526233971014971,0.2526233971014971,0.2526233971014971,59,parameter_draws_1000,False
2007-12-01,True,1,B,39635,6244545425.9,,,39635,none: population total,6372382.680495311,6276340.016226828,6474526.336672555,39635,parameter_draws_1000,0.001020471827150955,0.0010050915780346408,0.0010368290876416211,39635,parameter_draws_1000,False
2007-12-01,True,2,B,1263,173350571.42,,,1263,none: population total,2828528.2851556446,2791473.06830159,2869355.9288988174,1263,parameter_draws_1000,0.01631680969947647,0.01610305086066494,0.0165523303753458,1263,parameter_draws_1000,False
2007-12-01,True,3,B,108,14059889.35,,,108,none: population total,3421922.220954457,3421922.220954457,3421922.220954457,108,parameter_draws_1000,0.24338187419337384,0.24338187419337384,0.24338187419337384,108,parameter_draws_1000,False
2007-12-01,True,1,C,34312,5411261179.08,,,34312,none: population total,8523444.669621643,8397161.621660128,8644892.368479699,34312,parameter_draws_1000,0.0015751308960235335,0.0015517938136351014,0.001597574406850099,34312,parameter_draws_1000,False
2007-12-01,True,2,C,1765,250874904.32,,,1765,none: population total,7409449.925832785,7320722.383782137,7494851.101069408,1765,parameter_draws_1000,0.02953444046512426,0.029180768015139094,0.02987485384950842,1765,parameter_draws_1000,False
2007-12-01,True,3,C,195,26372136.66,,,195,none: population total,6847501.805656945,6847501.805656945,6847501.805656945,195,parameter_draws_1000,0.25964910973796484,0.25964910973796484,0.25964910973796484,195,parameter_draws_1000,False
2007-12-01,True,1,D,26152,4105321520.66,,,26152,none: population total,8915700.272461547,8788770.38531609,9036502.565764712,26152,parameter_draws_1000,0.0021717422685637046,0.0021408238894534007,0.002201168049880766,26152,parameter_draws_1000,False
2007-12-01,True,2,D,2277,335999882.13,,,2277,none: population total,12928846.715613935,12792173.720364368,13060649.976585742,2277,parameter_draws_1000,0.0384787239616105,0.03807195895210169,0.03887099570925597,2277,parameter_draws_1000,False
2007-12-01,True,3,D,351,48268863.97,,,351,none: population total,11794824.921456838,11794824.921456838,11794824.921456838,351,parameter_draws_1000,0.24435679548595846,0.24435679548595846,0.24435679548595846,351,parameter_draws_1000,False
2007-12-01,True,1,E,16754,2587077394.12,,,16754,none: population total,7032977.140387293,6935024.21646505,7140218.419902653,16754,parameter_draws_1000,0.0027185028002533244,0.0026806404138613,0.002759955475677377,16754,parameter_draws_1000,False
2007-12-01,True,2,E,2229,326643439.91,,,2229,none: population total,17200405.747190397,17026562.041656792,17369886.81978918,2229,parameter_draws_1000,0.052658047416870274,0.052125834966555935,0.05317690391876567,2229,parameter_draws_1000,False
2007-12-01,True,3,E,432,60584031.46,,,432,none: population total,14500696.558606159,14500696.558606159,14500696.558606159,432,parameter_draws_1000,0.23934849182461715,0.23934849182461715,0.23934849182461715,432,parameter_draws_1000,False
2007-12-01,True,1,F,7436,1106646138.79,,,7436,none: population total,3713338.559799057,3644319.9136073366,3781480.7425546385,7436,parameter_draws_1000,0.0033554886513761286,0.003293121247946533,0.0034170640550820397,7436,parameter_draws_1000,False
2007-12-01,True,2,F,1262,177741725.56,,,1262,none: population total,11653820.803139927,11521913.48090024,11784039.341311393,1262,parameter_draws_1000,0.06556603839882248,0.06482390921208203,0.06629866624836762,1262,parameter_draws_1000,False
2007-12-01,True,3,F,276,37417266.89,,,276,none: population total,9002924.958325591,9002924.958325591,9002924.958325591,276,parameter_draws_1000,0.2406088340121838,0.2406088340121838,0.2406088340121838,276,parameter_draws_1000,False
2007-12-01,True,1,G,3729,542402292.27,,,3729,none: population total,2257728.338389582,2214609.602278535,2306081.596455883,3729,parameter_draws_1000,0.004162460908748737,0.0040829650498160775,0.004251607394217922,3729,parameter_draws_1000,False
2007-12-01,True,2,G,850,108262985.24,,,850,none: population total,9155344.510237094,9042829.62951913,9264589.00152775,850,parameter_draws_1000,0.08456578663465916,0.08352651286561855,0.08557485257763572,850,parameter_draws_1000,False
2007-12-01,True,3,G,241,29950266.55,,,241,none: population total,7330778.887647834,7330778.887647834,7330778.887647834,241,parameter_draws_1000,0.2447650632894896,0.2447650632894896,0.2447650632894896,241,parameter_draws_1000,False
2008-03-01,True,1,A,83212,11196351324.8,,,83212,none: population total,3649835.2784921434,3582828.835544554,3718109.6737056184,83212,parameter_draws_1000,0.00032598434727639636,0.00031999967950349705,0.0003320822619660013,83212,parameter_draws_1000,False
2008-03-01,True,2,A,1286,166092773.35,,,1286,none: population total,741258.9876651934,729268.6891833235,753285.6139027504,1286,parameter_draws_1000,0.004462921370475107,0.004390731002164482,0.004535330458450379,1286,parameter_draws_1000,False
2008-03-01,True,3,A,68,7656758.79,,,68,none: population total,1938824.0306603254,1938824.0306603254,1938824.0306603254,68,parameter_draws_1000,0.2532173317504136,0.2532173317504136,0.2532173317504136,68,parameter_draws_1000,False
2008-03-01,True,1,B,34255,5404420801.41,,,34255,none: population total,5648025.190086522,5562555.545817467,5740696.808297355,34255,parameter_draws_1000,0.0010450750223988789,0.0010292602575221771,0.0010622223951916587,34255,parameter_draws_1000,False
2008-03-01,True,2,B,7645,1256817367.78,,,7645,none: population total,8712772.905721888,8527812.820659263,8901122.985608207,7645,parameter_draws_1000,0.006932409695381468,0.006785244252092493,0.007082272423821491,7645,parameter_draws_1000,False
2008-03-01,True,3,B,136,18374161.83,,,136,none: population total,4468770.911051355,4468770.911051355,4468770.911051355,136,parameter_draws_1000,0.24320951085535072,0.24320951085535072,0.24320951085535072,136,parameter_draws_1000,False
2008-03-01,True,1,C,30061,4728477989.91,,,30061,none: population total,7632844.089708642,7517633.178047025,7744680.797910222,30061,parameter_draws_1000,0.00161422853315511,0.0015898632063189773,0.0016378802681193472,30061,parameter_draws_1000,False
2008-03-01,True,2,C,6864,1119759941.58,,,6864,none: population total,15175870.017652906,14888666.822456064,15455370.088835774,6864,parameter_draws_1000,0.013552788820289017,0.013296302421256387,0.013802395955536674,6864,parameter_draws_1000,False
2008-03-01,True,3,C,240,34136014.79,,,240,none: population total,8954904.91927235,8954904.91927235,8954904.91927235,240,parameter_draws_1000,0.262330121848191,0.262330121848191,0.262330121848191,240,parameter_draws_1000,False
2008-03-01,True,1,D,22916,3587094416.18,,,22916,none: population total,8064563.341751718,7950077.4092262145,8169780.665580192,22916,parameter_draws_1000,0.0022482160785552738,0.0022163000152341907,0.0022775482654511297,22916,parameter_draws_1000,False
2008-03-01,True,2,D,6109,964148062.33,,,6109,none: population total,22691084.15972448,22334780.286295492,23051760.954793055,6109,parameter_draws_1000,0.023534854288757547,0.023165301221806472,0.02390894288485652,6109,parameter_draws_1000,False
2008-03-01,True,3,D,402,60940217.76,,,402,none: population total,14828984.217709268,14828984.217709268,14828984.217709268,402,parameter_draws_1000,0.24333658071439862,0.24333658071439862,0.24333658071439862,402,parameter_draws_1000,False
2008-03-01,True,1,E,15164,2350296965.7,,,15164,none: population total,6584763.444964524,6490452.391419317,6686385.392471519,15164,parameter_draws_1000,0.002801672954976289,0.002761545662586615,0.002844910872988377,15164,parameter_draws_1000,False
2008-03-01,True,2,E,4401,680106858.87,,,4401,none: population total,23844814.74569472,23524359.306899104,24212762.612715755,4401,parameter_draws_1000,0.035060394458178185,0.03458921050433885,0.03560140924463745,4401,parameter_draws_1000,False
2008-03-01,True,3,E,526,76861648.47,,,526,none: population total,17990681.635982513,17990681.635982513,17990681.635982513,526,parameter_draws_1000,0.2340657791512823,0.2340657791512823,0.2340657791512823,526,parameter_draws_1000,False
2008-03-01,True,1,F,6970,1041570675.53,,,6970,none: population total,3629983.1147971777,3564375.778257391,3697213.877324408,6970,parameter_draws_1000,0.003485104947823221,0.003422116100228791,0.003549652427995914,6970,parameter_draws_1000,False
2008-03-01,True,2,F,2065,307286388.1,,,2065,none: population total,15793598.076363264,15570656.74422929,16014304.592106998,2065,parameter_draws_1000,0.0513969986565873,0.050671482197780074,0.05211524236763612,2065,parameter_draws_1000,False
2008-03-01,True,3,F,314,44483096.05,,,314,none: population total,10960843.382895442,10960843.382895442,10960843.382895442,314,parameter_draws_1000,0.24640468753737843,0.24640468753737843,0.24640468753737843,314,parameter_draws_1000,False
2008-03-01,True,1,G,3746,556449762.49,,,3746,none: population total,2404688.744137294,2358884.5528551005,2455333.8804455865,3746,parameter_draws_1000,0.004321483997722991,0.004239168945458023,0.004412498748240029,3746,parameter_draws_1000,False
2008-03-01,True,2,G,1239,166663922.5,,,1239,none: population total,11894062.246961473,11727709.631521465,12064368.44003795,1239,parameter_draws_1000,0.07136554851552514,0.07036741638863962,0.07238740249880984,1239,parameter_draws_1000,False
2008-03-01,True,3,G,274,36590202.8,,,274,none: population total,8647313.413084373,8647313.413084373,8647313.413084373,274,parameter_draws_1000,0.23632865497767544,0.23632865497767544,0.23632865497767544,274,parameter_draws_1000,False
2008-06-01,True,1,A,86826,11924760272.76,,,86826,none: population total,4044790.9514922868,3972296.0537850773,4122195.852394436,86826,parameter_draws_1000,0.000339192642784769,0.00033311328386693723,0.00034568375028979503,86826,parameter_draws_1000,False
2008-06-01,True,2,A,1265,164760004.79,,,1265,none: population total,871286.9149027303,857452.7969152392,884773.0088364665,1265,parameter_draws_1000,0.005288218557733451,0.00520425328955369,0.005370071516835542,1265,parameter_draws_1000,False
2008-06-01,True,3,A,79,8701481.89,,,79,none: population total,2101732.1423395574,2101732.1423395574,2101732.1423395574,79,parameter_draws_1000,0.2415372655955223,0.2415372655955223,0.2415372655955223,79,parameter_draws_1000,False
2008-06-01,True,1,B,30501,4913325595.15,,,30501,none: population total,5272992.529551892,5198336.662311311,5360089.494929115,30501,parameter_draws_1000,0.0010732023407438993,0.0010580077712420788,0.0010909290237594107,30501,parameter_draws_1000,False
2008-06-01,True,2,B,12873,2059188246.04,,,12873,none: population total,13384771.418830005,13091575.741714096,13701992.115509328,12873,parameter_draws_1000,0.006500023222534461,0.00635763911672007,0.006654074556738299,12873,parameter_draws_1000,False
2008-06-01,True,3,B,157,24260239.12,,,157,none: population total,5987723.251752774,5987723.251752774,5987723.251752774,157,parameter_draws_1000,0.246812210800368,0.246812210800368,0.246812210800368,157,parameter_draws_1000,False
2008-06-01,True,1,C,25896,4135574129.87,,,25896,none: population total,6870259.306474399,6764216.2896990115,6972786.597634119,25896,parameter_draws_1000,0.0016612588943461552,0.001635617226842369,0.0016860504439448426,25896,parameter_draws_1000,False
2008-06-01,True,2,C,12159,1948050894.96,,,12159,none: population total,23683040.148605406,23200367.96763428,24184198.005648848,12159,parameter_draws_1000,0.01215730051503182,0.011909528661524348,0.012414561687386217,12159,parameter_draws_1000,False
2008-06-01,True,3,C,283,43099960.67,,,283,none: population total,10956473.694884865,10956473.694884865,10956473.694884865,283,parameter_draws_1000,0.2542107585381438,0.2542107585381438,0.2542107585381438,283,parameter_draws_1000,False
2008-06-01,True,1,D,19479,3079660729.03,,,19479,none: population total,7121643.473061334,7019407.174286896,7215151.418197304,19479,parameter_draws_1000,0.0023124766328739194,0.0022792793726008243,0.002342839699900923,19479,parameter_draws_1000,False
2008-06-01,True,2,D,10270,1613740681.6,,,10270,none: population total,34004894.69005031,33418182.84002142,34601096.50496291,10270,parameter_draws_1000,0.021072093600772935,0.020708521028848195,0.02144154689752039,10270,parameter_draws_1000,False
2008-06-01,True,3,D,443,69287291.35,,,443,none: population total,16986047.176622838,16986047.176622838,16986047.176622838,443,parameter_draws_1000,0.24515386365472114,0.24515386365472114,0.24515386365472114,443,parameter_draws_1000,False
2008-06-01,True,1,E,12811,2004965767.43,,,12811,none: population total,5742110.821545319,5661835.994917681,5832925.123792699,12811,parameter_draws_1000,0.0028639445694405327,0.0028239065658338504,0.0029092392591168496,12811,parameter_draws_1000,False
2008-06-01,True,2,E,7249,1119429073.34,,,7249,none: population total,35821465.83784528,35309337.635675855,36432103.471266545,7249,parameter_draws_1000,0.03199976371076916,0.03154227317888454,0.03254525395036007,7249,parameter_draws_1000,False
2008-06-01,True,3,E,547,82945767.67,,,547,none: population total,20081312.339361273,20081312.339361273,20081312.339361273,547,parameter_draws_1000,0.24210171179866388,0.24210171179866388,0.24210171179866388,547,parameter_draws_1000,False
2008-06-01,True,1,F,6117,922748435.37,,,6117,none: population total,3293291.983086699,3232539.5378176547,3355073.4667706247,6117,parameter_draws_1000,0.003569003053108584,0.003503164474639812,0.0036359568200463226,6117,parameter_draws_1000,False
2008-06-01,True,2,F,3309,493414412.67,,,3309,none: population total,22822261.427117717,22464692.199890852,23173777.007853746,3309,parameter_draws_1000,0.046253738928338624,0.04552905554243596,0.04696615342558422,3309,parameter_draws_1000,False
2008-06-01,True,3,F,366,53897442.78,,,366,none: population total,13204434.583245935,13204434.583245935,13204434.583245935,366,parameter_draws_1000,0.24499185679632599,0.24499185679632599,0.24499185679632599,366,parameter_draws_1000,False
2008-06-01,True,1,G,3563,541456768.55,,,3563,none: population total,2393458.132817895,2347828.0861924444,2444196.2034013732,3563,parameter_draws_1000,0.004420404863028091,0.004336132120907521,0.004514111458883107,3563,parameter_draws_1000,False
2008-06-01,True,2,G,1735,236393339.29,,,1735,none: population total,15938434.247889245,15700880.920977259,16189167.081349498,1735,parameter_draws_1000,0.06742336436280241,0.06641845733951034,0.06848402383067627,1735,parameter_draws_1000,False
2008-06-01,True,3,G,340,49339575.85,,,340,none: population total,11454684.251893219,11454684.251893219,11454684.251893219,340,parameter_draws_1000,0.2321601686791399,0.2321601686791399,0.2321601686791399,340,parameter_draws_1000,False
2008-09-01,True,1,A,90208,12613466451.57,,,90208,none: population total,4327939.315439938,4249011.203490218,4409877.790464889,90208,parameter_draws_1000,0.00034312053169977224,0.0003368630835785307,0.00034961664245089356,90208,parameter_draws_1000,False
2008-09-01,True,2,A,1340,177268684.93,,,1340,none: population total,941398.6393846502,926294.9499894347,956090.6113013376,1340,parameter_draws_1000,0.005310574960018406,0.00522537271800268,0.005393454640219616,1340,parameter_draws_1000,False
2008-09-01,True,3,A,97,11027264.26,,,97,none: population total,2658679.722163818,2658679.722163818,2658679.722163818,97,parameter_draws_1000,0.24110057213445413,0.24110057213445413,0.24110057213445413,97,parameter_draws_1000,False
2008-09-01,True,1,B,32289,5293367158.47,,,32289,none: population total,5804965.1754703615,5720070.977272427,5902684.067607365,32289,parameter_draws_1000,0.0010966488818335122,0.001080611037554735,0.001115109511752342,32289,parameter_draws_1000,False
2008-09-01,True,2,B,12697,2028529361.64,,,12697,none: population total,13404822.465494059,13080038.294354491,13738453.20974486,12697,parameter_draws_1000,0.006608148109158596,0.006448039915862842,0.006772617379635939,12697,parameter_draws_1000,False
2008-09-01,True,3,B,207,33324908.419999998,,,207,none: population total,8148859.72577184,8148859.72577184,8148859.72577184,207,parameter_draws_1000,0.24452759548714284,0.24452759548714284,0.24452759548714284,207,parameter_draws_1000,False
2008-09-01,True,1,C,27119,4384186644.3,,,27119,none: population total,7493993.11060892,7381183.5825612955,7601640.508516271,27119,parameter_draws_1000,0.0017093234660417718,0.001683592461137067,0.001733877027885975,27119,parameter_draws_1000,False
2008-09-01,True,2,C,12014,1918708528.37,,,12014,none: population total,24450164.661334325,23942279.611977253,24971686.17778998,12014,parameter_draws_1000,0.012743032253109058,0.012478330740686775,0.013014840872680214,12014,parameter_draws_1000,False
2008-09-01,True,3,C,372,61572784.42,,,372,none: population total,15023617.323177729,15023617.323177729,15023617.323177729,372,parameter_draws_1000,0.2439976925633036,0.2439976925633036,0.2439976925633036,372,parameter_draws_1000,False
2008-09-01,True,1,D,20175,3216477984.12,,,20175,none: population total,7681888.329363773,7573301.411111439,7780931.427878049,20175,parameter_draws_1000,0.002388291904154124,0.002354532332725861,0.0024190843109429343,20175,parameter_draws_1000,False
2008-09-01,True,2,D,10245,1609552060.5,,,10245,none: population total,35648916.77775179,35052106.97721015,36245651.472885676,10245,parameter_draws_1000,0.02214834651988679,0.021777554039675715,0.022519092337793735,10245,parameter_draws_1000,False
2008-09-01,True,3,D,576,92226105.58,,,576,none: population total,22994475.49234521,22994475.49234521,22994475.49234521,576,parameter_draws_1000,0.24932718721814656,0.24932718721814656,0.24932718721814656,576,parameter_draws_1000,False
2008-09-01,True,1,E,13063,2050734862.91,,,13063,none: population total,6082937.860738197,5996499.216322725,6173971.609004467,13063,parameter_draws_1000,0.0029662234600656696,0.0029240733771959534,0.003010614253781973,13063,parameter_draws_1000,False
2008-09-01,True,2,E,7284,1122114214.89,,,7284,none: population total,38622053.919233665,38068081.72290511,39227320.03786465,7284,parameter_draws_1000,0.03441900423926075,0.033925318134069696,0.03495840219946778,7284,parameter_draws_1000,False
2008-09-01,True,3,E,679,110485444.44,,,679,none: population total,27064470.905505847,27064470.905505847,27064470.905505847,679,parameter_draws_1000,0.24495960569904232,0.24495960569904232,0.24495960569904232,679,parameter_draws_1000,False
2008-09-01,True,1,F,6284,950907081.32,,,6284,none: population total,3517422.264023365,3454332.92743924,3581399.165266271,6284,parameter_draws_1000,0.003699017846350099,0.0036326713674737954,0.003766297712595386,6284,parameter_draws_1000,False
2008-09-01,True,2,F,3326,496905399.12,,,3326,none: population total,23565542.914702218,23179026.8755627,23936997.67308136,3326,parameter_draws_1000,0.04742460628609766,0.046646759959967934,0.048172142455028356,3326,parameter_draws_1000,False
2008-09-01,True,3,F,473,75171662.17,,,473,none: population total,18032831.083548762,18032831.083548762,18032831.083548762,473,parameter_draws_1000,0.23988868362079963,0.23988868362079963,0.23988868362079963,473,parameter_draws_1000,False
2008-09-01,True,1,G,3561,543185950.25,,,3561,none: population total,2494245.958106205,2446158.8799208472,2546335.931286133,3561,parameter_draws_1000,0.004591882313889441,0.004503354475194008,0.0046877794429590605,3561,parameter_draws_1000,False
2008-09-01,True,2,G,1807,253859529.82,,,1807,none: population total,18634124.243078068,18382387.562049594,18900507.52291961,1807,parameter_draws_1000,0.07340328825272252,0.07241165054974967,0.07445262163812041,1807,parameter_draws_1000,False
2008-09-01,True,3,G,445,67386470.66,,,445,none: population total,15626336.592344426,15626336.592344426,15626336.592344426,445,parameter_draws_1000,0.23189130457933418,0.23189130457933418,0.23189130457933418,445,parameter_draws_1000,False
2008-12-01,True,1,A,93063,13222017476.84,,,93063,none: population total,4605786.456753084,4522826.746373187,4691714.315574138,93063,parameter_draws_1000,0.0003483421849064025,0.0003420678239380244,0.00035484103116580025,93063,parameter_draws_1000,False
2008-12-01,True,2,A,1404,189657928.2,,,1404,none: population total,1259359.1979456525,1239333.1268361784,1278847.2154207847,1404,parameter_draws_1000,0.006640161104246696,0.006534570627225581,0.006742914612418427,1404,parameter_draws_1000,False
2008-12-01,True,3,A,121,15118979.25,,,121,none: population total,3621702.0729337004,3621702.0729337004,3621702.0729337004,121,parameter_draws_1000,0.23954673216008948,0.23954673216008948,0.23954673216008948,121,parameter_draws_1000,False
2008-12-01,True,1,B,32629,5401094310.24,,,32629,none: population total,6024920.335444403,5938222.080824668,6126737.439029765,32629,parameter_draws_1000,0.0011154999319344756,0.0010994479525318268,0.0011343511309206376,32629,parameter_draws_1000,False
2008-12-01,True,2,B,13533,2158885517.98,,,13533,none: population total,15138990.054945383,14811214.20287796,15465889.619280063,13533,parameter_draws_1000,0.007012409842422053,0.006860583425811451,0.00716383036083868,13533,parameter_draws_1000,False
2008-12-01,True,3,B,297,50724146.47,,,297,none: population total,12145874.27926902,12145874.27926902,12145874.27926902,297,parameter_draws_1000,0.2394495545913721,0.2394495545913721,0.2394495545913721,297,parameter_draws_1000,False
2008-12-01,True,1,C,27135,4419361553.56,,,27135,none: population total,7712674.851734685,7598399.483935675,7823472.64021793,27135,parameter_draws_1000,0.0017452011468764687,0.0017193432562255088,0.0017702721412136467,27135,parameter_draws_1000,False
2008-12-01,True,2,C,12799,2040276735.11,,,12799,none: population total,27612545.790722214,27097813.853051167,28145051.09261097,12799,parameter_draws_1000,0.01353372575178313,0.013281440398128253,0.013794722357157865,12799,parameter_draws_1000,False
2008-12-01,True,3,C,524,91217569.43,,,524,none: population total,22274557.14969745,22274557.14969745,22274557.14969745,524,parameter_draws_1000,0.24419152241050288,0.24419152241050288,0.24419152241050288,524,parameter_draws_1000,False
2008-12-01,True,1,D,20002,3193578313.49,,,20002,none: population total,7807974.347089991,7698824.930581476,7910893.954929073,20002,parameter_draws_1000,0.002444898349324428,0.0024107205694818426,0.0024771253992778735,20002,parameter_draws_1000,False
2008-12-01,True,2,D,10895,1709424310.98,,,10895,none: population total,41356674.52090461,40744402.86462393,42004933.04384536,10895,parameter_draws_1000,0.024193334712313257,0.023835160529140635,0.02457256093413358,10895,parameter_draws_1000,False
2008-12-01,True,3,D,797,134790997.22,,,797,none: population total,33166408.265678067,33166408.265678067,33166408.265678067,797,parameter_draws_1000,0.2460580376265434,0.2460580376265434,0.2460580376265434,797,parameter_draws_1000,False
2008-12-01,True,1,E,12793,1999772716.74,,,12793,none: population total,6104783.695210271,6020157.321494929,6193541.580388323,12793,parameter_draws_1000,0.0030527387658144467,0.0030104207698707385,0.0030971227522720397,12793,parameter_draws_1000,False
2008-12-01,True,2,E,7754,1200696172.23,,,7754,none: population total,44955650.861861065,44399135.114759624,45591386.298418656,7754,parameter_draws_1000,0.037441321044912566,0.0369778268155041,0.037970793405415613,7754,parameter_draws_1000,False
2008-12-01,True,3,E,924,159226639.15,,,924,none: population total,38696980.65269919,38696980.65269919,38696980.65269919,924,parameter_draws_1000,0.24303081983815888,0.24303081983815888,0.24303081983815888,924,parameter_draws_1000,False
2008-12-01,True,1,F,6066,913283647.1,,,6066,none: population total,3479916.0281282556,3416725.406742004,3542931.9671581644,6066,parameter_draws_1000,0.0038103343240385667,0.0037411437482662924,0.0038793336313512586,6066,parameter_draws_1000,False
2008-12-01,True,2,F,3592,535615165.46,,,3592,none: population total,27800185.084683515,27400994.854398903,28196495.614261393,3592,parameter_draws_1000,0.05190328220226551,0.05115798920828955,0.052643198760149966,3592,parameter_draws_1000,False
2008-12-01,True,3,F,628,105936181.2,,,628,none: population total,25153939.59283196,25153939.59283196,25153939.59283196,628,parameter_draws_1000,0.23744427359848952,0.23744427359848952,0.23744427359848952,628,parameter_draws_1000,False
2008-12-01,True,1,G,3419,522894982.3,,,3419,none: population total,2479049.6397574972,2430136.9833048237,2531176.7099633603,3419,parameter_draws_1000,0.004741008660770041,0.004647466633960896,0.004840698028559683,3419,parameter_draws_1000,False
2008-12-01,True,2,G,1917,272256236.84,,,1917,none: population total,20825732.898573387,20558575.78288816,21102851.270506725,1917,parameter_draws_1000,0.07649313433657827,0.07551186346180955,0.077510993009532,1917,parameter_draws_1000,False
2008-12-01,True,3,G,591,95559155.41,,,591,none: population total,22054141.089534387,22054141.089534387,22054141.089534387,591,parameter_draws_1000,0.2307904563922766,0.2307904563922766,0.2307904563922766,591,parameter_draws_1000,False
2009-03-01,True,1,A,94120,13558829135.45,,,94120,none: population total,4490589.742106114,4408351.368830915,4575129.94463079,94120,parameter_draws_1000,0.0003311930327645564,0.00032512773225419123,0.00033742809935328143,94120,parameter_draws_1000,False
2009-03-01,True,2,A,1423,199113668.94,,,1423,none: population total,1227993.255166964,1209478.7198223644,1246452.144598217,1423,parameter_draws_1000,0.006167297612988096,0.006074312859891217,0.006260002898012076,1423,parameter_draws_1000,False
2009-03-01,True,3,A,182,24852712.1,,,182,none: population total,5968168.021830586,5968168.021830586,5968168.021830586,182,parameter_draws_1000,0.24014151847156293,0.24014151847156293,0.24014151847156293,182,parameter_draws_1000,False
2009-03-01,True,1,B,33434,5556400078.13,,,33434,none: population total,6003814.7709213495,5917091.0340703,6104200.119888475,33434,parameter_draws_1000,0.0010805224041645911,0.0010649145041517042,0.0010985890205988977,33434,parameter_draws_1000,False
2009-03-01,True,2,B,12062,1897740988.86,,,12062,none: population total,14685315.436924305,14415522.827267252,14983915.552882157,12062,parameter_draws_1000,0.007738313881150864,0.007596148743104749,0.00789565891280201,12062,parameter_draws_1000,False
2009-03-01,True,3,B,412,75094457.76,,,412,none: population total,18028028.050622895,18028028.050622895,18028028.050622895,412,parameter_draws_1000,0.24007135264549107,0.24007135264549107,0.24007135264549107,412,parameter_draws_1000,False
2009-03-01,True,1,C,27664,4498066459.62,,,27664,none: population total,7674490.958661865,7563770.60034946,7786802.2745294515,27664,parameter_draws_1000,0.0017061755373241445,0.0016815604367456263,0.001731144336001493,27664,parameter_draws_1000,False
2009-03-01,True,2,C,11599,1831741408.57,,,11599,none: population total,26863720.981897667,26425745.949112404,27257931.195379727,11599,parameter_draws_1000,0.014665673252901773,0.014426570161856198,0.014880883877959276,11599,parameter_draws_1000,False
2009-03-01,True,3,C,718,130086604.61,,,718,none: population total,31686314.23439998,31686314.23439998,31686314.23439998,718,parameter_draws_1000,0.2435786092610814,0.2435786092610814,0.2435786092610814,718,parameter_draws_1000,False
2009-03-01,True,1,D,20311,3219086063.37,,,20311,none: population total,7742379.828090044,7632676.542904533,7844275.938387971,20311,parameter_draws_1000,0.002405148441413428,0.0023710694254983756,0.0024368021804847145,20311,parameter_draws_1000,False
2009-03-01,True,2,D,9954,1559041421.68,,,9954,none: population total,40071600.74838495,39557757.40923717,40559443.41687645,9954,parameter_draws_1000,0.025702717189646177,0.025373127909975802,0.026015629124959482,9954,parameter_draws_1000,False
2009-03-01,True,3,D,1108,194239708.28,,,1108,none: population total,47509409.0464015,47509409.0464015,47509409.0464015,1108,parameter_draws_1000,0.24459164126171276,0.24459164126171276,0.24459164126171276,1108,parameter_draws_1000,False
2009-03-01,True,1,E,12910,2001372758.76,,,12910,none: population total,6014831.554418778,5930310.31216059,6101220.173890857,12910,parameter_draws_1000,0.003005352964904657,0.0029631213306984656,0.0030485176472927608,12910,parameter_draws_1000,False
2009-03-01,True,2,E,7155,1104434121.04,,,7155,none: population total,43807001.939832404,43313147.65200861,44324158.80789162,7155,parameter_draws_1000,0.039664658222059605,0.03921750227276789,0.04013291328427394,7155,parameter_draws_1000,False
2009-03-01,True,3,E,1214,217715134.34,,,1214,none: population total,52257258.21669772,52257258.21669772,52257258.21669772,1214,parameter_draws_1000,0.24002584099224328,0.24002584099224328,0.24002584099224328,1214,parameter_draws_1000,False
2009-03-01,True,1,F,6125,912446358.69,,,6125,none: population total,3450849.751313951,3387155.5049358467,3513805.5141829327,6125,parameter_draws_1000,0.0037819754755428455,0.0037121694581572864,0.003850972148354788,6125,parameter_draws_1000,False
2009-03-01,True,2,F,3339,495740792.17,,,3339,none: population total,26358840.637786295,26014047.893735304,26708630.94837492,3339,parameter_draws_1000,0.05317061063788209,0.05247510050537567,0.0538762017776741,3339,parameter_draws_1000,False
2009-03-01,True,3,F,792,138058944.08,,,792,none: population total,33142824.435628615,33142824.435628615,33142824.435628615,792,parameter_draws_1000,0.24006285616977907,0.24006285616977907,0.24006285616977907,792,parameter_draws_1000,False
2009-03-01,True,1,G,3304,499319048.93,,,3304,none: population total,2374692.425705172,2326847.783618027,2425668.0459323786,3304,parameter_draws_1000,0.004755861869868462,0.004660042088528911,0.004857952147290168,3304,parameter_draws_1000,False
2009-03-01,True,2,G,1831,264539716.21,,,1831,none: population total,20590148.566554897,20336818.62309943,20842215.554933783,1831,parameter_draws_1000,0.07783386502996693,0.07687623966057112,0.07878671623881447,1831,parameter_draws_1000,False
2009-03-01,True,3,G,723,119307305.88,,,723,none: population total,27749178.829157323,27749178.829157323,27749178.829157323,723,parameter_draws_1000,0.2325857467359762,0.2325857467359762,0.2325857467359762,723,parameter_draws_1000,False
2009-06-01,True,1,A,94873,13872916349.98,,,94873,none: population total,4394498.453999396,4313137.916160729,4477759.376545451,94873,parameter_draws_1000,0.00031676817931694165,0.00031090347605007703,0.000322769867818882,94873,parameter_draws_1000,False
2009-06-01,True,2,A,1494,212097452.18,,,1494,none: population total,1434304.321434027,1412187.2608384208,1455978.9862408694,1494,parameter_draws_1000,0.006762477845404673,0.0066582000223177834,0.006864669854710129,1494,parameter_draws_1000,False
2009-06-01,True,3,A,242,36758168.38,,,242,none: population total,8397121.92866614,8397121.92866614,8397121.92866614,242,parameter_draws_1000,0.22844233809089864,0.22844233809089864,0.22844233809089864,242,parameter_draws_1000,False
2009-06-01,True,1,B,32775,5470086988.3,,,32775,none: population total,5739407.343491597,5654219.810182137,5835847.018168346,32775,parameter_draws_1000,0.0010492351137683271,0.0010336617721575505,0.001066865486901885,32775,parameter_draws_1000,False
2009-06-01,True,2,B,11352,1765277651.18,,,11352,none: population total,14089775.38670378,13830478.460981421,14377545.949144116,11352,parameter_draws_1000,0.007981619988949312,0.007834732656212146,0.008144637156389219,11352,parameter_draws_1000,False
2009-06-01,True,3,B,557,105905038.06,,,557,none: population total,25333874.591334283,25333874.591334283,25333874.591334283,557,parameter_draws_1000,0.23921312012542306,0.23921312012542306,0.23921312012542306,557,parameter_draws_1000,False
2009-06-01,True,1,C,26860,4363105064.11,,,26860,none: population total,7291210.40281743,7186833.5906202495,7394585.495403344,26860,parameter_draws_1000,0.0016711058513794268,0.0016471832525275765,0.0016947988615331946,26860,parameter_draws_1000,False
2009-06-01,True,2,C,11120,1736362957.17,,,11120,none: population total,27043408.515901383,26619464.85666732,27425758.549297366,11120,parameter_draws_1000,0.01557474398093467,0.015330587851317034,0.015794945656982372,11120,parameter_draws_1000,False
2009-06-01,True,3,C,873,162966708.31,,,873,none: population total,39952399.29203845,39952399.29203845,39952399.29203845,873,parameter_draws_1000,0.2451568158082928,0.2451568158082928,0.2451568158082928,873,parameter_draws_1000,False
2009-06-01,True,1,D,19838,3124404961.89,,,19838,none: population total,7407846.32485654,7304147.015049917,7506014.93119768,19838,parameter_draws_1000,0.0023709622840873425,0.0023377721851496253,0.00240238222085564,19838,parameter_draws_1000,False
2009-06-01,True,2,D,9295,1438932939.09,,,9295,none: population total,39190212.613413334,38709763.37891527,39660706.94309438,9295,parameter_draws_1000,0.027235607406553456,0.026901714685463964,0.02756258187277048,9295,parameter_draws_1000,False
2009-06-01,True,3,D,1342,243881260.26,,,1342,none: population total,59080200.26003564,59080200.26003564,59080200.26003564,1342,parameter_draws_1000,0.24224985633193252,0.24224985633193252,0.24224985633193252,1342,parameter_draws_1000,False
2009-06-01,True,1,E,12526,1915762991.06,,,12526,none: population total,5696112.597270013,5615192.217946771,5777686.125283286,12526,parameter_draws_1000,0.0029732866872630884,0.0029310474438384785,0.0030158668646618272,12526,parameter_draws_1000,False
2009-06-01,True,2,E,6767,1042074003.98,,,6767,none: population total,43608564.164386325,43142407.75863399,44089600.17797595,6767,parameter_draws_1000,0.041847857251818825,0.041400522029970924,0.04230947131353844,6767,parameter_draws_1000,False
2009-06-01,True,3,E,1468,267718436.99,,,1468,none: population total,64855574.03508376,64855574.03508376,64855574.03508376,1468,parameter_draws_1000,0.24225292349778021,0.24225292349778021,0.24225292349778021,1468,parameter_draws_1000,False
2009-06-01,True,1,F,5909,865113220.87,,,5909,none: population total,3272495.2176566045,3213203.058589264,3330994.473277931,5909,parameter_draws_1000,0.003782736338679027,0.0037141994609190114,0.003850356685022246,5909,parameter_draws_1000,False
2009-06-01,True,2,F,3204,479702389.13,,,3204,none: population total,27494087.948623504,27169457.94360488,27827133.525069945,3204,parameter_draws_1000,0.0573148864204897,0.05663815432080727,0.05800916183790102,3204,parameter_draws_1000,False
2009-06-01,True,3,F,930,163532838.73,,,930,none: population total,39070519.56553726,39070519.56553726,39070519.56553726,930,parameter_draws_1000,0.23891543661175252,0.23891543661175252,0.23891543661175252,930,parameter_draws_1000,False
2009-06-01,True,1,G,3136,462295254.6,,,3136,none: population total,2230024.6116045667,2185334.844384906,2278125.681015121,3136,parameter_draws_1000,0.004823810301782333,0.004727140983257037,0.0049278586754827585,3136,parameter_draws_1000,False
2009-06-01,True,2,G,1741,253113715.43,,,1741,none: population total,21341563.590997975,21101738.425856497,21578588.091465984,1741,parameter_draws_1000,0.0843161088870354,0.08336860920400144,0.08525254372252167,1741,parameter_draws_1000,False
2009-06-01,True,3,G,822,140463802.41,,,822,none: population total,32761368.313264456,32761368.313264456,32761368.313264456,822,parameter_draws_1000,0.23323708849655977,0.23323708849655977,0.23323708849655977,822,parameter_draws_1000,False
2009-09-01,True,1,A,97939,14609250589.11,,,97939,none: population total,4370815.610237266,4290089.293927806,4453738.00805866,97939,parameter_draws_1000,0.00029918137029529435,0.00029365567164175527,0.00030485739024687254,97939,parameter_draws_1000,False
2009-09-01,True,2,A,1708,253051701.8,,,1708,none: population total,2292468.036750993,2255500.397520643,2328845.4084290564,1708,parameter_draws_1000,0.009059287175088238,0.008913199877641144,0.009203041875883786,1708,parameter_draws_1000,False
2009-09-01,True,3,A,326,51460173.53,,,326,none: population total,11694361.767501784,11694361.767501784,11694361.767501784,326,parameter_draws_1000,0.22725072546994546,0.22725072546994546,0.22725072546994546,326,parameter_draws_1000,False
2009-09-01,True,1,B,38088,6319260512.29,,,38088,none: population total,6439057.474346061,6345475.355708103,6540471.796250766,38088,parameter_draws_1000,0.0010189574336780505,0.0010041484036569022,0.0010350058813892137,38088,parameter_draws_1000,False
2009-09-01,True,2,B,6423,1041350265.96,,,6423,none: population total,12074225.225190543,11906276.940092502,12253865.27584233,6423,parameter_draws_1000,0.011594778068318401,0.011433498726882586,0.011767284914980776,6423,parameter_draws_1000,False
2009-09-01,True,3,B,693,133748523.55,,,693,none: population total,32085899.134082403,32085899.134082403,32085899.134082403,693,parameter_draws_1000,0.2398972211613801,0.2398972211613801,0.2398972211613801,693,parameter_draws_1000,False
2009-09-01,True,1,C,31374,5045622069.27,,,31374,none: population total,8237308.14377496,8117067.547222165,8354780.870636788,31374,parameter_draws_1000,0.0016325654261629492,0.0016087347478239765,0.0016558475359304023,31374,parameter_draws_1000,False
2009-09-01,True,2,C,6455,1045611987.49,,,6455,none: population total,23677096.376030963,23389191.19433802,23943906.886461854,6455,parameter_draws_1000,0.022644247253580194,0.02236890115470459,0.022899418879023564,6455,parameter_draws_1000,False
2009-09-01,True,3,C,1115,212339931.77,,,1115,none: population total,51963483.28123459,51963483.28123459,51963483.28123459,1115,parameter_draws_1000,0.24471837608726282,0.24471837608726282,0.24471837608726282,1115,parameter_draws_1000,False
2009-09-01,True,1,D,22868,3563620078.26,,,22868,none: population total,8233380.021259757,8116881.957305195,8343731.19454234,22868,parameter_draws_1000,0.0023103978090952527,0.0022777068764491875,0.0023413638410681287,22868,parameter_draws_1000,False
2009-09-01,True,2,D,5777,916532012.08,,,5777,none: population total,34517297.227421746,34172732.38421055,34831884.68550276,5777,parameter_draws_1000,0.03766076555153524,0.037284821407010234,0.038004002289515705,5777,parameter_draws_1000,False
2009-09-01,True,3,D,1649,307775811.81,,,1649,none: population total,73780929.50404736,73780929.50404736,73780929.50404736,1649,parameter_draws_1000,0.23972296286101497,0.23972296286101497,0.23972296286101497,1649,parameter_draws_1000,False
2009-09-01,True,1,E,14181,2142617438.63,,,14181,none: population total,6294065.469514522,6202627.903151308,6385420.743046038,14181,parameter_draws_1000,0.002937559153601857,0.002894883515517963,0.00298019638406794,14181,parameter_draws_1000,False
2009-09-01,True,2,E,4589,712882700.63,,,4589,none: population total,37964495.052126735,37627827.94135378,38302730.56886424,4589,parameter_draws_1000,0.05325489736050005,0.05278263578019319,0.05372935903061576,4589,parameter_draws_1000,False
2009-09-01,True,3,E,1780,332647550.3,,,1780,none: population total,80283326.9170784,80283326.9170784,80283326.9170784,1780,parameter_draws_1000,0.24134651478621877,0.24134651478621877,0.24134651478621877,1780,parameter_draws_1000,False
2009-09-01,True,1,F,6386,921859578.87,,,6386,none: population total,3407036.4891855693,3344092.43401007,3467680.9494978855,6386,parameter_draws_1000,0.0036958302189167005,0.003627550779598344,0.003761615140722962,6386,parameter_draws_1000,False
2009-09-01,True,2,F,2374,359759953.89,,,2374,none: population total,24976434.277651608,24736191.118614763,25221088.0399706,2374,parameter_draws_1000,0.06942527651448496,0.06875748912892647,0.0701053237506312,2374,parameter_draws_1000,False
2009-09-01,True,3,F,1137,201748370.41,,,1137,none: population total,48106778.16235422,48106778.16235422,48106778.16235422,1137,parameter_draws_1000,0.23844940142311916,0.23844940142311916,0.23844940142311916,1137,parameter_draws_1000,False
2009-09-01,True,1,G,3073,440398589.22,,,3073,none: population total,2085003.4328759687,2042622.3270583304,2131038.3477766044,3073,parameter_draws_1000,0.004734355386035105,0.004638121867456627,0.004838885500407563,3073,parameter_draws_1000,False
2009-09-01,True,2,G,1525,221603335.85,,,1525,none: population total,20390624.480244223,20185096.951248024,20595151.92542616,1525,parameter_draws_1000,0.0920140682992531,0.09108661146198187,0.09293701219085758,1525,parameter_draws_1000,False
2009-09-01,True,3,G,979,172308345.75,,,979,none: population total,40160337.94007398,40160337.94007398,40160337.94007398,979,parameter_draws_1000,0.2330725059501303,0.2330725059501303,0.2330725059501303,979,parameter_draws_1000,False
2009-12-01,True,1,A,99976,15067485892.45,,,99976,none: population total,4188839.7170555764,4111199.483348292,4268957.836419503,99976,parameter_draws_1000,0.0002780052191158523,0.00027285238643616895,0.00028332250429108336,99976,parameter_draws_1000,False
2009-12-01,True,2,A,1812,269161050.62,,,1812,none: population total,2167190.547085744,2131724.537407149,2201350.666870123,1812,parameter_draws_1000,0.008051649902887958,0.007919884888607844,0.00817856321261718,1812,parameter_draws_1000,False
2009-12-01,True,3,A,443,75064675.3,,,443,none: population total,16851783.86450559,16851783.86450559,16851783.86450559,443,parameter_draws_1000,0.22449685950357517,0.22449685950357517,0.22449685950357517,443,parameter_draws_1000,False
2009-12-01,True,1,B,42623,7069492330.7,,,42623,none: population total,6826593.895866258,6721709.38327054,6936662.932781396,42623,parameter_draws_1000,0.0009656413185740466,0.0009508051029464766,0.000981210900061129,42623,parameter_draws_1000,False
2009-12-01,True,2,B,1966,322519707.87,,,1966,none: population total,8511855.851065142,8413930.095621195,8609606.62446919,1966,parameter_draws_1000,0.026391738685612565,0.02608811148685726,0.02669482333755405,1966,parameter_draws_1000,False
2009-12-01,True,3,B,887,171452876.75,,,887,none: population total,40648581.78568564,40648581.78568564,40648581.78568564,887,parameter_draws_1000,0.23708311319241626,0.23708311319241626,0.23708311319241626,887,parameter_draws_1000,False
2009-12-01,True,1,C,34455,5530729007.63,,,34455,none: population total,8579416.741456114,8450753.582718313,8706945.053113535,34455,parameter_draws_1000,0.001551227103989411,0.0015279637767570875,0.0015742852418011693,34455,parameter_draws_1000,False
2009-12-01,True,2,C,2872,461595467.34,,,2872,none: population total,18705823.729013484,18516125.54211822,18875438.88789054,2872,parameter_draws_1000,0.040524279488288885,0.04011331750898605,0.04089173361398576,2872,parameter_draws_1000,False
2009-12-01,True,3,C,1407,273098476.81,,,1407,none: population total,65952214.41463649,65952214.41463649,65952214.41463649,1407,parameter_draws_1000,0.24149609029317565,0.24149609029317565,0.24149609029317565,1407,parameter_draws_1000,False
2009-12-01,True,1,D,24526,3796665787.0,,,24526,none: population total,8393744.571453532,8271394.732041825,8507729.362492798,24526,parameter_draws_1000,0.0022108199779380614,0.0021785943762454812,0.0022408423179158267,24526,parameter_draws_1000,False
2009-12-01,True,2,D,3382,538951736.38,,,3382,none: population total,28387344.122256465,28146125.578317747,28607522.620122667,3382,parameter_draws_1000,0.05267140303309336,0.05222383319027418,0.05307993404432097,3382,parameter_draws_1000,False
2009-12-01,True,3,D,1993,374686124.76,,,1993,none: population total,89751496.16916615,89751496.16916615,89751496.16916615,1993,parameter_draws_1000,0.239537816423427,0.239537816423427,0.239537816423427,1993,parameter_draws_1000,False
2009-12-01,True,1,E,15128,2265808839.89,,,15128,none: population total,6373947.988781389,6281317.290360008,6469145.083855694,15128,parameter_draws_1000,0.0028131005036995224,0.0027722185472031933,0.002855115122672819,15128,parameter_draws_1000,False
2009-12-01,True,2,E,3042,475619941.01,,,3042,none: population total,31057879.82746471,30807337.43476835,31294690.444078,3042,parameter_draws_1000,0.06529978486922128,0.0647730147086508,0.06579768370859795,3042,parameter_draws_1000,False
2009-12-01,True,3,E,2116,396322632.35,,,2116,none: population total,95312811.81192584,95312811.81192584,95312811.81192584,2116,parameter_draws_1000,0.24049298231283772,0.24049298231283772,0.24049298231283772,2116,parameter_draws_1000,False
2009-12-01,True,1,F,6611,943684367.7,,,6611,none: population total,3367722.1841528667,3306330.008152301,3428786.7539286395,6611,parameter_draws_1000,0.0035686955293758506,0.003503639692803932,0.003633404209381436,6611,parameter_draws_1000,False
2009-12-01,True,2,F,1761,269118778.99,,,1761,none: population total,20631896.10818851,20448557.14717412,20821479.555424027,1761,parameter_draws_1000,0.0766646466873096,0.07598339002546511,0.07736910680691561,1761,parameter_draws_1000,False
2009-12-01,True,3,F,1364,243067845.39,,,1364,none: population total,57836430.05306613,57836430.05306613,57836430.05306613,1364,parameter_draws_1000,0.23794356658022017,0.23794356658022017,0.23794356658022017,1364,parameter_draws_1000,False
2009-12-01,True,1,G,3108,439344539.71,,,3108,none: population total,2073150.7047754417,2030781.1822059588,2117554.5118923318,3108,parameter_draws_1000,0.004718735564902833,0.004622297533381035,0.004819803868030487,3108,parameter_draws_1000,False
2009-12-01,True,2,G,1236,178646183.36,,,1236,none: population total,16794724.169666518,16627380.247397736,16962828.60468361,1236,parameter_draws_1000,0.09401109978276177,0.09307436595995427,0.09495209069482809,1236,parameter_draws_1000,False
2009-12-01,True,3,G,1136,199537068.43,,,1136,none: population total,46208897.03150416,46208897.03150416,46208897.03150416,1136,parameter_draws_1000,0.23158051481404215,0.23158051481404215,0.23158051481404215,1136,parameter_draws_1000,False
2010-03-01,True,1,A,103250,15774463869.93,,,103250,none: population total,4397731.7510916265,4316764.533211001,4481640.822718552,103250,parameter_draws_1000,0.0002787880328202331,0.00027365522966772986,0.00028410733066254376,103250,parameter_draws_1000,False
2010-03-01,True,2,A,1937,293201116.05,,,1937,none: population total,2073565.3061356072,2040198.305388316,2105045.497754826,1937,parameter_draws_1000,0.007072160345331016,0.006958357911026499,0.0071795275751810215,1937,parameter_draws_1000,False
2010-03-01,True,3,A,526,90465340.92,,,526,none: population total,20197994.70140834,20197994.70140834,20197994.70140834,526,parameter_draws_1000,0.22326776747870505,0.22326776747870505,0.22326776747870505,526,parameter_draws_1000,False
2010-03-01,True,1,B,42996,7167555510.71,,,42996,none: population total,6940188.001987892,6835268.1817662595,7052807.249382796,42996,parameter_draws_1000,0.0009682782353924755,0.0009536400759718952,0.0009839906002603338,42996,parameter_draws_1000,False
2010-03-01,True,2,B,2054,342485141.35,,,2054,none: population total,8013373.9695883,7919776.98463007,8110225.518575641,2054,parameter_draws_1000,0.02339772738169419,0.023124439657183596,0.023680517895190843,2054,parameter_draws_1000,False
2010-03-01,True,3,B,1021,198590372.22,,,1021,none: population total,47052757.4974362,47052757.4974362,47052757.4974362,1021,parameter_draws_1000,0.2369337293215342,0.2369337293215342,0.2369337293215342,1021,parameter_draws_1000,False
2010-03-01,True,1,C,34273,5491252737.59,,,34273,none: population total,8550987.648360472,8423171.472087253,8677259.776393455,34273,parameter_draws_1000,0.0015572016180980459,0.0015339252943917516,0.001580196758563644,34273,parameter_draws_1000,False
2010-03-01,True,2,C,2906,466513384.47,,,2906,none: population total,15796813.375417063,15628231.08444045,15948353.830348147,2906,parameter_draws_1000,0.033861436565991825,0.0335000701045169,0.03418627280858591,2906,parameter_draws_1000,False
2010-03-01,True,3,C,1672,327928152.99,,,1672,none: population total,77966165.39151898,77966165.39151898,77966165.39151898,1672,parameter_draws_1000,0.23775380271756208,0.23775380271756208,0.23775380271756208,1672,parameter_draws_1000,False
2010-03-01,True,1,D,24146,3716429020.83,,,24146,none: population total,8302631.601133553,8183138.482578325,8413547.471243354,24146,parameter_draws_1000,0.0022340347561055542,0.002201882085387107,0.0022638794994029876,24146,parameter_draws_1000,False
2010-03-01,True,2,D,3345,537556721.57,,,3345,none: population total,24746359.93191003,24514999.75200101,24951128.54126675,3345,parameter_draws_1000,0.04603488141611412,0.04560448929073375,0.04641580607232281,3345,parameter_draws_1000,False
2010-03-01,True,3,D,2242,424010618.0,,,2242,none: population total,101358455.48582146,101358455.48582146,101358455.48582146,2242,parameter_draws_1000,0.23904697472887684,0.23904697472887684,0.23904697472887684,2242,parameter_draws_1000,False
2010-03-01,True,1,E,14794,2206940720.5,,,14794,none: population total,6265762.1447119955,6175094.764680941,6359347.910598532,14794,parameter_draws_1000,0.0028391166498085356,0.002798033815462847,0.0028815218512791636,14794,parameter_draws_1000,False
2010-03-01,True,2,E,3042,475156079.74,,,3042,none: population total,26871231.969949827,26626921.876169577,27108524.884991176,3042,parameter_draws_1000,0.056552432170611094,0.05603826408101423,0.057051832104988855,3042,parameter_draws_1000,False
2010-03-01,True,3,E,2304,430326478.87,,,2304,none: population total,104246049.07268335,104246049.07268335,104246049.07268335,2304,parameter_draws_1000,0.24224874413125688,0.24224874413125688,0.24224874413125688,2304,parameter_draws_1000,False
2010-03-01,True,1,F,6452,917004103.8,,,6452,none: population total,3312722.0306953224,3252084.6082813293,3371746.1599819716,6452,parameter_draws_1000,0.0036125487519277585,0.0035464231782659657,0.0036769150170753813,6452,parameter_draws_1000,False
2010-03-01,True,2,F,1750,268012334.77,,,1750,none: population total,18116177.38315745,17925255.206969336,18303497.36969834,1750,parameter_draws_1000,0.06759456574528258,0.06688220235218742,0.06829348875082873,1750,parameter_draws_1000,False
2010-03-01,True,3,F,1457,257898490.99,,,1457,none: population total,61065472.65337892,61065472.65337892,61065472.65337892,1457,parameter_draws_1000,0.23678103900090958,0.23678103900090958,0.23678103900090958,1457,parameter_draws_1000,False
2010-03-01,True,1,G,2964,413914476.44,,,2964,none: population total,1991954.28123228,1951280.4401875879,2034861.872726948,2964,parameter_draws_1000,0.004812477926272841,0.004714211633693466,0.004916140866172185,2964,parameter_draws_1000,False
2010-03-01,True,2,G,1218,177732310.47,,,1218,none: population total,15001565.022694454,14824269.854541061,15176647.895631326,1218,parameter_draws_1000,0.084405390235596,0.08340784979016687,0.08539048333697907,1218,parameter_draws_1000,False
2010-03-01,True,3,G,1197,209318851.48,,,1197,none: population total,48266087.85693482,48266087.85693482,48266087.85693482,1197,parameter_draws_1000,0.2305864355535438,0.2305864355535438,0.2305864355535438,1197,parameter_draws_1000,False
2010-06-01,True,1,A,106328,16386483121.89,,,106328,none: population total,4499569.866826892,4416076.0231394805,4584881.704304897,106328,parameter_draws_1000,0.0002745903335912335,0.00026949504602608927,0.0002797965658769178,106328,parameter_draws_1000,False
2010-06-01,True,2,A,2025,307412781.68,,,2025,none: population total,2098763.815317547,2064412.0684605457,2131256.695131462,2025,parameter_draws_1000,0.0068271846207821184,0.00671543992796463,0.00693288250242628,2025,parameter_draws_1000,False
2010-06-01,True,3,A,574,98638285.43,,,574,none: population total,21791529.978050627,21791529.978050627,21791529.978050627,574,parameter_draws_1000,0.22092364930162214,0.22092364930162214,0.22092364930162214,574,parameter_draws_1000,False
2010-06-01,True,1,B,43454,7285429972.18,,,43454,none: population total,6920550.889809286,6816440.176160192,7032825.728815989,43454,parameter_draws_1000,0.0009499166028959122,0.0009356263394458965,0.0009653274763015222,43454,parameter_draws_1000,False
2010-06-01,True,2,B,2158,361616674.83,,,2158,none: population total,8000744.2248920165,7904441.024919072,8100695.813697969,2158,parameter_draws_1000,0.02212493167980502,0.021858618739401432,0.022401333725847114,2158,parameter_draws_1000,False
2010-06-01,True,3,B,1051,202923636.73,,,1051,none: population total,48190389.72915657,48190389.72915657,48190389.72915657,1051,parameter_draws_1000,0.2374804163069297,0.2374804163069297,0.2374804163069297,1051,parameter_draws_1000,False
2010-06-01,True,1,C,34255,5499479765.92,,,34255,none: population total,8400216.576961108,8272422.18624857,8524626.77853434,34255,parameter_draws_1000,0.0015274565839876032,0.0015042190422287494,0.0015500787604240355,34255,parameter_draws_1000,False
2010-06-01,True,2,C,2992,485510158.43,,,2992,none: population total,15594865.648401512,15409664.290070832,15744783.988031942,2992,parameter_draws_1000,0.032120575393995494,0.03173911816778715,0.03242936056980978,2992,parameter_draws_1000,False
2010-06-01,True,3,C,1706,330675517.07,,,1706,none: population total,79563972.98415631,79563972.98415631,79563972.98415631,1706,parameter_draws_1000,0.2406104137649646,0.2406104137649646,0.2406104137649646,1706,parameter_draws_1000,False
2010-06-01,True,1,D,23846,3669781818.67,,,23846,none: population total,7976091.6725639505,7861672.760178743,8084242.240874958,23846,parameter_draws_1000,0.0021734511931978126,0.002142272524263572,0.0022029217649252087,23846,parameter_draws_1000,False
2010-06-01,True,2,D,3491,562216555.68,,,3491,none: population total,24041755.001390018,23790392.95287666,24264201.70516661,3491,parameter_draws_1000,0.04276244582003025,0.042315354666321095,0.04315810600030997,3491,parameter_draws_1000,False
2010-06-01,True,3,D,2213,417183164.78,,,2213,none: population total,99974856.56001331,99974856.56001331,99974856.56001331,2213,parameter_draws_1000,0.23964259586729653,0.23964259586729653,0.23964259586729653,2213,parameter_draws_1000,False
2010-06-01,True,1,E,14572,2173642571.7,,,14572,none: population total,6045586.405878244,5957042.934712576,6136836.923119106,14572,parameter_draws_1000,0.002781315789720666,0.0027405807248491593,0.0028232962507352363,14572,parameter_draws_1000,False
2010-06-01,True,2,E,3180,499308350.49,,,3180,none: population total,28098536.12788208,27820564.376318455,28358061.94007417,3180,parameter_draws_1000,0.05627491729370712,0.05571820368919634,0.056794687916284135,3180,parameter_draws_1000,False
2010-06-01,True,3,E,2259,421962284.21,,,2259,none: population total,102493959.40067388,102493959.40067388,102493959.40067388,2259,parameter_draws_1000,0.2428983898230706,0.2428983898230706,0.2428983898230706,2259,parameter_draws_1000,False
2010-06-01,True,1,F,6361,900071285.21,,,6361,none: population total,3176429.5414860616,3118989.106030843,3233276.132240601,6361,parameter_draws_1000,0.003529086633115902,0.003465268981781967,0.0035922445092626517,6361,parameter_draws_1000,False
2010-06-01,True,2,F,1821,280512100.55,,,1821,none: population total,19538685.003649384,19319332.062083773,19748562.16252675,1821,parameter_draws_1000,0.06965362622624795,0.06887165303815544,0.07040181911513176,1821,parameter_draws_1000,False
2010-06-01,True,3,F,1412,249857131.23,,,1412,none: population total,58923225.719549626,58923225.719549626,58923225.719549626,1412,parameter_draws_1000,0.23582767251621592,0.23582767251621592,0.23582767251621592,1412,parameter_draws_1000,False
2010-06-01,True,1,G,2941,412798823.34,,,2941,none: population total,1971283.5922207984,1931312.024268594,2013701.013800713,2941,parameter_draws_1000,0.0047754099109850396,0.004678579286254111,0.004878165585617808,2941,parameter_draws_1000,False
2010-06-01,True,2,G,1233,184197190.21,,,1233,none: population total,15581297.059609137,15388942.704339104,15771084.04859942,1233,parameter_draws_1000,0.08459030803806059,0.0835460230788235,0.08562065485699909,1233,parameter_draws_1000,False
2010-06-01,True,3,G,1159,202128838.69,,,1159,none: population total,46700668.8454147,46700668.8454147,46700668.8454147,1159,parameter_draws_1000,0.2310440664879016,0.2310440664879016,0.2310440664879016,1159,parameter_draws_1000,False
2010-09-01,True,1,A,106646,16411088513.39,,,106646,none: population total,4647676.272884399,4561859.270627259,4733649.110181155,106646,parameter_draws_1000,0.0002832034126860205,0.0002779742042647071,0.00028844211682356815,106646,parameter_draws_1000,False
2010-09-01,True,2,A,2007,303598970.56,,,2007,none: population total,1892587.2352649316,1861794.9466322646,1922216.1291587327,2007,parameter_draws_1000,0.0062338394355355735,0.006132415216026959,0.006331431643569578,2007,parameter_draws_1000,False
2010-09-01,True,3,A,591,99232139.19,,,591,none: population total,21939218.74760177,21939218.74760177,21939218.74760177,591,parameter_draws_1000,0.2210898497874232,0.2210898497874232,0.2210898497874232,591,parameter_draws_1000,False
2010-09-01,True,1,B,42734,7132989128.09,,,42734,none: population total,6932908.257317076,6829037.44562018,7046404.728160068,42734,parameter_draws_1000,0.0009719499262959764,0.0009573878948906782,0.0009878614142857782,42734,parameter_draws_1000,False
2010-09-01,True,2,B,2192,371743906.62,,,2192,none: population total,8331460.361682647,8226312.9020832945,8435449.878596881,2192,parameter_draws_1000,0.022411827640793427,0.022128978459604737,0.022691561928464034,2192,parameter_draws_1000,False
2010-09-01,True,3,B,1070,206551082.42,,,1070,none: population total,49196712.29965869,49196712.29965869,49196712.29965869,1070,parameter_draws_1000,0.23818181789830728,0.23818181789830728,0.23818181789830728,1070,parameter_draws_1000,False
2010-09-01,True,1,C,33468,5357801035.88,,,33468,none: population total,8310223.305542032,8185112.5101314,8432854.73553038,33468,parameter_draws_1000,0.0015510511215124111,0.0015276999752916402,0.001573939509708821,33468,parameter_draws_1000,False
2010-09-01,True,2,C,3113,503841217.74,,,3113,none: population total,16767344.26276966,16555708.488478577,16938683.997729797,3113,parameter_draws_1000,0.033279024566470077,0.032858979983296864,0.033619091494159495,3113,parameter_draws_1000,False
2010-09-01,True,3,C,1721,327696098.8,,,1721,none: population total,78370940.17659862,78370940.17659862,78370940.17659862,1721,parameter_draws_1000,0.23915737924127714,0.23915737924127714,0.23915737924127714,1721,parameter_draws_1000,False
2010-09-01,True,1,D,23145,3548518816.83,,,23145,none: population total,7841803.822425566,7730648.116934064,7947339.938186261,23145,parameter_draws_1000,0.0022098808621877023,0.002178556326168812,0.002239621754432702,23145,parameter_draws_1000,False
2010-09-01,True,2,D,3592,580443196.72,,,3592,none: population total,25531525.448744733,25254577.63502576,25780320.11676806,3592,parameter_draws_1000,0.0439862601422838,0.04350912850341893,0.04441488893736526,3592,parameter_draws_1000,False
2010-09-01,True,3,D,2174,404616944.36,,,2174,none: population total,96481542.98641457,96481542.98641457,96481542.98641457,2174,parameter_draws_1000,0.2384515634633729,0.2384515634633729,0.2384515634633729,2174,parameter_draws_1000,False
2010-09-01,True,1,E,14229,2114413248.36,,,14229,none: population total,5992697.003618259,5905841.61469018,6083059.056819165,14229,parameter_draws_1000,0.0028342127577314267,0.0027931349840296933,0.0028769489888210652,14229,parameter_draws_1000,False
2010-09-01,True,2,E,3226,508037454.51,,,3226,none: population total,27749535.103704475,27429500.193092782,28036757.5445082,3226,parameter_draws_1000,0.0546210419278413,0.05399109839164992,0.05518639874996921,3226,parameter_draws_1000,False
2010-09-01,True,3,E,2200,407776986.88,,,2200,none: population total,99038142.87846482,99038142.87846482,99038142.87846482,2200,parameter_draws_1000,0.2428733010075667,0.2428733010075667,0.2428733010075667,2200,parameter_draws_1000,False
2010-09-01,True,1,F,6175,870452710.62,,,6175,none: population total,3152026.597854288,3095923.5261254543,3207535.730929427,6175,parameter_draws_1000,0.00362113479503003,0.0035566820441288666,0.0036849052128803015,6175,parameter_draws_1000,False
2010-09-01,True,2,F,1879,292857178.35,,,1879,none: population total,20376438.225162376,20134260.92899098,20606619.987468813,1879,parameter_draws_1000,0.0695780733119338,0.06875112654718021,0.0703640597221127,1879,parameter_draws_1000,False
2010-09-01,True,3,F,1358,238065113.8,,,1358,none: population total,56488126.13724694,56488126.13724694,56488126.13724694,1358,parameter_draws_1000,0.2372801509451862,0.2372801509451862,0.2372801509451862,1358,parameter_draws_1000,False
2010-09-01,True,1,G,2869,402411972.12,,,2869,none: population total,1937802.2565283878,1899312.8210338638,1979115.7052338638,2869,parameter_draws_1000,0.004815468700693953,0.0047198218557659745,0.004918133262306838,2869,parameter_draws_1000,False
2010-09-01,True,2,G,1272,192822892.83,,,1272,none: population total,16520185.698754873,16307637.097323162,16733437.973549664,1272,parameter_draws_1000,0.08567543747681297,0.08457313785713501,0.08678138642128193,1272,parameter_draws_1000,False
2010-09-01,True,3,G,1090,188829946.29,,,1090,none: population total,43417757.85778059,43417757.85778059,43417757.85778059,1090,parameter_draws_1000,0.22993046765527728,0.22993046765527728,0.22993046765527728,1090,parameter_draws_1000,False
2010-12-01,True,1,A,106119,16260919648.61,,,106119,none: population total,4686596.100280924,4601490.823604161,4773677.09374676,106119,parameter_draws_1000,0.0002882122414694755,0.0002829785106279337,0.00029356747323665776,106119,parameter_draws_1000,False
2010-12-01,True,2,A,2016,305753795.34,,,2016,none: population total,1862141.492940544,1831210.9288322497,1892246.0545810186,2016,parameter_draws_1000,0.006090329936443902,0.005989168267873609,0.006188790076920648,2016,parameter_draws_1000,False
2010-12-01,True,3,A,616,101568140.77,,,616,none: population total,22889954.98550122,22889954.98550122,22889954.98550122,616,parameter_draws_1000,0.22536550154378907,0.22536550154378907,0.22536550154378907,616,parameter_draws_1000,False
2010-12-01,True,1,B,40575,6739923816.76,,,40575,none: population total,6683726.7809357,6584022.607422607,6792260.284931041,40575,parameter_draws_1000,0.0009916620666120058,0.000976868995321621,0.0010077651423953632,40575,parameter_draws_1000,False
2010-12-01,True,2,B,2948,482491481.4,,,2948,none: population total,8521863.420867562,8411659.833396869,8634132.921640905,2948,parameter_draws_1000,0.01766220492875952,0.017433799678679404,0.01789489194003603,2948,parameter_draws_1000,False
2010-12-01,True,3,B,1096,209786987.01,,,1096,none: population total,49611614.347111896,49611614.347111896,49611614.347111896,1096,parameter_draws_1000,0.236485661261473,0.236485661261473,0.236485661261473,1096,parameter_draws_1000,False
2010-12-01,True,1,C,31548,5018050790.6,,,31548,none: population total,7915238.390615682,7797632.498918672,8031568.785266814,31548,parameter_draws_1000,0.0015773531837188258,0.0015539166150979355,0.0016005355705669317,31548,parameter_draws_1000,False
2010-12-01,True,2,C,3847,618705737.22,,,3847,none: population total,17562656.915405493,17330659.230135724,17761273.509297527,3847,parameter_draws_1000,0.02838612260865547,0.028011150030718513,0.028707142088423784,3847,parameter_draws_1000,False
2010-12-01,True,3,C,1729,323775445.98,,,1729,none: population total,78422272.38304426,78422272.38304426,78422272.38304426,1729,parameter_draws_1000,0.24221191988687274,0.24221191988687274,0.24221191988687274,1729,parameter_draws_1000,False
2010-12-01,True,1,D,22061,3372007462.4,,,22061,none: population total,7578530.410414618,7472403.567699318,7680597.302381095,22061,parameter_draws_1000,0.002247483285526497,0.002216010388773248,0.002277752166335506,22061,parameter_draws_1000,False
2010-12-01,True,2,D,3909,622732399.6,,,3909,none: population total,25915823.0218551,25605862.45477666,26196990.804824915,3909,parameter_draws_1000,0.04161630748376289,0.04111856468560827,0.042067814074957466,3909,parameter_draws_1000,False
2010-12-01,True,3,D,2158,397667973.35,,,2158,none: population total,95103152.71395305,95103152.71395305,95103152.71395305,2158,parameter_draws_1000,0.2391521547807668,0.2391521547807668,0.2391521547807668,2158,parameter_draws_1000,False
2010-12-01,True,1,E,13535,2006928163.4,,,13535,none: population total,5705304.957393349,5623341.849552234,5791843.553719258,13535,parameter_draws_1000,0.0028428047707137723,0.0028019646901688566,0.0028859246979259655,13535,parameter_draws_1000,False
2010-12-01,True,2,E,3498,549783370.61,,,3498,none: population total,29118382.22326026,28770813.108511213,29434892.903932516,3498,parameter_draws_1000,0.05296337390298401,0.052331181055165765,0.05353907462001567,3498,parameter_draws_1000,False
2010-12-01,True,3,E,2167,397685732.87,,,2167,none: population total,96694855.31122269,96694855.31122269,96694855.31122269,2167,parameter_draws_1000,0.24314388804798132,0.24314388804798132,0.24314388804798132,2167,parameter_draws_1000,False
2010-12-01,True,1,F,5976,845491199.62,,,5976,none: population total,3107946.9032146647,3053014.7631646576,3161536.6193173532,5976,parameter_draws_1000,0.0036759068629117716,0.0036109361806921387,0.0037392898006960726,5976,parameter_draws_1000,False
2010-12-01,True,2,F,1924,297145718.54,,,1924,none: population total,20181164.066110376,19926103.99082522,20431415.840898488,1924,parameter_draws_1000,0.06791672505082286,0.06705835806327758,0.06875891041367345,1924,parameter_draws_1000,False
2010-12-01,True,3,F,1321,228756063.26,,,1321,none: population total,54703898.721402004,54703898.721402004,54703898.721402004,1321,parameter_draws_1000,0.2391363880887675,0.2391363880887675,0.2391363880887675,1321,parameter_draws_1000,False
2010-12-01,True,1,G,2807,394675788.56,,,2807,none: population total,1907354.8967383571,1869983.2614712343,1948228.4998750333,2807,parameter_draws_1000,0.004832713209232987,0.004738023754368081,0.004936275688415726,2807,parameter_draws_1000,False
2010-12-01,True,2,G,1261,189460597.76,,,1261,none: population total,16105837.81592125,15883567.188959284,16326642.755540501,1261,parameter_draws_1000,0.08500890425946712,0.08383572825564427,0.08617434415689083,1261,parameter_draws_1000,False
2010-12-01,True,3,G,1063,182294622.98,,,1063,none: population total,41861641.20453127,41861641.20453127,41861641.20453127,1063,parameter_draws_1000,0.2296372790388009,0.2296372790388009,0.2296372790388009,1063,parameter_draws_1000,False
2011-03-01,True,1,A,109318,16900410255.18,,,109318,none: population total,4995956.559722,4905753.851185778,5088918.776978382,109318,parameter_draws_1000,0.0002956115552396565,0.000290274246430329,0.0003011121446249283,109318,parameter_draws_1000,False
2011-03-01,True,2,A,1938,297721613.83,,,1938,none: population total,1981837.2757206059,1949746.57077307,2013689.7390219024,1938,parameter_draws_1000,0.0066566792051995305,0.006548891582612413,0.006763666611627753,1938,parameter_draws_1000,False
2011-03-01,True,3,A,588,100893791.53,,,588,none: population total,22448050.18214803,22448050.18214803,22448050.18214803,588,parameter_draws_1000,0.22249188817007903,0.22249188817007903,0.22249188817007903,588,parameter_draws_1000,False
2011-03-01,True,1,B,38598,6500441252.18,,,38598,none: population total,6596533.128308443,6498425.349417887,6699706.425730847,38598,parameter_draws_1000,0.0010147823620583014,0.000999689882165855,0.0010306540995942423,38598,parameter_draws_1000,False
2011-03-01,True,2,B,5230,816647675.08,,,5230,none: population total,9648059.37177919,9494395.594739309,9802716.47974683,5230,parameter_draws_1000,0.011814224991008579,0.01162606088826399,0.012003605445624444,5230,parameter_draws_1000,False
2011-03-01,True,3,B,1073,205306802.85,,,1073,none: population total,48697379.79279165,48697379.79279165,48697379.79279165,1073,parameter_draws_1000,0.23719321092526405,0.23719321092526405,0.23719321092526405,1073,parameter_draws_1000,False
2011-03-01,True,1,C,29755,4756927198.21,,,29755,none: population total,7676062.908769497,7562868.983838211,7787298.3889729185,29755,parameter_draws_1000,0.0016136599508308532,0.001589864353333822,0.0016370438445858972,29755,parameter_draws_1000,False
2011-03-01,True,2,C,5610,889465754.33,,,5610,none: population total,18865986.86579633,18586799.77294088,19110395.525574423,5610,parameter_draws_1000,0.021210470188374308,0.020896588409906342,0.021485251604733836,5610,parameter_draws_1000,False
2011-03-01,True,3,C,1723,322035735.0,,,1723,none: population total,77895303.03364375,77895303.03364375,77895303.03364375,1723,parameter_draws_1000,0.24188403511692189,0.24188403511692189,0.24188403511692189,1723,parameter_draws_1000,False
2011-03-01,True,1,D,20558,3159579755.33,,,20558,none: population total,7256065.110025613,7153581.660086653,7351186.994228353,20558,parameter_draws_1000,0.002296528548704971,0.002264092763608527,0.0023266344145380065,20558,parameter_draws_1000,False
2011-03-01,True,2,D,5215,810368446.54,,,5215,none: population total,26528237.367460936,26168404.860507056,26857515.502455145,5215,parameter_draws_1000,0.03273601962258966,0.032291983939203614,0.033142351009750784,5215,parameter_draws_1000,False
2011-03-01,True,3,D,2085,378930524.8,,,2085,none: population total,90853532.76487218,90853532.76487218,90853532.76487218,2085,parameter_draws_1000,0.23976303522347475,0.23976303522347475,0.23976303522347475,2085,parameter_draws_1000,False
2011-03-01,True,1,E,12659,1885450299.63,,,12659,none: population total,5508445.022493283,5428045.977958694,5592423.375412567,12659,parameter_draws_1000,0.0029215540836978085,0.0028789122572066158,0.002966094294031522,12659,parameter_draws_1000,False
2011-03-01,True,2,E,4226,651269035.95,,,4226,none: population total,28666894.137318403,28261660.896084413,29038965.93208257,4226,parameter_draws_1000,0.0440169769402629,0.04339475598568784,0.04458827969569243,4226,parameter_draws_1000,False
2011-03-01,True,3,E,2105,384814413.35,,,2105,none: population total,92911267.92470491,92911267.92470491,92911267.92470491,2105,parameter_draws_1000,0.24144435525651525,0.24144435525651525,0.24144435525651525,2105,parameter_draws_1000,False
2011-03-01,True,1,F,5587,797014756.38,,,5587,none: population total,2977420.488795605,2924275.592599483,3030408.905613469,5587,parameter_draws_1000,0.003735715637586054,0.0036690356975087796,0.0038021992458175183,5587,parameter_draws_1000,False
2011-03-01,True,2,F,2210,332923222.78,,,2210,none: population total,19614090.826030593,19340161.801250976,19881647.184233114,2210,parameter_draws_1000,0.05891475716907811,0.058091957778599324,0.0597184150093704,2210,parameter_draws_1000,False
2011-03-01,True,3,F,1286,220482858.35,,,1286,none: population total,52751911.76970058,52751911.76970058,52751911.76970058,1286,parameter_draws_1000,0.23925629486334432,0.23925629486334432,0.23925629486334432,1286,parameter_draws_1000,False
2011-03-01,True,1,G,2634,374470370.38,,,2634,none: population total,1811331.01819032,1774630.8887832493,1850896.7412667682,2634,parameter_draws_1000,0.004837047631705125,0.00473904220241087,0.004942705451938801,2634,parameter_draws_1000,False
2011-03-01,True,2,G,1372,199120773.71,,,1372,none: population total,15408480.209057316,15185498.124103734,15635399.2008987,1372,parameter_draws_1000,0.07738258506115622,0.07626275170173823,0.0785221898729167,1372,parameter_draws_1000,False
2011-03-01,True,3,G,1042,179263324.46,,,1042,none: population total,41157313.39353899,41157313.39353899,41157313.39353899,1042,parameter_draws_1000,0.22959137635943286,0.22959137635943286,0.22959137635943286,1042,parameter_draws_1000,False
2011-06-01,True,1,A,112408,17502057180.04,,,112408,none: population total,5242791.092257034,5147273.305756175,5340874.812075809,112408,parameter_draws_1000,0.00029955284903514706,0.00029409533135489455,0.0003051569742422474,112408,parameter_draws_1000,False
2011-06-01,True,2,A,1955,296989144.67,,,1955,none: population total,2051596.5852676274,2017482.368954552,2084211.9703699283,1955,parameter_draws_1000,0.006907985096718812,0.0067931182171532935,0.007017805222092557,1955,parameter_draws_1000,False
2011-06-01,True,3,A,597,100583862.43,,,597,none: population total,22916171.425609317,22916171.425609317,22916171.425609317,597,parameter_draws_1000,0.22783149177192832,0.22783149177192832,0.22783149177192832,597,parameter_draws_1000,False
2011-06-01,True,1,B,38432,6531245316.7,,,38432,none: population total,6664363.754334734,6565292.3721267795,6768536.572311776,38432,parameter_draws_1000,0.001020381784970526,0.0010052129500234394,0.0010363317015523877,38432,parameter_draws_1000,False
2011-06-01,True,2,B,6001,913216470.34,,,6001,none: population total,10191964.573645076,10020979.051928045,10364553.668527756,6001,parameter_draws_1000,0.011160513311647238,0.010973278929361766,0.01134950365565453,6001,parameter_draws_1000,False
2011-06-01,True,3,B,1047,199910033.74,,,1047,none: population total,47478249.023428604,47478249.023428604,47478249.023428604,1047,parameter_draws_1000,0.23749807918685115,0.23749807918685115,0.23749807918685115,1047,parameter_draws_1000,False
2011-06-01,True,1,C,28956,4681677624.68,,,28956,none: population total,7584913.495403243,7470513.902171898,7694495.22383997,28956,parameter_draws_1000,0.0016201272499880176,0.0015956916518109294,0.0016435337587700522,28956,parameter_draws_1000,False
2011-06-01,True,2,C,6598,1015210003.56,,,6598,none: population total,19688534.3782711,19372308.84299005,19962696.657121677,6598,parameter_draws_1000,0.019393558287674504,0.01908207048301128,0.019663613032888976,6598,parameter_draws_1000,False
2011-06-01,True,3,C,1634,302617956.3,,,1634,none: population total,73080620.32687964,73080620.32687964,73080620.32687964,1634,parameter_draws_1000,0.24149465953841562,0.24149465953841562,0.24149465953841562,1634,parameter_draws_1000,False
2011-06-01,True,1,D,19681,3041480274.27,,,19681,none: population total,7007639.285844287,6906360.455208034,7100602.06601458,19681,parameter_draws_1000,0.002304022598840041,0.00227072340847769,0.002334587577661943,19681,parameter_draws_1000,False
2011-06-01,True,2,D,6086,933624709.04,,,6086,none: population total,28693829.057827007,28275002.494535536,29084034.43859438,6086,parameter_draws_1000,0.030733793546800458,0.030285190848911143,0.031151740262423056,6086,parameter_draws_1000,False
2011-06-01,True,3,D,1961,353999175.43,,,1961,none: population total,84554611.21586826,84554611.21586826,84554611.21586826,1961,parameter_draws_1000,0.2388553903075069,0.2388553903075069,0.2388553903075069,1961,parameter_draws_1000,False
2011-06-01,True,1,E,12193,1828697438.06,,,12193,none: population total,5367422.6887078555,5288384.811664316,5448594.6163675,12193,parameter_draws_1000,0.0029351070204385278,0.002891886159842043,0.002979494859547526,12193,parameter_draws_1000,False
2011-06-01,True,2,E,4631,708104634.76,,,4631,none: population total,30019794.8407522,29589010.827426746,30427320.38752789,4631,parameter_draws_1000,0.04239457470989001,0.04178621262301925,0.04297009070960355,4631,parameter_draws_1000,False
2011-06-01,True,3,E,1999,361045067.19,,,1999,none: population total,87099887.27874078,87099887.27874078,87099887.27874078,1999,parameter_draws_1000,0.24124380913617208,0.24124380913617208,0.24124380913617208,1999,parameter_draws_1000,False
2011-06-01,True,1,F,5455,790319986.82,,,5455,none: population total,2945031.110161041,2891403.508032324,2997425.3652988826,5455,parameter_draws_1000,0.0037263781243986036,0.003658522568392108,0.0037926731137846873,5455,parameter_draws_1000,False
2011-06-01,True,2,F,2325,344318426.27,,,2325,none: population total,19709628.345864296,19422786.424257074,19997847.38269554,2325,parameter_draws_1000,0.05724244432509353,0.056409372668968186,0.05807951552094419,2325,parameter_draws_1000,False
2011-06-01,True,3,F,1213,207603178.8,,,1213,none: population total,49582969.00190655,49582969.00190655,49582969.00190655,1213,parameter_draws_1000,0.23883530728435334,0.23883530728435334,0.23883530728435334,1213,parameter_draws_1000,False
2011-06-01,True,1,G,2638,379078347.69,,,2638,none: population total,1864273.2100152653,1826194.2157222643,1904397.4059821414,2638,parameter_draws_1000,0.004917910034629088,0.004817458519724467,0.005023756744712589,2638,parameter_draws_1000,False
2011-06-01,True,2,G,1352,194688575.68,,,1352,none: population total,15040123.834112614,14816424.94664191,15262192.94695487,1352,parameter_draws_1000,0.07725221565559821,0.07610320685172065,0.07839285327168134,1352,parameter_draws_1000,False
2011-06-01,True,3,G,992,168814339.22,,,992,none: population total,39003947.870399,39003947.870399,39003947.870399,992,parameter_draws_1000,0.23104641495867712,0.23104641495867712,0.23104641495867712,992,parameter_draws_1000,False
2011-09-01,True,1,A,113977,17782885740.39,,,113977,none: population total,5164067.0296835145,5068699.519089059,5261313.328199712,113977,parameter_draws_1000,0.000290395333191308,0.00028503245159904495,0.0002958638662480843,113977,parameter_draws_1000,False
2011-09-01,True,2,A,1961,292956355.17,,,1961,none: population total,1952341.0031891002,1919641.3829014653,1983952.2880490534,1961,parameter_draws_1000,0.006664272574172947,0.006552653147898138,0.006772176991681178,1961,parameter_draws_1000,False
2011-09-01,True,3,A,633,105108951.54,,,633,none: population total,23720141.55292312,23720141.55292312,23720141.55292312,633,parameter_draws_1000,0.22567194520912182,0.22567194520912182,0.22567194520912182,633,parameter_draws_1000,False
2011-09-01,True,1,B,42276,7103318832.63,,,42276,none: population total,7021746.620209997,6916697.538692704,7134449.372956891,42276,parameter_draws_1000,0.0009885163239406781,0.0009737275915196109,0.0010043825345673475,42276,parameter_draws_1000,False
2011-09-01,True,2,B,2514,408431792.08,,,2514,none: population total,7498151.483108913,7388892.249823685,7602193.373606337,2514,parameter_draws_1000,0.018358393319294404,0.018090884189486442,0.018613128363223222,2514,parameter_draws_1000,False
2011-09-01,True,3,B,1056,196531228.43,,,1056,none: population total,46576189.51200761,46576189.51200761,46576189.51200761,1056,parameter_draws_1000,0.23699129081970297,0.23699129081970297,0.23699129081970297,1056,parameter_draws_1000,False
2011-09-01,True,1,C,32539,5219516035.83,,,32539,none: population total,8150099.088749027,8027883.362938538,8270298.6299464805,32539,parameter_draws_1000,0.001561466433439745,0.00153805128824783,0.0015844953005554566,32539,parameter_draws_1000,False
2011-09-01,True,2,C,3026,491616302.04,,,3026,none: population total,14709786.791905152,14496844.438181859,14894192.946856786,3026,parameter_draws_1000,0.029921275455809235,0.029488127993368154,0.03029637724593789,3026,parameter_draws_1000,False
2011-09-01,True,3,C,1599,292213679.15,,,1599,none: population total,70743116.0294596,70743116.0294596,70743116.0294596,1599,parameter_draws_1000,0.24209378642108514,0.24209378642108514,0.24209378642108514,1599,parameter_draws_1000,False
2011-09-01,True,1,D,22078,3393831144.28,,,22078,none: population total,7502694.1393770585,7393859.651099433,7607838.590840204,22078,parameter_draws_1000,0.0022106857472924605,0.002178617419891713,0.0022416667970245182,22078,parameter_draws_1000,False
2011-09-01,True,2,D,3539,561615222.1,,,3539,none: population total,23882619.5543392,23558663.102894973,24169443.455141604,3539,parameter_draws_1000,0.042524879338271766,0.0419480494399779,0.04303559181456453,3539,parameter_draws_1000,False
2011-09-01,True,3,D,1934,347691910.74,,,1934,none: population total,83622762.09042557,83622762.09042557,83622762.09042557,1934,parameter_draws_1000,0.24050821864808267,0.24050821864808267,0.24050821864808267,1934,parameter_draws_1000,False
2011-09-01,True,1,E,13627,2029028413.62,,,13627,none: population total,5692119.031287878,5608464.870534292,5778385.388048032,13627,parameter_draws_1000,0.0028053421987977683,0.0027641135199916703,0.00284785828983971,13627,parameter_draws_1000,False
2011-09-01,True,2,E,3061,485547095.83,,,3061,none: population total,24988315.107387338,24653510.70527921,25282214.460893027,3061,parameter_draws_1000,0.05146424584142969,0.05077470531079215,0.0520695410970903,3061,parameter_draws_1000,False
2011-09-01,True,3,E,1974,353420507.38,,,1974,none: population total,85403858.6838722,85403858.6838722,85403858.6838722,1974,parameter_draws_1000,0.24164941450906077,0.24164941450906077,0.24164941450906077,1974,parameter_draws_1000,False
2011-09-01,True,1,F,5939,861309793.51,,,5939,none: population total,3124891.2560521113,3067128.4446294936,3182233.6961560226,5939,parameter_draws_1000,0.003628068877886073,0.0035610049574966124,0.003694644737740436,5939,parameter_draws_1000,False
2011-09-01,True,2,F,1822,274214505.15,,,1822,none: population total,18238243.95864125,17994445.02172367,18478307.51123061,1822,parameter_draws_1000,0.06651086509324013,0.06562178398214348,0.06738632407910977,1822,parameter_draws_1000,False
2011-09-01,True,3,F,1190,203503644.86,,,1190,none: population total,48610132.1507777,48610132.1507777,48610132.1507777,1190,parameter_draws_1000,0.2388661499611909,0.2388661499611909,0.2388661499611909,1190,parameter_draws_1000,False
2011-09-01,True,1,G,2823,403301655.81,,,2823,none: population total,1918130.2765889145,1878837.670313652,1960210.8960282996,2823,parameter_draws_1000,0.004756068438986443,0.004658641102130248,0.004860408748115275,2823,parameter_draws_1000,False
2011-09-01,True,2,G,1156,170111907.43,,,1156,none: population total,14286526.839080488,14083098.179619651,14487740.62246283,1156,parameter_draws_1000,0.0839831088541483,0.08278725688508759,0.08516594071126059,1156,parameter_draws_1000,False
2011-09-01,True,3,G,970,165288366.72,,,970,none: population total,38050305.2840269,38050305.2840269,38050305.2840269,970,parameter_draws_1000,0.23020558578381056,0.23020558578381056,0.23020558578381056,970,parameter_draws_1000,False
2011-12-01,True,1,A,114677,17911816656.6,,,114677,none: population total,5099485.375523766,5005179.350634307,5196601.684677048,114677,parameter_draws_1000,0.00028469950721859077,0.00027943448990083535,0.00029012142008288407,114677,parameter_draws_1000,False
2011-12-01,True,2,A,1927,283623470.43,,,1927,none: population total,1671281.6223182674,1644315.9638881946,1698789.3476612996,1927,parameter_draws_1000,0.005892606912201047,0.005797531358724495,0.00598959368590256,1927,parameter_draws_1000,False
2011-12-01,True,3,A,653,109746777.56,,,653,none: population total,24908798.855623256,24908798.855623256,24908798.855623256,653,parameter_draws_1000,0.22696610697298414,0.22696610697298414,0.22696610697298414,653,parameter_draws_1000,False
2011-12-01,True,1,B,41928,7003384708.76,,,41928,none: population total,6796653.526119278,6694785.945729601,6904952.07641311,41928,parameter_draws_1000,0.0009704812471058261,0.0009559357687941379,0.0009859449913948368,41928,parameter_draws_1000,False
2011-12-01,True,2,B,2145,351437337.39,,,2145,none: population total,7079914.803944537,6969756.09909444,7182628.969732704,2145,parameter_draws_1000,0.02014559652803127,0.0198321446174625,0.020437865319250174,2145,parameter_draws_1000,False
2011-12-01,True,3,B,1039,187362379.06,,,1039,none: population total,44578472.10016056,44578472.10016056,44578472.10016056,1039,parameter_draws_1000,0.23792648408827566,0.23792648408827566,0.23792648408827566,1039,parameter_draws_1000,False
2011-12-01,True,1,C,31845,5098859827.51,,,31845,none: population total,7771713.902095137,7655084.749284167,7886317.101469447,31845,parameter_draws_1000,0.0015242062274715268,0.0015013326524456517,0.0015466824678960994,31845,parameter_draws_1000,False
2011-12-01,True,2,C,3031,491570278.06,,,3031,none: population total,14321573.314684499,14103996.110793494,14510676.767617045,3031,parameter_draws_1000,0.02913433532068926,0.028691718641850005,0.029519027930012286,3031,parameter_draws_1000,False
2011-12-01,True,3,C,1622,291300528.82,,,1622,none: population total,70589960.14817354,70589960.14817354,70589960.14817354,1622,parameter_draws_1000,0.2423269207032315,0.2423269207032315,0.2423269207032315,1622,parameter_draws_1000,False
2011-12-01,True,1,D,21701,3333534871.56,,,21701,none: population total,7243907.880628712,7137869.730915421,7346544.860896564,21701,parameter_draws_1000,0.0021730409789410027,0.0021412314572773913,0.0022038302114591613,21701,parameter_draws_1000,False
2011-12-01,True,2,D,3400,534817442.95,,,3400,none: population total,22379493.779025204,22058152.39870062,22659033.445526727,3400,parameter_draws_1000,0.041845108221568346,0.0412442651029294,0.042367790625043464,3400,parameter_draws_1000,False
2011-12-01,True,3,D,2015,357280827.64,,,2015,none: population total,85756138.71902989,85756138.71902989,85756138.71902989,2015,parameter_draws_1000,0.24002446278880293,0.24002446278880293,0.24002446278880293,2015,parameter_draws_1000,False
2011-12-01,True,1,E,13440,2003102247.93,,,13440,none: population total,5562702.457050584,5479035.961660351,5644448.014459736,13440,parameter_draws_1000,0.002777043689506646,0.0027352752298702523,0.002817853167651672,13440,parameter_draws_1000,False
2011-12-01,True,2,E,2976,466818910.03,,,2976,none: population total,24783661.00680849,24457756.827152282,25067456.527626514,2976,parameter_draws_1000,0.0530905249858361,0.052392386644278206,0.05369845991460706,2976,parameter_draws_1000,False
2011-12-01,True,3,E,1957,347368522.2,,,1957,none: population total,84010294.12105067,84010294.12105067,84010294.12105067,1957,parameter_draws_1000,0.24184774598741887,0.24184774598741887,0.24184774598741887,1957,parameter_draws_1000,False
2011-12-01,True,1,F,5888,857086359.16,,,5888,none: population total,3023268.914881943,2966687.0235756086,3078597.2451176024,5888,parameter_draws_1000,0.003527379572164632,0.003461363014204489,0.003591933545803747,5888,parameter_draws_1000,False
2011-12-01,True,2,F,1762,263665617.89,,,1762,none: population total,17385909.050991856,17147875.638990883,17627496.962564413,1762,parameter_draws_1000,0.0659392346644346,0.06503644948559388,0.06685550093193614,1762,parameter_draws_1000,False
2011-12-01,True,3,F,1209,204574411.41,,,1209,none: population total,48671693.366912216,48671693.366912216,48671693.366912216,1209,parameter_draws_1000,0.237916819759859,0.237916819759859,0.237916819759859,1209,parameter_draws_1000,False
2011-12-01,True,1,G,2829,411782846.38,,,2829,none: population total,1932085.6285599617,1892815.9096211856,1974540.277017897,2829,parameter_draws_1000,0.004692001246640083,0.004596636130574667,0.004795100850791047,2829,parameter_draws_1000,False
2011-12-01,True,2,G,1097,158964002.36,,,1097,none: population total,13061791.005670166,12869212.365222935,13251007.885477532,1097,parameter_draws_1000,0.08216823187484674,0.08095677118193398,0.08335854463118295,1097,parameter_draws_1000,False
2011-12-01,True,3,G,978,165498382.88,,,978,none: population total,38408024.69158606,38408024.69158606,38408024.69158606,978,parameter_draws_1000,0.23207492437817387,0.23207492437817387,0.23207492437817387,978,parameter_draws_1000,False
2012-03-01,True,1,A,115062,18009296460.74,,,115062,none: population total,4870863.543317209,4779899.03772678,4966332.622888293,115062,parameter_draws_1000,0.00027046384371180846,0.0002654128687451444,0.00027576494360647704,115062,parameter_draws_1000,False
2012-03-01,True,2,A,1841,269531544.97,,,1841,none: population total,1556939.1653633607,1531403.2773106494,1583232.893613833,1841,parameter_draws_1000,0.005776463625200732,0.005681721883355437,0.005874017060934569,1841,parameter_draws_1000,False
2012-03-01,True,3,A,642,105562856.63,,,642,none: population total,23867415.61108167,23867415.61108167,23867415.61108167,642,parameter_draws_1000,0.22609671974620257,0.22609671974620257,0.22609671974620257,642,parameter_draws_1000,False
2012-03-01,True,1,B,41505,6914862150.27,,,41505,none: population total,6392055.341992272,6295317.7438517,6494538.578847415,41505,parameter_draws_1000,0.0009243937482893545,0.0009104039396657952,0.000939214468446609,41505,parameter_draws_1000,False
2012-03-01,True,2,B,1940,313879647.15,,,1940,none: population total,5939114.176915441,5850014.732102189,6021194.4691782445,1940,parameter_draws_1000,0.018921628818058398,0.018637763821961112,0.019183131253810718,1940,parameter_draws_1000,False
2012-03-01,True,3,B,1040,185837138.85,,,1040,none: population total,44251932.24188192,44251932.24188192,44251932.24188192,1040,parameter_draws_1000,0.23812211335001363,0.23812211335001363,0.23812211335001363,1040,parameter_draws_1000,False
2012-03-01,True,1,C,31515,5044966882.82,,,31515,none: population total,7344357.009686006,7231902.228471704,7455438.760347441,31515,parameter_draws_1000,0.0014557790329003527,0.0014334885434231564,0.0014777973638907323,31515,parameter_draws_1000,False
2012-03-01,True,2,C,2827,452629014.21,,,2827,none: population total,12670676.189148694,12472809.811651533,12843302.506587896,2827,parameter_draws_1000,0.02799351299046432,0.027556363865496033,0.02837489887607861,2827,parameter_draws_1000,False
2012-03-01,True,3,C,1597,285837540.25,,,1597,none: population total,68845120.33375134,68845120.33375134,68845120.33375134,1597,parameter_draws_1000,0.24085401894215094,0.24085401894215094,0.24085401894215094,1597,parameter_draws_1000,False
2012-03-01,True,1,D,21562,3317764859.77,,,21562,none: population total,6863132.238375288,6761780.946111833,6960925.7657818785,21562,parameter_draws_1000,0.002068601160255542,0.0020380530965598883,0.002098076886095067,21562,parameter_draws_1000,False
2012-03-01,True,2,D,3197,495082104.53,,,3197,none: population total,18800458.764989987,18532454.47421677,19040235.31654226,3197,parameter_draws_1000,0.037974426045631296,0.03743309302567162,0.038458742786952216,3197,parameter_draws_1000,False
2012-03-01,True,3,D,1994,352994941.92,,,1994,none: population total,84435712.1372304,84435712.1372304,84435712.1372304,1994,parameter_draws_1000,0.23919807937748366,0.23919807937748366,0.23919807937748366,1994,parameter_draws_1000,False
2012-03-01,True,1,E,13462,2015326485.84,,,13462,none: population total,5338214.920760774,5256215.545357966,5419311.548794328,13462,parameter_draws_1000,0.0026488089936136452,0.002608121107070721,0.0026890489391526687,13462,parameter_draws_1000,False
2012-03-01,True,2,E,2749,421974143.83,,,2749,none: population total,20199930.513282232,19904131.809000228,20452230.099098198,2749,parameter_draws_1000,0.047870066942822316,0.047169079196044225,0.04846796989376144,2749,parameter_draws_1000,False
2012-03-01,True,3,E,1971,351513078.96,,,1971,none: population total,85266350.97683871,85266350.97683871,85266350.97683871,1971,parameter_draws_1000,0.24256949763892424,0.24256949763892424,0.24256949763892424,1971,parameter_draws_1000,False
2012-03-01,True,1,F,5905,858967069.27,,,5905,none: population total,2906864.425865773,2851472.092438147,2961343.6954125497,5905,parameter_draws_1000,0.0033841395437152148,0.0033196523993189787,0.003447563709199319,5905,parameter_draws_1000,False
2012-03-01,True,2,F,1658,248520737.13,,,1658,none: population total,14609131.335718408,14398164.179290934,14822699.366267683,1658,parameter_draws_1000,0.058784355399994014,0.05793546383921806,0.05964371238169151,1658,parameter_draws_1000,False
2012-03-01,True,3,F,1192,198986473.88,,,1192,none: population total,47251712.498373955,47251712.498373955,47251712.498373955,1192,parameter_draws_1000,0.23746193184401765,0.23746193184401765,0.23746193184401765,1192,parameter_draws_1000,False
2012-03-01,True,1,G,2918,426335264.07,,,2918,none: population total,1919151.0535448191,1879625.7887559067,1961433.1623328587,2918,parameter_draws_1000,0.004501506713809425,0.004408797364806518,0.004600682438529905,2918,parameter_draws_1000,False
2012-03-01,True,2,G,1029,149385615.81,,,1029,none: population total,11292839.461827269,11112435.878155418,11471485.109916197,1029,parameter_draws_1000,0.07559522649215679,0.07438758958084063,0.07679109563337413,1029,parameter_draws_1000,False
2012-03-01,True,3,G,952,160146499.5,,,952,none: population total,37317622.7545099,37317622.7545099,37317622.7545099,952,parameter_draws_1000,0.23302178237439342,0.23302178237439342,0.23302178237439342,952,parameter_draws_1000,False
2012-06-01,True,1,A,114622,17891117961.31,,,114622,none: population total,4574334.767866287,4487142.850320874,4664070.223732192,114622,parameter_draws_1000,0.0002556762957886926,0.00025080282070826627,0.00026069193852605317,114622,parameter_draws_1000,False
2012-06-01,True,2,A,1732,251451701.06,,,1732,none: population total,1378627.3822046435,1354842.8554229892,1402493.969019234,1732,parameter_draws_1000,0.005482672721612184,0.0053880838734103615,0.005577587914923585,1732,parameter_draws_1000,False
2012-06-01,True,3,A,622,101910616.87,,,622,none: population total,22771713.957657345,22771713.957657345,22771713.957657345,622,parameter_draws_1000,0.22344790618533467,0.22344790618533467,0.22344790618533467,622,parameter_draws_1000,False
2012-06-01,True,1,B,40742,6757230243.98,,,40742,none: population total,5921964.969933808,5831242.81283853,6019945.452413657,40742,parameter_draws_1000,0.0008763894015909363,0.0008629634631783593,0.0008908894968876948,40742,parameter_draws_1000,False
2012-06-01,True,2,B,1883,298771481.66,,,1883,none: population total,5488146.888079708,5404571.449831978,5567773.296690378,1883,parameter_draws_1000,0.01836904532382774,0.018089315016961177,0.018635558071859307,1883,parameter_draws_1000,False
2012-06-01,True,3,B,1008,181176158.11,,,1008,none: population total,42506201.87020828,42506201.87020828,42506201.87020828,1008,parameter_draws_1000,0.2346125578201128,0.2346125578201128,0.2346125578201128,1008,parameter_draws_1000,False
2012-06-01,True,1,C,31008,4952001027.69,,,31008,none: population total,6843384.742898662,6736130.898138919,6947258.291432211,31008,parameter_draws_1000,0.0013819433204138392,0.0013602846325096942,0.0014029193961361023,31008,parameter_draws_1000,False
2012-06-01,True,2,C,2667,418380664.71,,,2667,none: population total,11927622.305574108,11747517.825039016,12093814.96001531,2667,parameter_draws_1000,0.028509018966834245,0.0280785390337811,0.028906247300883568,2667,parameter_draws_1000,False
2012-06-01,True,3,C,1572,280901409.84,,,1572,none: population total,67665534.8301047,67665534.8301047,67665534.8301047,1572,parameter_draws_1000,0.24088713142681142,0.24088713142681142,0.24088713142681142,1572,parameter_draws_1000,False
2012-06-01,True,1,D,21308,3280442665.28,,,21308,none: population total,6423129.462130501,6326618.319506964,6517162.237350532,21308,parameter_draws_1000,0.0019580069269652237,0.0019285867686295805,0.0019866715874439045,21308,parameter_draws_1000,False
2012-06-01,True,2,D,3111,476398632.03,,,3111,none: population total,18439535.357068673,18173596.786654383,18675296.583624884,3111,parameter_draws_1000,0.038706104756210745,0.038147877774573354,0.03920098700545567,3111,parameter_draws_1000,False
2012-06-01,True,3,D,1940,344890189.4,,,1940,none: population total,82564978.05772124,82564978.05772124,82564978.05772124,1940,parameter_draws_1000,0.23939497438694396,0.23939497438694396,0.23939497438694396,1940,parameter_draws_1000,False
2012-06-01,True,1,E,13522,2035592302.05,,,13522,none: population total,5140620.005276375,5060368.730436398,5219396.588167526,13522,parameter_draws_1000,0.0025253681693035344,0.0024859441280752595,0.002564067757041126,13522,parameter_draws_1000,False
2012-06-01,True,2,E,2628,403083806.63,,,2628,none: population total,19824036.979456075,19544795.469867293,20067058.8446132,2628,parameter_draws_1000,0.04918093124404032,0.04848816833718134,0.04978383778893211,2628,parameter_draws_1000,False
2012-06-01,True,3,E,1903,339435416.81,,,1903,none: population total,81618049.21896122,81618049.21896122,81618049.21896122,1903,parameter_draws_1000,0.2404523664207002,0.2404523664207002,0.2404523664207002,1903,parameter_draws_1000,False
2012-06-01,True,1,F,5981,879730418.26,,,5981,none: population total,2838096.645352356,2784755.716400266,2891532.514588641,5981,parameter_draws_1000,0.0032260981164727335,0.0031654648499118347,0.003286839302780665,5981,parameter_draws_1000,False
2012-06-01,True,2,F,1603,237278892.37,,,1603,none: population total,14545335.186486375,14343245.884112075,14750916.575710502,1603,parameter_draws_1000,0.061300586163412954,0.060448890926825406,0.06216699862501344,1603,parameter_draws_1000,False
2012-06-01,True,3,F,1174,199165598.93,,,1174,none: population total,47245486.256924175,47245486.256924175,47245486.256924175,1174,parameter_draws_1000,0.23721710230454693,0.23721710230454693,0.23721710230454693,1174,parameter_draws_1000,False
2012-06-01,True,1,G,3050,454194258.02,,,3050,none: population total,1962986.5184445078,1923052.1332757133,2006255.0194690132,3050,parameter_draws_1000,0.004321909587765131,0.00423398600779104,0.004417173894304647,3050,parameter_draws_1000,False
2012-06-01,True,2,G,993,141195835.8,,,993,none: population total,11305819.367350755,11131315.903477732,11480070.857086333,993,parameter_draws_1000,0.08007190370235234,0.0788360070281742,0.08130601580451378,993,parameter_draws_1000,False
2012-06-01,True,3,G,879,149852087.78,,,879,none: population total,34770559.88103017,34770559.88103017,34770559.88103017,879,parameter_draws_1000,0.2320325355231442,0.2320325355231442,0.2320325355231442,879,parameter_draws_1000,False
2012-09-01,True,1,A,112283,17427654473.95,,,112283,none: population total,4372021.516732657,4288061.078846169,4457582.658344258,112283,parameter_draws_1000,0.00025086689222968817,0.00024604923658865,0.00025577639635943164,112283,parameter_draws_1000,False
2012-09-01,True,2,A,1720,250133360.73,,,1720,none: population total,1524085.0352872282,1497827.4120171198,1550517.2056792753,1720,parameter_draws_1000,0.006093089825520565,0.005988115330341366,0.006198762136942385,1720,parameter_draws_1000,False
2012-09-01,True,3,A,605,95064652.36,,,605,none: population total,21135469.839827944,21135469.839827944,21135469.839827944,605,parameter_draws_1000,0.22232732477461872,0.22232732477461872,0.22232732477461872,605,parameter_draws_1000,False
2012-09-01,True,1,B,39820,6574499452.58,,,39820,none: population total,5643694.960632604,5557817.400075422,5737187.415802291,39820,parameter_draws_1000,0.0008584219987147272,0.0008453597783621981,0.0008726424661197398,39820,parameter_draws_1000,False
2012-09-01,True,2,B,1845,288219111.79,,,1845,none: population total,5270858.975110601,5190938.749097801,5345973.272775481,1845,parameter_draws_1000,0.018287680308136586,0.0180103904868043,0.01854829556435044,1845,parameter_draws_1000,False
2012-09-01,True,3,B,967,171662142.96,,,967,none: population total,39496080.58245541,39496080.58245541,39496080.58245541,967,parameter_draws_1000,0.23008031882520902,0.23008031882520902,0.23008031882520902,967,parameter_draws_1000,False
2012-09-01,True,1,C,30364,4836592013.14,,,30364,none: population total,6554140.634928057,6451122.740712717,6654362.320039434,30364,parameter_draws_1000,0.0013551154650054914,0.0013338157783799787,0.0013758370153945042,30364,parameter_draws_1000,False
2012-09-01,True,2,C,2603,404282784.53,,,2603,none: population total,12365536.444800837,12182609.332435898,12534113.126187533,2603,parameter_draws_1000,0.03058635420050454,0.03013388103230471,0.031003331345803162,2603,parameter_draws_1000,False
2012-09-01,True,3,C,1495,265782750.48,,,1495,none: population total,63782922.09127704,63782922.09127704,63782922.09127704,1495,parameter_draws_1000,0.23998142082616708,0.23998142082616708,0.23998142082616708,1495,parameter_draws_1000,False
2012-09-01,True,1,D,20939,3219388256.94,,,20939,none: population total,6185929.690159069,6091191.247660094,6277320.818532707,20939,parameter_draws_1000,0.0019214612207223308,0.0018920337534714489,0.0019498489518935019,20939,parameter_draws_1000,False
2012-09-01,True,2,D,3021,461298032.27,,,3021,none: population total,18799966.938181307,18543915.40841024,19034019.34896319,3021,parameter_draws_1000,0.04075449194020753,0.04019942447436324,0.04126186980529431,3021,parameter_draws_1000,False
2012-09-01,True,3,D,1866,329836893.88,,,1866,none: population total,79236699.55606718,79236699.55606718,79236699.55606718,1866,parameter_draws_1000,0.24022994706254655,0.24022994706254655,0.24022994706254655,1866,parameter_draws_1000,False
2012-09-01,True,1,E,13376,2021289798.46,,,13376,none: population total,4984547.454910792,4906163.665917661,5062513.7305707615,13376,parameter_draws_1000,0.0024660231594244766,0.002427244064485764,0.0025045956964844128,13376,parameter_draws_1000,False
2012-09-01,True,2,E,2631,403091551.17,,,2631,none: population total,20606375.66803135,20299579.7417033,20865574.439292848,2631,parameter_draws_1000,0.051120832496290174,0.05035972518595943,0.05176385954686753,2631,parameter_draws_1000,False
2012-09-01,True,3,E,1820,322532699.64,,,1820,none: population total,77650104.85791785,77650104.85791785,77650104.85791785,1820,parameter_draws_1000,0.2407511081654302,0.2407511081654302,0.2407511081654302,1820,parameter_draws_1000,False
2012-09-01,True,1,F,5974,881860243.59,,,5974,none: population total,2778068.6985545596,2724880.235544261,2830360.859305818,5974,parameter_draws_1000,0.0031502369210400154,0.003089922984226432,0.0032095344810914588,5974,parameter_draws_1000,False
2012-09-01,True,2,F,1590,236672202.29,,,1590,none: population total,14965588.80642599,14756884.32274595,15179962.239946516,1590,parameter_draws_1000,0.06323340325404292,0.06235157394895068,0.06413918530806653,1590,parameter_draws_1000,False
2012-09-01,True,3,F,1133,193254129.93,,,1133,none: population total,45328032.321661085,45328032.321661085,45328032.321661085,1133,parameter_draws_1000,0.23455142892977077,0.23455142892977077,0.23455142892977077,1133,parameter_draws_1000,False
2012-09-01,True,1,G,3071,459111958.22,,,3071,none: population total,1915459.6919617925,1876273.005424004,1957630.5832789324,3071,parameter_draws_1000,0.004172097149000704,0.004086743923417738,0.004263950324597869,3071,parameter_draws_1000,False
2012-09-01,True,2,G,1011,147800941.1,,,1011,none: population total,11725494.575321704,11542560.01335792,11908402.265458234,1011,parameter_draws_1000,0.07933301701636936,0.07809530796930711,0.08057054425249688,1011,parameter_draws_1000,False
2012-09-01,True,3,G,842,143904621.95,,,842,none: population total,33006058.863825332,33006058.863825332,33006058.863825332,842,parameter_draws_1000,0.22936065858463786,0.22936065858463786,0.22936065858463786,842,parameter_draws_1000,False
2012-12-01,True,1,A,110423,17070016000.52,,,110423,none: population total,4185226.277203388,4104739.293435578,4266582.145105602,110423,parameter_draws_1000,0.00024517998560024166,0.0002404648767353549,0.00024994599565551843,110423,parameter_draws_1000,False
2012-12-01,True,2,A,1670,238538763.19,,,1670,none: population total,1493780.3223788932,1468075.7017147895,1519067.7938018332,1670,parameter_draws_1000,0.0062622120715410635,0.006154453398190227,0.006368221975695711,1670,parameter_draws_1000,False
2012-12-01,True,3,A,591,92652528.63,,,591,none: population total,20244859.90597798,20244859.90597798,20244859.90597798,591,parameter_draws_1000,0.21850304795052175,0.21850304795052175,0.21850304795052175,591,parameter_draws_1000,False
2012-12-01,True,1,B,38911,6389280343.97,,,38911,none: population total,5339973.023339403,5256450.785065667,5429921.852806974,38911,parameter_draws_1000,0.000835770655826536,0.0008226984107883977,0.000849848740465984,38911,parameter_draws_1000,False
2012-12-01,True,2,B,1791,282263454.98,,,1791,none: population total,5140108.78121396,5060738.296348882,5214944.544236957,1791,parameter_draws_1000,0.018210323336324802,0.017929130417210632,0.018475450690584316,1791,parameter_draws_1000,False
2012-12-01,True,3,B,940,163652127.28,,,940,none: population total,37701279.41399426,37701279.41399426,37701279.41399426,940,parameter_draws_1000,0.23037451477480275,0.23037451477480275,0.23037451477480275,940,parameter_draws_1000,False
2012-12-01,True,1,C,29571,4682571466.43,,,29571,none: population total,6177233.790165978,6079700.908091095,6272570.014205586,29571,parameter_draws_1000,0.0013191969058991234,0.0012983679911085838,0.0013395567070731338,29571,parameter_draws_1000,False
2012-12-01,True,2,C,2512,384344754.66,,,2512,none: population total,10996829.61966748,10826775.886078903,11156415.223601907,2512,parameter_draws_1000,0.0286118894204645,0.02816943838782583,0.029027104151508776,2512,parameter_draws_1000,False
2012-12-01,True,3,C,1441,255925656.57,,,1441,none: population total,61194683.98660853,61194683.98660853,61194683.98660853,1441,parameter_draws_1000,0.23911117316942682,0.23911117316942682,0.23911117316942682,1441,parameter_draws_1000,False
2012-12-01,True,1,D,20454,3142555218.48,,,20454,none: population total,5908121.267374809,5816652.949988136,5997070.803012565,20454,parameter_draws_1000,0.0018800373761554668,0.0018509310244679016,0.0019083422202882546,20454,parameter_draws_1000,False
2012-12-01,True,2,D,2878,434461762.22,,,2878,none: population total,16627373.219878279,16387544.91288477,16845236.065777477,2878,parameter_draws_1000,0.03827120051927289,0.03771918805730606,0.038772655111700007,2878,parameter_draws_1000,False
2012-12-01,True,3,D,1821,320351110.79,,,1821,none: population total,76520075.3146509,76520075.3146509,76520075.3146509,1821,parameter_draws_1000,0.23886314964211924,0.23886314964211924,0.23886314964211924,1821,parameter_draws_1000,False
2012-12-01,True,1,E,13228,2004136722.93,,,13228,none: population total,4802813.005412811,4725167.012084638,4879355.838859563,13228,parameter_draws_1000,0.0023964497783320955,0.002357706915911683,0.0024346421993236373,13228,parameter_draws_1000,False
2012-12-01,True,2,E,2541,392209250.43,,,2541,none: population total,19716605.792184077,19415481.4451037,19969032.24918093,2541,parameter_draws_1000,0.0502706291872711,0.04950286466680087,0.050914230674793656,2541,parameter_draws_1000,False
2012-12-01,True,3,E,1761,308587642.07,,,1761,none: population total,74062626.65302671,74062626.65302671,74062626.65302671,1761,parameter_draws_1000,0.24000516079067857,0.24000516079067857,0.24000516079067857,1761,parameter_draws_1000,False
2012-12-01,True,1,F,5945,881418102.11,,,5945,none: population total,2690198.378008349,2638390.9479068127,2741944.0385389514,5945,parameter_draws_1000,0.003052125173704017,0.0029933478125657377,0.0031108324550801654,5945,parameter_draws_1000,False
2012-12-01,True,2,F,1525,230392341.93,,,1525,none: population total,14705749.721556425,14497145.509673739,14916824.528020661,1525,parameter_draws_1000,0.06382916028530351,0.06292372996528851,0.06474531402850547,1525,parameter_draws_1000,False
2012-12-01,True,3,F,1100,186263733.81,,,1100,none: population total,44091343.70294746,44091343.70294746,44091343.70294746,1100,parameter_draws_1000,0.23671459173004247,0.23671459173004247,0.23671459173004247,1100,parameter_draws_1000,False
2012-12-01,True,1,G,3117,466277625.53,,,3117,none: population total,1876441.9363416992,1838360.856049778,1918055.065958972,3117,parameter_draws_1000,0.004024301904276061,0.0039426315040533705,0.004113547296589221,3117,parameter_draws_1000,False
2012-12-01,True,2,G,976,141740178.0,,,976,none: population total,11441880.484909961,11271120.855535045,11615396.728102967,976,parameter_draws_1000,0.08072432704938441,0.07951959010193316,0.08194851235549434,976,parameter_draws_1000,False
2012-12-01,True,3,G,807,138460724.28,,,807,none: population total,31533315.796780568,31533315.796780568,31533315.796780568,807,parameter_draws_1000,0.2277419532560932,0.2277419532560932,0.2277419532560932,807,parameter_draws_1000,False
2013-03-01,True,1,A,109595,16981056870.93,,,109595,none: population total,4015368.482531147,3937715.973934545,4092952.7843875103,109595,parameter_draws_1000,0.00023646163563618272,0.0002318887454334807,0.00024103050920194888,109595,parameter_draws_1000,False
2013-03-01,True,2,A,1631,231093431.47,,,1631,none: population total,1205529.8068376547,1185183.51603424,1226177.1294592265,1631,parameter_draws_1000,0.005216633805509759,0.005128590235106261,0.0053059800170841545,1631,parameter_draws_1000,False
2013-03-01,True,3,A,580,88596271.33,,,580,none: population total,19451682.473131,19451682.473131,19451682.473131,580,parameter_draws_1000,0.2195541886935413,0.2195541886935413,0.2195541886935413,580,parameter_draws_1000,False
2013-03-01,True,1,B,38218,6267904471.55,,,38218,none: population total,5039656.430228063,4960144.000388715,5125496.005542262,38218,parameter_draws_1000,0.0008040416782200572,0.0007913560302175623,0.0008177367777072662,38218,parameter_draws_1000,False
2013-03-01,True,2,B,1756,274075655.51,,,1756,none: population total,4674731.0616131835,4599847.35308197,4745860.219026706,1756,parameter_draws_1000,0.01705635275382063,0.01678312998840621,0.01731587656041763,1756,parameter_draws_1000,False
2013-03-01,True,3,B,891,153264616.53,,,891,none: population total,35184451.751860075,35184451.751860075,35184451.751860075,891,parameter_draws_1000,0.22956669679183958,0.22956669679183958,0.22956669679183958,891,parameter_draws_1000,False
2013-03-01,True,1,C,29007,4593380569.07,,,29007,none: population total,5862039.088793221,5768142.706993423,5953295.638133802,29007,parameter_draws_1000,0.0012761927736329674,0.0012557511010156234,0.0012960597426263634,29007,parameter_draws_1000,False
2013-03-01,True,2,C,2385,366521379.66,,,2385,none: population total,9484379.749089474,9333378.974748168,9628622.560514342,2385,parameter_draws_1000,0.025876743555553475,0.025464760018654806,0.02627028897862995,2385,parameter_draws_1000,False
2013-03-01,True,3,C,1376,241788606.25,,,1376,none: population total,57417015.64661532,57417015.64661532,57417015.64661532,1376,parameter_draws_1000,0.2374678300070449,0.2374678300070449,0.2374678300070449,1376,parameter_draws_1000,False
2013-03-01,True,1,D,20174,3097899353.94,,,20174,none: population total,5628995.588262229,5540928.671698374,5715824.636139011,20174,parameter_draws_1000,0.0018170363027136779,0.0017886083563855154,0.001845064665793437,20174,parameter_draws_1000,False
2013-03-01,True,2,D,2715,408700328.42,,,2715,none: population total,15168927.833670001,14926644.464681622,15387594.26979785,2715,parameter_draws_1000,0.03711503705492912,0.036522222828610715,0.03765006583010333,2715,parameter_draws_1000,False
2013-03-01,True,3,D,1768,309523697.14,,,1768,none: population total,73795586.61006173,73795586.61006173,73795586.61006173,1768,parameter_draws_1000,0.23841659715211858,0.23841659715211858,0.23841659715211858,1768,parameter_draws_1000,False
2013-03-01,True,1,E,13224,2013789567.57,,,13224,none: population total,4665088.170043273,4589313.020075448,4741750.309400068,13224,parameter_draws_1000,0.002316571823178398,0.0022789436860641207,0.0023546404181256355,13224,parameter_draws_1000,False
2013-03-01,True,2,E,2379,367140429.93,,,2379,none: population total,17545677.497352235,17268165.133501712,17782322.784164798,2379,parameter_draws_1000,0.04779009901115369,0.04703422376226477,0.04843466241937785,2379,parameter_draws_1000,False
2013-03-01,True,3,E,1683,292273260.61,,,1683,none: population total,70330058.7546151,70330058.7546151,70330058.7546151,1683,parameter_draws_1000,0.24063117716560892,0.24063117716560892,0.24063117716560892,1683,parameter_draws_1000,False
2013-03-01,True,1,F,5947,884030564.83,,,5947,none: population total,2646773.361441303,2595725.85290564,2697016.9796519564,5947,parameter_draws_1000,0.002993983994151017,0.0029362399403065893,0.003050818701240941,5947,parameter_draws_1000,False
2013-03-01,True,2,F,1443,219225401.24,,,1443,none: population total,12475357.453867199,12276777.630642897,12674710.1957164,1443,parameter_draws_1000,0.05690653265225242,0.056000707770185475,0.057815883214375266,1443,parameter_draws_1000,False
2013-03-01,True,3,F,1071,181486727.69,,,1071,none: population total,42828985.50555978,42828985.50555978,42828985.50555978,1071,parameter_draws_1000,0.23598962883234395,0.23598962883234395,0.23598962883234395,1071,parameter_draws_1000,False
2013-03-01,True,1,G,3129,468629286.37,,,3129,none: population total,1857016.7940218372,1819600.4750333217,1898482.838063481,3129,parameter_draws_1000,0.003962656300049618,0.0038828142584257535,0.004051139980535829,3129,parameter_draws_1000,False
2013-03-01,True,2,G,972,143153575.93,,,972,none: population total,10900603.207529437,10720960.479072334,11079074.42148296,972,parameter_draws_1000,0.07614621665378217,0.07489132150156506,0.07739292818574414,972,parameter_draws_1000,False
2013-03-01,True,3,G,767,130992591.7,,,767,none: population total,29820541.06428182,29820541.06428182,29820541.06428182,767,parameter_draws_1000,0.2276505921233851,0.2276505921233851,0.2276505921233851,767,parameter_draws_1000,False
2013-06-01,True,1,A,109318,17013967926.49,,,109318,none: population total,3978591.870259933,3900991.0638700165,4054075.650234995,109318,parameter_draws_1000,0.00023384268075793424,0.00022928167495815863,0.0002382792578280918,109318,parameter_draws_1000,False
2013-06-01,True,2,A,1662,233970980.36,,,1662,none: population total,1155440.8360975368,1134819.954384848,1176040.5034464821,1662,parameter_draws_1000,0.004938393788493406,0.004850259432339662,0.005026437473728429,1662,parameter_draws_1000,False
2013-06-01,True,3,A,528,79101373.2,,,528,none: population total,17395925.97668574,17395925.97668574,17395925.97668574,528,parameter_draws_1000,0.21991939296302557,0.21991939296302557,0.21991939296302557,528,parameter_draws_1000,False
2013-06-01,True,1,B,37653,6177851306.31,,,37653,none: population total,4897520.544143821,4820467.475643697,4980594.411739276,37653,parameter_draws_1000,0.0007927546814118913,0.0007802822108586712,0.0008062017301472023,37653,parameter_draws_1000,False
2013-06-01,True,2,B,1715,263057643.87,,,1715,none: population total,4482717.101670833,4408021.027684601,4555675.855091697,1715,parameter_draws_1000,0.017040816741619336,0.016756863487544172,0.017318165661603272,1715,parameter_draws_1000,False
2013-06-01,True,3,B,836,143676658.58,,,836,none: population total,32647808.08226013,32647808.08226013,32647808.08226013,836,parameter_draws_1000,0.22723112024547565,0.22723112024547565,0.22723112024547565,836,parameter_draws_1000,False
2013-06-01,True,1,C,28324,4472822539.92,,,28324,none: population total,5645461.870054083,5554221.385372568,5733500.061672668,28324,parameter_draws_1000,0.0012621698758822335,0.0012417710150136897,0.0012818527921689502,28324,parameter_draws_1000,False
2013-06-01,True,2,C,2341,353788025.5,,,2341,none: population total,9016028.837516095,8861238.227807442,9158594.050013563,2341,parameter_draws_1000,0.025484267944834937,0.025046744347223367,0.02588723583018375,2341,parameter_draws_1000,False
2013-06-01,True,3,C,1276,222804949.47,,,1276,none: population total,52238675.42771865,52238675.42771865,52238675.42771865,1276,parameter_draws_1000,0.23445922342381548,0.23445922342381548,0.23445922342381548,1276,parameter_draws_1000,False
2013-06-01,True,1,D,19848,3037806148.35,,,19848,none: population total,5480889.2857274,5394533.27422594,5565258.5884100385,19848,parameter_draws_1000,0.0018042261481050637,0.0017757990506260606,0.0018319992509834232,19848,parameter_draws_1000,False
2013-06-01,True,2,D,2660,400015943.16,,,2660,none: population total,14713159.781176599,14467424.958917828,14940893.73229976,2660,parameter_draws_1000,0.036781433422246296,0.036167120851808364,0.03735074560846601,2660,parameter_draws_1000,False
2013-06-01,True,3,D,1650,285596389.09,,,1650,none: population total,68159332.80166157,68159332.80166157,68159332.80166157,1650,parameter_draws_1000,0.23865614344368521,0.23865614344368521,0.23865614344368521,1650,parameter_draws_1000,False
2013-06-01,True,1,E,12941,1964821704.93,,,12941,none: population total,4524217.659765218,4449743.214221455,4598497.362541585,12941,parameter_draws_1000,0.002302609772893567,0.0022647058524732575,0.0023404145785866173,12941,parameter_draws_1000,False
2013-06-01,True,2,E,2415,372284191.72,,,2415,none: population total,17644415.082049385,17362042.680276353,17891276.58148185,2415,parameter_draws_1000,0.04739501562107689,0.046636529475134365,0.04805811522327041,2415,parameter_draws_1000,False
2013-06-01,True,3,E,1530,266804791.49,,,1530,none: population total,64622853.07804741,64622853.07804741,64622853.07804741,1530,parameter_draws_1000,0.24221024186692505,0.24221024186692505,0.24221024186692505,1530,parameter_draws_1000,False
2013-06-01,True,1,F,5916,880774378.85,,,5916,none: population total,2598356.0050435257,2546777.030607511,2648958.2990132687,5916,parameter_draws_1000,0.0029500812778365773,0.002891520339105185,0.0030075333281968666,5916,parameter_draws_1000,False
2013-06-01,True,2,F,1448,220841244.39,,,1448,none: population total,13220067.25226353,13015267.647779154,13427303.502231443,1448,parameter_draws_1000,0.05986231099530135,0.05893494978136658,0.06080070568031744,1448,parameter_draws_1000,False
2013-06-01,True,3,F,980,167333634.73,,,980,none: population total,39155271.25121686,39155271.25121686,39155271.25121686,980,parameter_draws_1000,0.23399522346117427,0.23399522346117427,0.23399522346117427,980,parameter_draws_1000,False
2013-06-01,True,1,G,3142,472910974.09,,,3142,none: population total,1870840.735024967,1831938.1395173725,1913361.3034477169,3142,parameter_draws_1000,0.003956010406874014,0.003873748421766874,0.004045922823274522,3142,parameter_draws_1000,False
2013-06-01,True,2,G,967,145663221.26,,,967,none: population total,11416820.433695905,11237690.440624401,11593682.849650435,967,parameter_draws_1000,0.0783781955042555,0.07714844106437689,0.07959238268496353,967,parameter_draws_1000,False
2013-06-01,True,3,G,719,121027687.54,,,719,none: population total,27885680.558622397,27885680.558622397,27885680.558622397,719,parameter_draws_1000,0.23040744746449937,0.23040744746449937,0.23040744746449937,719,parameter_draws_1000,False
2013-09-01,True,1,A,110714,17386127541.72,,,110714,none: population total,4035280.8282556823,3957140.642481445,4111230.1080180346,110714,parameter_draws_1000,0.00023209773531067022,0.00022760333679744572,0.00023646611921790333,110714,parameter_draws_1000,False
2013-09-01,True,2,A,1620,228699106.17,,,1620,none: population total,1140324.2326590752,1119750.8850877397,1160777.7359673006,1620,parameter_draws_1000,0.004986133316198588,0.0048961751702492,0.0050755674362122525,1620,parameter_draws_1000,False
2013-09-01,True,3,A,514,74089734.26,,,514,none: population total,16618768.650295973,16618768.650295973,16618768.650295973,514,parameter_draws_1000,0.22430595569389442,0.22430595569389442,0.22430595569389442,514,parameter_draws_1000,False
2013-09-01,True,1,B,38110,6290631471.57,,,38110,none: population total,4922812.031242445,4845048.085136477,5006387.774182405,38110,parameter_draws_1000,0.0007825624587119268,0.0007702005922669736,0.0007958482064651807,38110,parameter_draws_1000,False
2013-09-01,True,2,B,1628,250202407.16,,,1628,none: population total,4226469.790410046,4156856.573423572,4296264.646334353,1628,parameter_draws_1000,0.01689220275050069,0.016613975143593786,0.017171156325394458,1628,parameter_draws_1000,False
2013-09-01,True,3,B,802,136739703.11,,,802,none: population total,31180026.1344807,31180026.1344807,31180026.1344807,802,parameter_draws_1000,0.22802467334156767,0.22802467334156767,0.22802467334156767,802,parameter_draws_1000,False
2013-09-01,True,1,C,28537,4541335294.07,,,28537,none: population total,5638506.443458818,5545883.6940636365,5727026.1762830755,28537,parameter_draws_1000,0.0012415965962305152,0.001221201108252315,0.0012610886017954523,28537,parameter_draws_1000,False
2013-09-01,True,2,C,2280,336710188.19,,,2280,none: population total,8944460.709125634,8792701.226176687,9085204.593317444,2280,parameter_draws_1000,0.026564271064106984,0.02611355858711085,0.026982268170010978,2280,parameter_draws_1000,False
2013-09-01,True,3,C,1213,209894956.78,,,1213,none: population total,49195454.42704709,49195454.42704709,49195454.42704709,1213,parameter_draws_1000,0.2343813075919255,0.2343813075919255,0.2343813075919255,1213,parameter_draws_1000,False
2013-09-01,True,1,D,19882,3065761881.01,,,19882,none: population total,5479789.760045731,5390811.387386392,5565851.808745755,19882,parameter_draws_1000,0.0017874153221059822,0.0017583920723844397,0.001815487315966011,19882,parameter_draws_1000,False
2013-09-01,True,2,D,2542,381591797.45,,,2542,none: population total,13769742.922428362,13531745.14535218,13989635.80782421,2542,parameter_draws_1000,0.03608500762973715,0.035461310321077445,0.036661259233847325,2542,parameter_draws_1000,False
2013-09-01,True,3,D,1554,270040603.18,,,1554,none: population total,63766744.620970525,63766744.620970525,63766744.620970525,1554,parameter_draws_1000,0.23613761734366204,0.23613761734366204,0.23613761734366204,1554,parameter_draws_1000,False
2013-09-01,True,1,E,12964,1989921518.96,,,12964,none: population total,4556726.25163338,4480517.588854284,4632866.018594566,12964,parameter_draws_1000,0.0022899024952576412,0.002251605174457309,0.0023281651936785212,12964,parameter_draws_1000,False
2013-09-01,True,2,E,2381,362559571.03,,,2381,none: population total,17147930.754353702,16861807.64334624,17403009.431302894,2381,parameter_draws_1000,0.04729686408674286,0.046507688641188864,0.04800041378541592,2381,parameter_draws_1000,False
2013-09-01,True,3,E,1432,246460011.59,,,1432,none: population total,59577012.79633606,59577012.79633606,59577012.79633606,1432,parameter_draws_1000,0.24173095023401098,0.24173095023401098,0.24173095023401098,1432,parameter_draws_1000,False
2013-09-01,True,1,F,5928,898121212.59,,,5928,none: population total,2619905.942867335,2566806.341068708,2671218.486609122,5928,parameter_draws_1000,0.002917096162679485,0.0028579731834487655,0.0029742293681115353,5928,parameter_draws_1000,False
2013-09-01,True,2,F,1407,210025639.35,,,1407,none: population total,12778210.616837375,12570960.758751705,12988737.391054634,1407,parameter_draws_1000,0.060841193753220564,0.05985441014562351,0.06184357981841151,1407,parameter_draws_1000,False
2013-09-01,True,3,F,945,160234597.6,,,945,none: population total,37527525.81055517,37527525.81055517,37527525.81055517,945,parameter_draws_1000,0.2342036387437164,0.2342036387437164,0.2342036387437164,945,parameter_draws_1000,False
2013-09-01,True,1,G,3156,477254656.41,,,3156,none: population total,1907255.1823696708,1867309.6981533982,1950357.5665221987,3156,parameter_draws_1000,0.003996305026579323,0.0039126065572616005,0.004086618203357423,3156,parameter_draws_1000,False
2013-09-01,True,2,G,949,144044795.61,,,949,none: population total,10694119.751355454,10508421.1829187,10876831.712514821,949,parameter_draws_1000,0.07424162536430463,0.07295245300892478,0.07551006384127716,949,parameter_draws_1000,False
2013-09-01,True,3,G,698,116586395.03,,,698,none: population total,27033316.656205874,27033316.656205874,27033316.656205874,698,parameter_draws_1000,0.23187368173833373,0.23187368173833373,0.23187368173833373,698,parameter_draws_1000,False
2013-12-01,True,1,A,112872,17828958609.65,,,112872,none: population total,4232383.042321482,4150121.8628009586,4312378.694902571,112872,parameter_draws_1000,0.00023738812428622085,0.00023277421601925122,0.00024187496248762825,112872,parameter_draws_1000,False
2013-12-01,True,2,A,1578,226565276.08,,,1578,none: population total,1132236.7324142403,1110963.699380365,1153485.4340457888,1578,parameter_draws_1000,0.004997397447676176,0.004903503831664322,0.005091183671228128,1578,parameter_draws_1000,False
2013-12-01,True,3,A,508,69547936.04,,,508,none: population total,15511626.641664365,15511626.641664365,15511626.641664365,508,parameter_draws_1000,0.22303503921012066,0.22303503921012066,0.22303503921012066,508,parameter_draws_1000,False
2013-12-01,True,1,B,39111,6516690819.95,,,39111,none: population total,5128359.057295466,5045991.2883438235,5214800.393845966,39111,parameter_draws_1000,0.0007869575523815957,0.0007743180438906476,0.0008002221584429836,39111,parameter_draws_1000,False
2013-12-01,True,2,B,1630,247155251.35,,,1630,none: population total,3958909.385965082,3885657.0138299856,4026383.8760934384,1630,parameter_draws_1000,0.016017905200641742,0.015721523182719885,0.01629090967762453,1630,parameter_draws_1000,False
2013-12-01,True,3,B,769,128321736.28,,,769,none: population total,29017587.014027447,29017587.014027447,29017587.014027447,769,parameter_draws_1000,0.22613150238795574,0.22613150238795574,0.22613150238795574,769,parameter_draws_1000,False
2013-12-01,True,1,C,29071,4647005477.52,,,29071,none: population total,5801653.372241933,5708351.657524174,5892539.247541818,29071,parameter_draws_1000,0.0012484713866397553,0.0012283935719762892,0.0012680293311568315,29071,parameter_draws_1000,False
2013-12-01,True,2,C,2288,342934960.18,,,2288,none: population total,9067113.688136155,8903838.233063675,9218131.737333842,2288,parameter_draws_1000,0.026439747301870303,0.025963635286382646,0.026880116662633114,2288,parameter_draws_1000,False
2013-12-01,True,3,C,1137,195512512.11,,,1137,none: population total,45760618.15331203,45760618.15331203,45760618.15331203,1137,parameter_draws_1000,0.23405467844209382,0.23405467844209382,0.23405467844209382,1137,parameter_draws_1000,False
2013-12-01,True,1,D,20040,3094659857.38,,,20040,none: population total,5573818.7919334965,5482502.887840259,5661371.700765831,20040,parameter_draws_1000,0.0018011086997626942,0.0017716011259737777,0.001829400309460459,20040,parameter_draws_1000,False
2013-12-01,True,2,D,2490,376252230.63,,,2490,none: population total,13926200.08663969,13681616.49233233,14153632.485378511,2490,parameter_draws_1000,0.03701293694211869,0.036362884731404026,0.037617404850144136,2490,parameter_draws_1000,False
2013-12-01,True,3,D,1443,245038172.8,,,1443,none: population total,57472278.47253258,57472278.47253258,57472278.47253258,1443,parameter_draws_1000,0.23454418475215047,0.23454418475215047,0.23454418475215047,1443,parameter_draws_1000,False
2013-12-01,True,1,E,13105,2015782581.69,,,13105,none: population total,4633494.136696047,4555878.569115535,4710755.173114975,13105,parameter_draws_1000,0.002298608083423064,0.0022601041454063755,0.0023369361437608777,13105,parameter_draws_1000,False
2013-12-01,True,2,E,2364,357655869.99,,,2364,none: population total,16466446.49160734,16170011.903537184,16738617.180521049,2364,parameter_draws_1000,0.04603991678388429,0.045211090493186355,0.0468009016068688,2364,parameter_draws_1000,False
2013-12-01,True,3,E,1346,230334953.16,,,1346,none: population total,55998521.23146707,55998521.23146707,55998521.23146707,1346,parameter_draws_1000,0.24311777462870876,0.24311777462870876,0.24311777462870876,1346,parameter_draws_1000,False
2013-12-01,True,1,F,5972,908444452.15,,,5972,none: population total,2681868.4483903,2627254.585802683,2733897.559764276,5972,parameter_draws_1000,0.0029521545781287647,0.0028920365792149474,0.0030094273274430894,5972,parameter_draws_1000,False
2013-12-01,True,2,F,1420,214373576.83,,,1420,none: population total,12633708.545786632,12404583.552041108,12864254.113428958,1420,parameter_draws_1000,0.05893314247308224,0.05786433074202071,0.060008580831911094,1420,parameter_draws_1000,False
2013-12-01,True,3,F,911,150859258.95,,,911,none: population total,35137482.126834065,35137482.126834065,35137482.126834065,911,parameter_draws_1000,0.2329156484752444,0.2329156484752444,0.2329156484752444,911,parameter_draws_1000,False
2013-12-01,True,1,G,3176,479206316.03,,,3176,none: population total,1911008.8836541753,1871309.6240309547,1954142.066534553,3176,parameter_draws_1000,0.0039878624711919275,0.00390501869744514,0.004077872100525939,3176,parameter_draws_1000,False
2013-12-01,True,2,G,956,145037722.61,,,956,none: population total,10520306.540364273,10325989.458832428,10710099.326978356,956,parameter_draws_1000,0.0725349678073263,0.07119519855257624,0.0738435431434437,956,parameter_draws_1000,False
2013-12-01,True,3,G,663,112127148.78,,,663,none: population total,25939948.80445428,25939948.80445428,25939948.80445428,663,parameter_draws_1000,0.23134405080922882,0.23134405080922882,0.23134405080922882,663,parameter_draws_1000,False
2014-03-01,True,1,A,115738,18390361628.91,,,115738,none: population total,4483814.2979454575,4396659.851113456,4569949.77095205,115738,parameter_draws_1000,0.00024381327504168355,0.00023907413784630656,0.0002484970042007222,115738,parameter_draws_1000,False
2014-03-01,True,2,A,1515,222813636.42,,,1515,none: population total,1069941.6678246448,1049729.8517099686,1090452.2498139383,1515,parameter_draws_1000,0.004801957748258381,0.004711245992732893,0.004894010381655699,1515,parameter_draws_1000,False
2014-03-01,True,3,A,510,69711240.99,,,510,none: population total,14872299.006738734,14872299.006738734,14872299.006738734,510,parameter_draws_1000,0.21334147542821896,0.21334147542821896,0.21334147542821896,510,parameter_draws_1000,False
2014-03-01,True,1,B,40593,6833355019.39,,,40593,none: population total,5436779.228522881,5350626.087197957,5528916.804139114,40593,parameter_draws_1000,0.0007956237035973891,0.0007830159668296579,0.0008091072084577086,40593,parameter_draws_1000,False
2014-03-01,True,2,B,1622,249281556.28,,,1622,none: population total,3724849.844442218,3651502.717395828,3792918.276898338,1622,parameter_draws_1000,0.014942340299971341,0.01464810622930466,0.015215398738276596,1622,parameter_draws_1000,False
2014-03-01,True,3,B,706,117057020.92,,,706,none: population total,26466476.940053508,26466476.940053508,26466476.940053508,706,parameter_draws_1000,0.22609901338717162,0.22609901338717162,0.22609901338717162,706,parameter_draws_1000,False
2014-03-01,True,1,C,29990,4836632059.19,,,29990,none: population total,6082215.643429389,5985832.090750985,6177729.544274836,29990,parameter_draws_1000,0.0012575311847161659,0.0012376033606644546,0.0012772792035186222,29990,parameter_draws_1000,False
2014-03-01,True,2,C,2227,335523270.99,,,2227,none: population total,7823039.844627715,7671764.378644058,7957190.636947348,2227,parameter_draws_1000,0.023315938180815107,0.02286507387701495,0.023715763778377405,2227,parameter_draws_1000,False
2014-03-01,True,3,C,1091,187237427.19,,,1091,none: population total,43918815.17083592,43918815.17083592,43918815.17083592,1091,parameter_draws_1000,0.234562159018929,0.234562159018929,0.234562159018929,1091,parameter_draws_1000,False
2014-03-01,True,1,D,20570,3198551490.92,,,20570,none: population total,5827089.118607345,5731874.700016818,5917618.027812918,20570,parameter_draws_1000,0.0018217899993635239,0.0017920220188070686,0.0018500930951437745,20570,parameter_draws_1000,False
2014-03-01,True,2,D,2426,363142587.18,,,2426,none: population total,11960340.177120222,11739223.615439111,12167782.446760477,2426,parameter_draws_1000,0.03293565833189321,0.032326760974526775,0.0335069002543875,2426,parameter_draws_1000,False
2014-03-01,True,3,D,1372,233255160.31,,,1372,none: population total,54485126.02014622,54485126.02014622,54485126.02014622,1372,parameter_draws_1000,0.23358594059713225,0.23358594059713225,0.23358594059713225,1372,parameter_draws_1000,False
2014-03-01,True,1,E,13369,2061580946.33,,,13369,none: population total,4826988.992908969,4746063.056292874,4907813.664237066,13369,parameter_draws_1000,0.0023414016323258673,0.0023021473227824284,0.0023806068216598014,13369,parameter_draws_1000,False
2014-03-01,True,2,E,2303,344119549.07,,,2303,none: population total,14812561.072919345,14527182.02624724,15074597.2446363,2303,parameter_draws_1000,0.04304481135393505,0.042215509306308414,0.04380627978089632,2303,parameter_draws_1000,False
2014-03-01,True,3,E,1273,217961484.63,,,1273,none: population total,52469430.08420348,52469430.08420348,52469430.08420348,1273,parameter_draws_1000,0.24072798996241396,0.24072798996241396,0.24072798996241396,1273,parameter_draws_1000,False
2014-03-01,True,1,F,6145,935575139.65,,,6145,none: population total,2801829.702522155,2745332.8516234662,2856239.175431459,6145,parameter_draws_1000,0.002994767158488546,0.0029343798646151494,0.003052923334944516,6145,parameter_draws_1000,False
2014-03-01,True,2,F,1383,212020549.96,,,1383,none: population total,11955359.754696788,11732891.398798857,12173184.177733643,1383,parameter_draws_1000,0.05638774051360728,0.05533846318676371,0.057415114619928334,1383,parameter_draws_1000,False
2014-03-01,True,3,F,843,139866581.18,,,843,none: population total,32614281.69329891,32614281.69329891,32614281.69329891,843,parameter_draws_1000,0.23318137483696882,0.23318137483696882,0.23318137483696882,843,parameter_draws_1000,False
2014-03-01,True,1,G,3211,487587606.62,,,3211,none: population total,1966899.3436670532,1925827.132013275,2011947.4762628966,3211,parameter_draws_1000,0.00403394039750471,0.003949704844557632,0.004126330220347257,3211,parameter_draws_1000,False
2014-03-01,True,2,G,969,145321261.55,,,969,none: population total,10057046.952321433,9855199.52253529,10253420.142556245,969,parameter_draws_1000,0.06920561275791809,0.0678166389241292,0.0705569166768374,969,parameter_draws_1000,False
2014-03-01,True,3,G,614,102428643.3,,,614,none: population total,23595878.2597018,23595878.2597018,23595878.2597018,614,parameter_draws_1000,0.23036406125767556,0.23036406125767556,0.23036406125767556,614,parameter_draws_1000,False
2014-06-01,True,1,A,118599,18979201853.54,,,118599,none: population total,4771164.158683572,4679145.084257248,4864086.4347862415,118599,parameter_draws_1000,0.00025138908345577525,0.0002465406670083175,0.00025628508892638137,118599,parameter_draws_1000,False
2014-06-01,True,2,A,1507,228314540.77,,,1507,none: population total,1094321.3783697155,1073440.5238490533,1115077.6629698938,1507,parameter_draws_1000,0.004793042855172835,0.004701586330107719,0.004883953773637234,1507,parameter_draws_1000,False
2014-06-01,True,3,A,478,63367253.44,,,478,none: population total,13333636.045754688,13333636.045754688,13333636.045754688,478,parameter_draws_1000,0.21041839944001664,0.21041839944001664,0.21041839944001664,478,parameter_draws_1000,False
2014-06-01,True,1,B,42019,7137144956.24,,,42019,none: population total,5780334.140679996,5689074.285996731,5878543.89046113,42019,parameter_draws_1000,0.0008098944572544033,0.0007971078520722461,0.0008236548264753295,42019,parameter_draws_1000,False
2014-06-01,True,2,B,1628,255707416.5,,,1628,none: population total,3880152.2081445847,3802279.900399011,3954237.6680192286,1628,parameter_draws_1000,0.01517418720682505,0.014869650448324055,0.015463914665217496,1628,parameter_draws_1000,False
2014-06-01,True,3,B,653,104051108.44,,,653,none: population total,23517994.468279976,23517994.468279976,23517994.468279976,653,parameter_draws_1000,0.22602348808077702,0.22602348808077702,0.22602348808077702,653,parameter_draws_1000,False
2014-06-01,True,1,C,30935,5026696105.52,,,30935,none: population total,6380372.427810867,6280260.56621768,6479172.530063895,30935,parameter_draws_1000,0.0012692974259582441,0.0012493813897603823,0.0012889525036034854,30935,parameter_draws_1000,False
2014-06-01,True,2,C,2304,355946010.66,,,2304,none: population total,8456197.183739765,8286880.5621904405,8608565.67455692,2304,parameter_draws_1000,0.023756965748991447,0.023281285121934055,0.024185032046278022,2304,parameter_draws_1000,False
2014-06-01,True,3,C,963,163134945.66,,,963,none: population total,38388511.46619227,38388511.46619227,38388511.46619227,963,parameter_draws_1000,0.23531752385047056,0.23531752385047056,0.23531752385047056,963,parameter_draws_1000,False
2014-06-01,True,1,D,20884,3261512907.0,,,20884,none: population total,6058170.56038866,5961382.553807815,6152390.199198997,20884,parameter_draws_1000,0.0018574725083522904,0.0018277967077834454,0.0018863608315007648,20884,parameter_draws_1000,False
2014-06-01,True,2,D,2503,373956827.05,,,2503,none: population total,12631580.378258463,12383053.8675798,12858744.550017552,2503,parameter_draws_1000,0.03377817829374607,0.03311359218994582,0.034385639250004305,2503,parameter_draws_1000,False
2014-06-01,True,3,D,1215,205685713.83,,,1215,none: population total,48798023.08277626,48798023.08277626,48798023.08277626,1215,parameter_draws_1000,0.23724556350621417,0.23724556350621417,0.23724556350621417,1215,parameter_draws_1000,False
2014-06-01,True,1,E,13516,2083958918.67,,,13516,none: population total,5019894.743891108,4936728.30825163,5102537.294468039,13516,parameter_draws_1000,0.0024088261524343514,0.0023689182469116476,0.002448482668614466,13516,parameter_draws_1000,False
2014-06-01,True,2,E,2343,353619405.32,,,2343,none: population total,15795152.028375724,15481888.883837031,16083286.857605863,2343,parameter_draws_1000,0.04466709629264337,0.04378121972640908,0.0454819125184933,2343,parameter_draws_1000,False
2014-06-01,True,3,E,1147,195643043.8,,,1147,none: population total,46520282.73733312,46520282.73733312,46520282.73733312,1147,parameter_draws_1000,0.2377814300665318,0.2377814300665318,0.2377814300665318,1147,parameter_draws_1000,False
2014-06-01,True,1,F,6185,946988107.63,,,6185,none: population total,2912795.71745944,2854052.038054234,2968919.552691747,6185,parameter_draws_1000,0.0030758524779674486,0.003013820358522757,0.0031351180957509346,6185,parameter_draws_1000,False
2014-06-01,True,2,F,1419,218400654.56,,,1419,none: population total,12728209.64632484,12494550.313971717,12955866.088159526,1419,parameter_draws_1000,0.058279173530718924,0.05720930799929978,0.05932155338206751,1419,parameter_draws_1000,False
2014-06-01,True,3,F,770,125058922.06,,,770,none: population total,29555373.60652707,29555373.60652707,29555373.60652707,770,parameter_draws_1000,0.23633158770029358,0.23633158770029358,0.23633158770029358,770,parameter_draws_1000,False
2014-06-01,True,1,G,3235,496786609.52,,,3235,none: population total,2064556.8832232014,2020916.6282933708,2112088.036649489,3235,parameter_draws_1000,0.004155822326245863,0.004067977255357185,0.00425149952952679,3235,parameter_draws_1000,False
2014-06-01,True,2,G,995,146343514.44,,,995,none: population total,10165103.362309853,9951836.384587154,10369615.82230477,995,parameter_draws_1000,0.06946056612899977,0.06800326220583797,0.07085804835277652,995,parameter_draws_1000,False
2014-06-01,True,3,G,549,93032697.58,,,549,none: population total,21231620.58989888,21231620.58989888,21231620.58989888,549,parameter_draws_1000,0.2282167575721594,0.2282167575721594,0.2282167575721594,549,parameter_draws_1000,False
2014-09-01,True,1,A,121906,19695546742.48,,,121906,none: population total,5008225.501731928,4911538.091055007,5105692.303035405,121906,parameter_draws_1000,0.00025428212616865434,0.0002493730260588116,0.00025923079819984286,121906,parameter_draws_1000,False
2014-09-01,True,2,A,1527,226334717.65,,,1527,none: population total,1102322.2501335603,1081896.368957764,1122231.533801533,1527,parameter_draws_1000,0.004870318886907009,0.004780072541194451,0.004958282783363938,1527,parameter_draws_1000,False
2014-09-01,True,3,A,445,60557884.7,,,445,none: population total,12734711.626747614,12734711.626747614,12734711.626747614,445,parameter_draws_1000,0.21028990179948628,0.21028990179948628,0.21028990179948628,445,parameter_draws_1000,False
2014-09-01,True,1,B,43472,7470555442.45,,,43472,none: population total,6070956.945657026,5975805.591408821,6172903.130582228,43472,parameter_draws_1000,0.0008126513473362337,0.0007999144959760892,0.0008262977469527754,43472,parameter_draws_1000,False
2014-09-01,True,2,B,1655,259700637.1,,,1655,none: population total,4135039.6830064217,4059113.9491148316,4209841.358197698,1655,parameter_draws_1000,0.015922331686133634,0.015629973012164136,0.016210362073839125,1655,parameter_draws_1000,False
2014-09-01,True,3,B,613,94902049.77,,,613,none: population total,21321751.88933296,21321751.88933296,21321751.88933296,613,parameter_draws_1000,0.22467114188794998,0.22467114188794998,0.22467114188794998,613,parameter_draws_1000,False
2014-09-01,True,1,C,31799,5212492770.1,,,31799,none: population total,6635699.679157368,6532044.703389892,6738963.554944669,31799,parameter_draws_1000,0.001273037675413421,0.0012531518011610742,0.0012928485183904405,31799,parameter_draws_1000,False
2014-09-01,True,2,C,2265,350444448.55,,,2265,none: population total,8335170.303069761,8166480.077906511,8483295.97738806,2265,parameter_draws_1000,0.023784569387694358,0.023303208573273636,0.024207248859237376,2265,parameter_draws_1000,False
2014-09-01,True,3,C,925,153314843.72,,,925,none: population total,35860085.94345216,35860085.94345216,35860085.94345216,925,parameter_draws_1000,0.23389833021611195,0.23389833021611195,0.23389833021611195,925,parameter_draws_1000,False
2014-09-01,True,1,D,21184,3330124918.2,,,21184,none: population total,6194178.385819473,6097247.662687686,6289634.833962968,21184,parameter_draws_1000,0.0018600438536004087,0.0018309366202344665,0.0018887083783519576,21184,parameter_draws_1000,False
2014-09-01,True,2,D,2538,380456309.57,,,2538,none: population total,13238980.443401497,12990677.153320035,13464734.070712179,2538,parameter_draws_1000,0.03479763670725945,0.034144990703406604,0.03539101266563384,2538,parameter_draws_1000,False
2014-09-01,True,3,D,1157,192450442.07,,,1157,none: population total,45115047.99790644,45115047.99790644,45115047.99790644,1157,parameter_draws_1000,0.23442423676790902,0.23442423676790902,0.23442423676790902,1157,parameter_draws_1000,False
2014-09-01,True,1,E,13651,2105430844.08,,,13651,none: population total,5124479.865478396,5039810.355970729,5209075.993546569,13651,parameter_draws_1000,0.0024339340709704552,0.00239371925710196,0.0024741140314312976,13651,parameter_draws_1000,False
2014-09-01,True,2,E,2319,350906457.55,,,2319,none: population total,16403779.693524368,16094837.311102513,16689378.903975243,2319,parameter_draws_1000,0.04674687324950987,0.045866460889535464,0.04756076311761006,2319,parameter_draws_1000,False
2014-09-01,True,3,E,1070,183004178.98,,,1070,none: population total,43461848.863907956,43461848.863907956,43461848.863907956,1070,parameter_draws_1000,0.2374910185447611,0.2374910185447611,0.2374910185447611,1070,parameter_draws_1000,False
2014-09-01,True,1,F,6214,955904399.94,,,6214,none: population total,2981742.8214703198,2922297.070509499,3039241.49320069,6214,parameter_draws_1000,0.003119289775899637,0.0030571018092320997,0.0031794408451216003,6214,parameter_draws_1000,False
2014-09-01,True,2,F,1400,216562408.57,,,1400,none: population total,12327454.908335777,12102768.966078585,12549471.96428874,1400,parameter_draws_1000,0.05692333674037036,0.05588582545786831,0.057948524155947145,1400,parameter_draws_1000,False
2014-09-01,True,3,F,753,121398125.47,,,753,none: population total,28592168.105238285,28592168.105238285,28592168.105238285,753,parameter_draws_1000,0.2355239670673828,0.2355239670673828,0.2355239670673828,753,parameter_draws_1000,False
2014-09-01,True,1,G,3246,500344292.75,,,3246,none: population total,2134399.4723831336,2089350.9390677386,2184082.138478413,3246,parameter_draws_1000,0.0042658615343686935,0.00417582646458145,0.004365158492113955,3246,parameter_draws_1000,False
2014-09-01,True,2,G,969,140194417.72,,,969,none: population total,10523415.007116636,10321889.150883311,10713733.716703737,969,parameter_draws_1000,0.07506301019869621,0.07362553601455417,0.07642054434793182,969,parameter_draws_1000,False
2014-09-01,True,3,G,513,88872303.08,,,513,none: population total,19849001.134402473,19849001.134402473,19849001.134402473,513,parameter_draws_1000,0.22334293639870048,0.22334293639870048,0.22334293639870048,513,parameter_draws_1000,False
2014-12-01,True,1,A,124219,20163261647.2,,,124219,none: population total,5107694.990371258,5008614.621176991,5205672.671870344,124219,parameter_draws_1000,0.0002533169027780059,0.000248402996936387,0.00025817612065720714,124219,parameter_draws_1000,False
2014-12-01,True,2,A,1522,224901194.22,,,1522,none: population total,1095872.3230538913,1076011.009586514,1115883.8108826538,1522,parameter_draws_1000,0.004872683432627312,0.004784372147592743,0.004961662452494975,1522,parameter_draws_1000,False
2014-12-01,True,3,A,415,57208252.63,,,415,none: population total,12034862.07519174,12034862.07519174,12034862.07519174,415,parameter_draws_1000,0.21036933522560797,0.21036933522560797,0.21036933522560797,415,parameter_draws_1000,False
2014-12-01,True,1,B,44593,7707995374.16,,,44593,none: population total,6196212.704089398,6098897.340413417,6300245.1134007005,44593,parameter_draws_1000,0.0008038682437279806,0.0007912429943664907,0.000817364931811118,44593,parameter_draws_1000,False
2014-12-01,True,2,B,1649,259482348.79,,,1649,none: population total,3918271.1571285664,3841878.0920550833,3992066.8894775645,1649,parameter_draws_1000,0.01510033794360185,0.014805932310888434,0.015384733906152356,1649,parameter_draws_1000,False
2014-12-01,True,3,B,591,92212196.16,,,591,none: population total,20339197.645288665,20339197.645288665,20339197.645288665,591,parameter_draws_1000,0.22056949614341195,0.22056949614341195,0.22056949614341195,591,parameter_draws_1000,False
2014-12-01,True,1,C,32521,5362752172.54,,,32521,none: population total,6762934.703473113,6657568.956260884,6868709.382420521,32521,parameter_draws_1000,0.0012610940214807529,0.001241446321228678,0.0012808179758131998,32521,parameter_draws_1000,False
2014-12-01,True,2,C,2242,339422323.21,,,2242,none: population total,7985441.373528249,7818084.79444021,8128304.3481336245,2242,parameter_draws_1000,0.023526565070935746,0.023033502099987616,0.02394746542084286,2242,parameter_draws_1000,False
2014-12-01,True,3,C,879,145892270.35,,,879,none: population total,33970666.88191196,33970666.88191196,33970666.88191196,879,parameter_draws_1000,0.23284761283387598,0.23284761283387598,0.23284761283387598,879,parameter_draws_1000,False
2014-12-01,True,1,D,21445,3383973213.55,,,21445,none: population total,6230498.834447357,6132333.615705995,6327371.126379147,21445,parameter_draws_1000,0.0018411785322352398,0.00181216966823233,0.0018698053226435967,21445,parameter_draws_1000,False
2014-12-01,True,2,D,2472,372786807.98,,,2472,none: population total,12955004.67349091,12705066.596898481,13181854.292469867,2472,parameter_draws_1000,0.034751778754429384,0.034081320274563225,0.035360302484676635,2472,parameter_draws_1000,False
2014-12-01,True,3,D,1118,184469542.55,,,1118,none: population total,42941363.688021995,42941363.688021995,42941363.688021995,1118,parameter_draws_1000,0.23278294668282623,0.23278294668282623,0.23278294668282623,1118,parameter_draws_1000,False
2014-12-01,True,1,E,13779,2128699881.27,,,13779,none: population total,5159778.445478784,5072591.794741803,5245790.103571531,13779,parameter_draws_1000,0.0024239107122984464,0.002382953012481709,0.0024643164354581776,13779,parameter_draws_1000,False
2014-12-01,True,2,E,2275,339746796.94,,,2275,none: population total,15374305.246583082,15080950.817159256,15648039.55583597,2275,parameter_draws_1000,0.045252244863100845,0.04438879469354522,0.046057945790139256,2275,parameter_draws_1000,False
2014-12-01,True,3,E,1020,175097561.52,,,1020,none: population total,41243319.777333595,41243319.777333595,41243319.777333595,1020,parameter_draws_1000,0.23554479810744078,0.23554479810744078,0.23554479810744078,1020,parameter_draws_1000,False
2014-12-01,True,1,F,6308,974641248.21,,,6308,none: population total,3015225.9672422316,2953882.4792070566,3073953.694451534,6308,parameter_draws_1000,0.0030936777740321526,0.003030738217402637,0.0031539335115326537,6308,parameter_draws_1000,False
2014-12-01,True,2,F,1375,212130035.84,,,1375,none: population total,12082526.198872924,11858142.000011565,12299296.622566722,1375,parameter_draws_1000,0.05695811133500313,0.05590034411230487,0.057979986539216544,1375,parameter_draws_1000,False
2014-12-01,True,3,F,691,110908414.28,,,691,none: population total,25989253.759694174,25989253.759694174,25989253.759694174,691,parameter_draws_1000,0.23433076677195616,0.23433076677195616,0.23433076677195616,691,parameter_draws_1000,False
2014-12-01,True,1,G,3273,503632576.09,,,3273,none: population total,2144748.988332168,2098997.319641864,2196055.163030128,3273,parameter_draws_1000,0.00425855889820141,0.004167715551558701,0.0043604311303280146,3273,parameter_draws_1000,False
2014-12-01,True,2,G,939,137600689.49,,,939,none: population total,10453287.680521268,10254345.14445516,10638325.760030845,939,parameter_draws_1000,0.07596827980488391,0.0745224837350861,0.07731302655139656,939,parameter_draws_1000,False
2014-12-01,True,3,G,485,82664935.51,,,485,none: population total,18618448.517215054,18618448.517215054,18618448.517215054,485,parameter_draws_1000,0.22522788413671205,0.22522788413671205,0.22522788413671205,485,parameter_draws_1000,False
2015-03-01,True,1,A,125943,20497838678.99,,,125943,none: population total,5179893.585363208,5078810.85906604,5278195.602405372,125943,parameter_draws_1000,0.00025270437856809394,0.00024777299395334546,0.0002575001045264079,125943,parameter_draws_1000,False
2015-03-01,True,2,A,1540,226890348.35,,,1540,none: population total,1071652.91534031,1053124.2767070993,1090307.8379147982,1540,parameter_draws_1000,0.0047232194896504945,0.0046415560836574445,0.004805439481422516,1540,parameter_draws_1000,False
2015-03-01,True,3,A,420,55798126.49,,,420,none: population total,11467520.240655147,11467520.240655147,11467520.240655147,420,parameter_draws_1000,0.20551801578338524,0.20551801578338524,0.20551801578338524,420,parameter_draws_1000,False
2015-03-01,True,1,B,45278,7848458143.08,,,45278,none: population total,6303597.138779381,6204977.138192222,6409196.067182668,45278,parameter_draws_1000,0.0008031637582647076,0.0007905982328087158,0.000816618493765386,45278,parameter_draws_1000,False
2015-03-01,True,2,B,1636,253370580.71,,,1636,none: population total,3813093.8236907334,3740119.1749078226,3883578.546387711,1636,parameter_draws_1000,0.015049473435335733,0.01476145795785441,0.015327661702100816,1636,parameter_draws_1000,False
2015-03-01,True,3,B,568,90622483.36,,,568,none: population total,20044822.98202885,20044822.98202885,20044822.98202885,568,parameter_draws_1000,0.22119039601243665,0.22119039601243665,0.22119039601243665,568,parameter_draws_1000,False
2015-03-01,True,1,C,32910,5445459147.06,,,32910,none: population total,6838236.368881905,6731745.558699907,6944284.276880326,32910,parameter_draws_1000,0.0012557685558202865,0.0012362126639650526,0.0012752431134534432,32910,parameter_draws_1000,False
2015-03-01,True,2,C,2223,335507601.59,,,2223,none: population total,7673413.011108931,7518301.341402396,7809632.839383619,2223,parameter_draws_1000,0.022871055602746267,0.022408736212749,0.023277066756082675,2223,parameter_draws_1000,False
2015-03-01,True,3,C,827,138794306.45,,,827,none: population total,32016701.880594987,32016701.880594987,32016701.880594987,827,parameter_draws_1000,0.23067734332552653,0.23067734332552653,0.23067734332552653,827,parameter_draws_1000,False
2015-03-01,True,1,D,21606,3409262020.87,,,21606,none: population total,6261893.289551181,6162172.01002551,6358778.484731702,21606,parameter_draws_1000,0.001836729841009177,0.0018074797338260913,0.0018651480718718779,21606,parameter_draws_1000,False
2015-03-01,True,2,D,2411,363472549.1,,,2411,none: population total,11770431.044466613,11540610.149636256,11978405.547004068,2411,parameter_draws_1000,0.03238327371244832,0.03175098141032146,0.032955461359225016,2411,parameter_draws_1000,False
2015-03-01,True,3,D,1026,172471218.51,,,1026,none: population total,39922964.24137924,39922964.24137924,39922964.24137924,1026,parameter_draws_1000,0.23147609546844178,0.23147609546844178,0.23147609546844178,1026,parameter_draws_1000,False
2015-03-01,True,1,E,13951,2157683373.57,,,13951,none: population total,5205610.889896952,5116429.336192435,5291833.789957747,13951,parameter_draws_1000,0.0024125925766781972,0.002371260491166057,0.0024525534444852907,13951,parameter_draws_1000,False
2015-03-01,True,2,E,2244,339477677.91,,,2244,none: population total,14165077.939255549,13882364.63934426,14428136.736790204,2244,parameter_draws_1000,0.04172609529575873,0.04089330622505512,0.04250098806383167,2244,parameter_draws_1000,False
2015-03-01,True,3,E,962,166235027.4,,,962,none: population total,39350146.64278049,39350146.64278049,39350146.64278049,962,parameter_draws_1000,0.23671393001966376,0.23671393001966376,0.23671393001966376,962,parameter_draws_1000,False
2015-03-01,True,1,F,6391,987335145.11,,,6391,none: population total,3052152.433173097,2989836.965585952,3111790.18759153,6391,parameter_draws_1000,0.003091303341413066,0.0030281885339479646,0.0031517060878500807,6391,parameter_draws_1000,False
2015-03-01,True,2,F,1345,208541369.17,,,1345,none: population total,11371550.651766375,11155932.357080106,11585727.5797242,1345,parameter_draws_1000,0.054528992003003714,0.05349505664742205,0.055556015700077614,1345,parameter_draws_1000,False
2015-03-01,True,3,F,643,103551901.3,,,643,none: population total,23804369.50586195,23804369.50586195,23804369.50586195,643,parameter_draws_1000,0.22987863290794014,0.22987863290794014,0.22987863290794014,643,parameter_draws_1000,False
2015-03-01,True,1,G,3335,511739175.67,,,3335,none: population total,2196059.020537109,2148355.460088034,2248638.183473073,3335,parameter_draws_1000,0.004291363891892575,0.004198145387785245,0.004394109910637619,3335,parameter_draws_1000,False
2015-03-01,True,2,G,886,129229790.02,,,886,none: population total,9189334.32755951,9005441.479435796,9365014.98745644,886,parameter_draws_1000,0.07110848300641316,0.06968549185170142,0.07246792698500154,886,parameter_draws_1000,False
2015-03-01,True,3,G,457,77664480.27,,,457,none: population total,17250814.00725874,17250814.00725874,17250814.00725874,457,parameter_draws_1000,0.2221197379714177,0.2221197379714177,0.2221197379714177,457,parameter_draws_1000,False
2015-06-01,True,1,A,128668,21158102822.63,,,128668,none: population total,5270196.817979317,5167293.581971522,5370087.773547496,128668,parameter_draws_1000,0.00024908645459187817,0.00024422291664282663,0.00025380762247756113,128668,parameter_draws_1000,False
2015-06-01,True,2,A,1639,242977131.83,,,1639,none: population total,1102597.3598805037,1082877.349422654,1122346.6634698953,1639,parameter_draws_1000,0.0045378647429748275,0.0044567047987886105,0.00461914524637302,1639,parameter_draws_1000,False
2015-06-01,True,3,A,372,50231808.35,,,372,none: population total,10089062.84615645,10089062.84615645,10089062.84615645,372,parameter_draws_1000,0.20085008239916272,0.20085008239916272,0.20085008239916272,372,parameter_draws_1000,False
2015-06-01,True,1,B,46046,8055185189.47,,,46046,none: population total,6365864.479931553,6265606.063107925,6473088.251502343,46046,parameter_draws_1000,0.0007902815801495436,0.000777835135472556,0.0008035927293098332,46046,parameter_draws_1000,False
2015-06-01,True,2,B,1703,263151703.59,,,1703,none: population total,4091003.03878516,4016027.3148789257,4163772.523730424,1703,parameter_draws_1000,0.015546177292316119,0.015261262838472987,0.015822707840864807,1703,parameter_draws_1000,False
2015-06-01,True,3,B,505,81816861.05,,,505,none: population total,17925062.70068494,17925062.70068494,17925062.70068494,505,parameter_draws_1000,0.219087636345894,0.219087636345894,0.219087636345894,505,parameter_draws_1000,False
2015-06-01,True,1,C,33390,5562163185.33,,,33390,none: population total,6878454.155115458,6770330.021103577,6985066.449127147,33390,parameter_draws_1000,0.0012366509082756016,0.0012172116846481727,0.0012558183239840936,33390,parameter_draws_1000,False
2015-06-01,True,2,C,2229,335291532.35,,,2229,none: population total,7737676.720714844,7577651.401015868,7873424.701067633,2229,parameter_draws_1000,0.023077459387306366,0.02260018720993467,0.023482324906579564,2229,parameter_draws_1000,False
2015-06-01,True,3,C,740,125378483.2,,,740,none: population total,28981118.9913926,28981118.9913926,28981118.9913926,740,parameter_draws_1000,0.23114906363289456,0.23114906363289456,0.23114906363289456,740,parameter_draws_1000,False
2015-06-01,True,1,D,21803,3462252979.5,,,21803,none: population total,6262492.714263147,6162408.4828318665,6360417.530287725,21803,parameter_draws_1000,0.001808791197911697,0.0017798839424269363,0.0018370747510213024,21803,parameter_draws_1000,False
2015-06-01,True,2,D,2436,363760762.05,,,2436,none: population total,11730135.748121992,11495983.124529619,11944288.564455366,2436,parameter_draws_1000,0.03224684180343137,0.03160314229534592,0.03283556065019896,2436,parameter_draws_1000,False
2015-06-01,True,3,D,884,149091378.22,,,884,none: population total,34393788.81207684,34393788.81207684,34393788.81207684,884,parameter_draws_1000,0.2306893210238166,0.2306893210238166,0.2306893210238166,884,parameter_draws_1000,False
2015-06-01,True,1,E,14016,2174271495.87,,,14016,none: population total,5165255.385785276,5075347.925707244,5252924.106804196,14016,parameter_draws_1000,0.0023756257650420433,0.002334275151630236,0.0024159467282637227,14016,parameter_draws_1000,False
2015-06-01,True,2,E,2202,332802775.21,,,2202,none: population total,14033651.93280304,13754590.589359092,14288949.669105044,2202,parameter_draws_1000,0.04216807364045491,0.0413295549614329,0.042935187845379766,2202,parameter_draws_1000,False
2015-06-01,True,3,E,872,150067661.85,,,872,none: population total,35241017.16470808,35241017.16470808,35241017.16470808,872,parameter_draws_1000,0.23483418566175307,0.23483418566175307,0.23483418566175307,872,parameter_draws_1000,False
2015-06-01,True,1,F,6406,995823382.62,,,6406,none: population total,3037339.643046921,2974586.1173797157,3097345.1303203106,6406,parameter_draws_1000,0.0030500786545659482,0.002987061932160714,0.0031103358129342482,6406,parameter_draws_1000,False
2015-06-01,True,2,F,1372,209612460.88,,,1372,none: population total,11733443.83645312,11511053.999005385,11951803.776396805,1372,parameter_draws_1000,0.055976843109391,0.054915885967272204,0.05701857478424927,1372,parameter_draws_1000,False
2015-06-01,True,3,F,581,94206298.67,,,581,none: population total,21487809.18235196,21487809.18235196,21487809.18235196,581,parameter_draws_1000,0.22809312631656078,0.22809312631656078,0.22809312631656078,581,parameter_draws_1000,False
2015-06-01,True,1,G,3307,504619873.58,,,3307,none: population total,2178066.0244204556,2130723.012761939,2230272.099375615,3307,parameter_draws_1000,0.004316250981096478,0.004222431823078297,0.004419707221503314,3307,parameter_draws_1000,False
2015-06-01,True,2,G,892,131147011.67,,,892,none: population total,9830274.750076693,9639994.974372474,10008785.740746336,892,parameter_draws_1000,0.07495614749356411,0.07350525834800728,0.07631729929105091,892,parameter_draws_1000,False
2015-06-01,True,3,G,420,72244778.12,,,420,none: population total,15716412.873872435,15716412.873872435,15716412.873872435,420,parameter_draws_1000,0.2175439288880805,0.2175439288880805,0.2175439288880805,420,parameter_draws_1000,False
2015-09-01,True,1,A,131439,21715085198.46,,,131439,none: population total,5400906.79732594,5295313.711998381,5503685.122472735,131439,parameter_draws_1000,0.0002487168135867578,0.00024385415316601733,0.00025344985166639127,131439,parameter_draws_1000,False
2015-09-01,True,2,A,1663,252783982.7,,,1663,none: population total,1114696.5081403002,1092531.2347625766,1136130.218783849,1663,parameter_draws_1000,0.004409680139675638,0.004321995496285757,0.0044944707597719515,1663,parameter_draws_1000,False
2015-09-01,True,3,A,334,43705996.34,,,334,none: population total,8855327.727266096,8855327.727266096,8855327.727266096,334,parameter_draws_1000,0.20261127691445954,0.20261127691445954,0.20261127691445954,334,parameter_draws_1000,False
2015-09-01,True,1,B,47005,8292879609.12,,,47005,none: population total,6515726.315756742,6413390.304737665,6625365.760760666,47005,parameter_draws_1000,0.0007857013031506144,0.0007733610768549698,0.0007989222167743151,47005,parameter_draws_1000,False
2015-09-01,True,2,B,1708,267277186.48,,,1708,none: population total,4213436.0060498975,4134591.527661259,4288642.7380664125,1708,parameter_draws_1000,0.01576429347203258,0.015469302045989043,0.016045674509475298,1708,parameter_draws_1000,False
2015-09-01,True,3,B,477,75287469.53,,,477,none: population total,16561226.43896315,16561226.43896315,16561226.43896315,477,parameter_draws_1000,0.21997321124418923,0.21997321124418923,0.21997321124418923,477,parameter_draws_1000,False
2015-09-01,True,1,C,33837,5672180220.86,,,33837,none: population total,6951578.658874044,6841751.327410356,7059498.659660793,33837,parameter_draws_1000,0.0012255567327196218,0.001206194278215834,0.0012445829266317726,33837,parameter_draws_1000,False
2015-09-01,True,2,C,2267,346467788.09,,,2267,none: population total,8185981.030471994,8015272.241029393,8330205.264043959,2267,parameter_draws_1000,0.023626961327630168,0.02313424946433205,0.02404323157995879,2267,parameter_draws_1000,False
2015-09-01,True,3,C,689,118216263.55,,,689,none: population total,27392287.59398517,27392287.59398517,27392287.59398517,689,parameter_draws_1000,0.23171335966306789,0.23171335966306789,0.23171335966306789,689,parameter_draws_1000,False
2015-09-01,True,1,D,21934,3498205756.92,,,21934,none: population total,6284014.9460650645,6183332.208909513,6383036.292315038,21934,parameter_draws_1000,0.0017963537260878085,0.0017675724753119257,0.0018246600502810305,21934,parameter_draws_1000,False
2015-09-01,True,2,D,2397,359526760.46,,,2397,none: population total,12279964.51160308,12037171.910174858,12497558.868083974,2397,parameter_draws_1000,0.03415591233289939,0.03348060070625559,0.03476113670118423,2397,parameter_draws_1000,False
2015-09-01,True,3,D,824,138908368.11,,,824,none: population total,32179603.517684676,32179603.517684676,32179603.517684676,824,parameter_draws_1000,0.2316606548296788,0.2316606548296788,0.2316606548296788,824,parameter_draws_1000,False
2015-09-01,True,1,E,14011,2175688876.46,,,14011,none: population total,5123280.160537721,5033002.421669106,5212120.64631233,14011,parameter_draws_1000,0.0023547852893717326,0.0023132914251315917,0.0023956185568190336,14011,parameter_draws_1000,False
2015-09-01,True,2,E,2211,335183072.22,,,2211,none: population total,14926946.471185658,14640028.79251977,15191055.929099089,2211,parameter_draws_1000,0.04453371219590779,0.04367770930541108,0.045321668031995124,2211,parameter_draws_1000,False
2015-09-01,True,3,E,792,135704670.61,,,792,none: population total,31614329.304040726,31614329.304040726,31614329.304040726,792,parameter_draws_1000,0.23296419468786567,0.23296419468786567,0.23296419468786567,792,parameter_draws_1000,False
2015-09-01,True,1,F,6426,1000931050.13,,,6426,none: population total,3049060.691993758,2985957.728323781,3109910.2547377227,6426,parameter_draws_1000,0.0030462245042730453,0.0029831802379754004,0.0031070174657223497,6426,parameter_draws_1000,False
2015-09-01,True,2,F,1346,204991387.43,,,1346,none: population total,11748257.630542634,11532191.212961838,11957387.925704094,1346,parameter_draws_1000,0.05731098158723572,0.05625695478011154,0.05833117222930781,1346,parameter_draws_1000,False
2015-09-01,True,3,F,555,89659171.15,,,555,none: population total,20165322.428718235,20165322.428718235,20165322.428718235,555,parameter_draws_1000,0.22491087269791513,0.22491087269791513,0.22491087269791513,555,parameter_draws_1000,False
2015-09-01,True,1,G,3246,495256900.93,,,3246,none: population total,2122366.4519261997,2075869.3320551892,2173128.9264661605,3246,parameter_draws_1000,0.004285384914255191,0.004191500064223425,0.004387882172636929,3246,parameter_draws_1000,False
2015-09-01,True,2,G,919,134670540.58,,,919,none: population total,9981908.865263151,9780556.192623902,10169601.760923894,919,parameter_draws_1000,0.07412095341915906,0.07262580331601057,0.07551467245267883,919,parameter_draws_1000,False
2015-09-01,True,3,G,386,66860128.13,,,386,none: population total,14585349.174879879,14585349.174879879,14585349.174879879,386,parameter_draws_1000,0.2181471914998539,0.2181471914998539,0.2181471914998539,386,parameter_draws_1000,False
2015-12-01,True,1,A,133386,22132209902.83,,,133386,none: population total,5471892.209278548,5364874.395387174,5576683.765050843,133386,parameter_draws_1000,0.00024723659468722407,0.00024240120706162192,0.0002519713932560238,133386,parameter_draws_1000,False
2015-12-01,True,2,A,1697,260413344.12,,,1697,none: population total,1144590.3987297672,1123238.9475383032,1165747.8808240704,1697,parameter_draws_1000,0.004395283208691231,0.004313292590032207,0.004476528976513919,1697,parameter_draws_1000,False
2015-12-01,True,3,A,332,44628825.589999996,,,332,none: population total,8793233.91551907,8793233.91551907,8793233.91551907,332,parameter_draws_1000,0.1970303676888458,0.1970303676888458,0.1970303676888458,332,parameter_draws_1000,False
2015-12-01,True,1,B,48038,8522819434.06,,,48038,none: population total,6638921.318029427,6534315.096623923,6751033.288845004,48038,parameter_draws_1000,0.0007789583446409888,0.000766684680718524,0.0007921126736377455,48038,parameter_draws_1000,False
2015-12-01,True,2,B,1709,268441578.48,,,1709,none: population total,3949839.213448011,3876083.5605012695,4021155.1456694123,1709,parameter_draws_1000,0.014713962106068788,0.014439207154304724,0.014979628597173535,1709,parameter_draws_1000,False
2015-12-01,True,3,B,456,71378592.3,,,456,none: population total,15278749.072539197,15278749.072539197,15278749.072539197,456,parameter_draws_1000,0.21405226105221464,0.21405226105221464,0.21405226105221464,456,parameter_draws_1000,False
2015-12-01,True,1,C,34446,5811281405.62,,,34446,none: population total,7065089.882261158,6952793.922315774,7174480.906673892,34446,parameter_draws_1000,0.0012157542182398221,0.001196430431951176,0.001234578125873506,34446,parameter_draws_1000,False
2015-12-01,True,2,C,2248,345800595.41,,,2248,none: population total,8013084.052610369,7853525.655418792,8151116.580970388,2248,parameter_draws_1000,0.023172557129664918,0.022711139771483688,0.02357172511894024,2248,parameter_draws_1000,False
2015-12-01,True,3,C,646,109880061.37,,,646,none: population total,25294111.033600662,25294111.033600662,25294111.033600662,646,parameter_draws_1000,0.23019746001440244,0.23019746001440244,0.23019746001440244,646,parameter_draws_1000,False
2015-12-01,True,1,D,22280,3562713101.3,,,22280,none: population total,6339803.556250374,6239011.848932341,6440540.0358661525,22280,parameter_draws_1000,0.0017794875354788012,0.0017511968186985883,0.0018077627506733734,22280,parameter_draws_1000,False
2015-12-01,True,2,D,2349,353363825.17,,,2349,none: population total,12222999.988601413,11978949.157472098,12440141.69397552,2349,parameter_draws_1000,0.03459041112292986,0.03389976082500561,0.03520491008945436,2349,parameter_draws_1000,False
2015-12-01,True,3,D,787,131596547.11,,,787,none: population total,30135946.00913912,30135946.00913912,30135946.00913912,787,parameter_draws_1000,0.22900255873696168,0.22900255873696168,0.22900255873696168,787,parameter_draws_1000,False
2015-12-01,True,1,E,14183,2219742384.57,,,14183,none: population total,5150374.343387513,5061277.170418663,5240037.401769283,14183,parameter_draws_1000,0.002320257692599416,0.00228011917310806,0.0023606511450131014,14183,parameter_draws_1000,False
2015-12-01,True,2,E,2192,332492743.92,,,2192,none: population total,14821941.442582617,14537432.32711567,15084644.861800123,2192,parameter_draws_1000,0.04457824031837782,0.043722555132251165,0.045368343031959794,2192,parameter_draws_1000,False
2015-12-01,True,3,E,765,126803191.44,,,765,none: population total,29121526.45954935,29121526.45954935,29121526.45954935,765,parameter_draws_1000,0.22965925485660119,0.22965925485660119,0.22965925485660119,765,parameter_draws_1000,False
2015-12-01,True,1,F,6475,1012817072.77,,,6475,none: population total,3054165.551207383,2991048.378444826,3114895.1902776035,6475,parameter_draws_1000,0.0030155154699894673,0.0029531970371159625,0.0030754765831094585,6475,parameter_draws_1000,False
2015-12-01,True,2,F,1321,201445559.27,,,1321,none: population total,11237847.299404042,11024475.828833755,11443857.974500034,1321,parameter_draws_1000,0.05578602645860172,0.05472682479963487,0.05680868824296935,1321,parameter_draws_1000,False
2015-12-01,True,3,F,523,84235742.17,,,523,none: population total,18963975.281612705,18963975.281612705,18963975.281612705,523,parameter_draws_1000,0.22512979399339345,0.22512979399339345,0.22512979399339345,523,parameter_draws_1000,False
2015-12-01,True,1,G,3231,490651410.91,,,3231,none: population total,2083532.3704010374,2037288.365014098,2133761.4183217324,3231,parameter_draws_1000,0.004246461589780731,0.004152211365775114,0.004348833756259446,3231,parameter_draws_1000,False
2015-12-01,True,2,G,893,132957084.25,,,893,none: population total,9965887.431060761,9769166.881802587,10153199.302798865,893,parameter_draws_1000,0.07495567075103605,0.07347609145394286,0.07636448527787916,893,parameter_draws_1000,False
2015-12-01,True,3,G,373,63466299.73,,,373,none: population total,13937585.275596905,13937585.275596905,13937585.275596905,373,parameter_draws_1000,0.2196060796815089,0.2196060796815089,0.2196060796815089,373,parameter_draws_1000,False
2016-03-01,True,1,A,135268,22478871294.13,,,135268,none: population total,5564056.351777738,5455715.298201834,5670938.897068202,135268,parameter_draws_1000,0.0002475238315560222,0.0002427041476778466,0.0002522786319146316,135268,parameter_draws_1000,False
2016-03-01,True,2,A,1713,272827533.42,,,1713,none: population total,1092757.0538559172,1071876.032001726,1113581.285350282,1713,parameter_draws_1000,0.0040053034243200435,0.0039287678137369065,0.004081630880106214,1713,parameter_draws_1000,False
2016-03-01,True,3,A,307,41011636.36,,,307,none: population total,8209866.261031043,8209866.261031043,8209866.261031043,307,parameter_draws_1000,0.2001838256090263,0.2001838256090263,0.2001838256090263,307,parameter_draws_1000,False
2016-03-01,True,1,B,48914,8707562398.57,,,48914,none: population total,6782426.787001732,6675858.078168444,6896861.6663645515,48914,parameter_draws_1000,0.0007789122232549923,0.0007666735847066439,0.0007920542340870494,48914,parameter_draws_1000,False
2016-03-01,True,2,B,1661,266037677.75,,,1661,none: population total,3709807.9255082496,3635619.6299156407,3780737.5909229713,1661,parameter_draws_1000,0.013944671134118142,0.013665807267089786,0.014211286246739055,1661,parameter_draws_1000,False
2016-03-01,True,3,B,427,66488864.65,,,427,none: population total,14478837.18581473,14478837.18581473,14478837.18581473,427,parameter_draws_1000,0.21776333920020893,0.21776333920020893,0.21776333920020893,427,parameter_draws_1000,False
2016-03-01,True,1,C,35097,5937027119.7,,,35097,none: population total,7197889.844617762,7083745.379081173,7309220.094930968,35097,parameter_draws_1000,0.0012123727413563632,0.0011931468791133155,0.001231124592757512,35097,parameter_draws_1000,False
2016-03-01,True,2,C,2186,340199029.33,,,2186,none: population total,7485622.044158026,7336527.385399362,7618407.558947722,2186,parameter_draws_1000,0.022003654916066265,0.021565397760975918,0.022393972063799488,2186,parameter_draws_1000,False
2016-03-01,True,3,C,604,99802625.24,,,604,none: population total,22619216.91724939,22619216.91724939,22619216.91724939,604,parameter_draws_1000,0.22663949833840452,0.22663949833840452,0.22663949833840452,604,parameter_draws_1000,False
2016-03-01,True,1,D,22575,3616141517.54,,,22575,none: population total,6402507.203993384,6301072.250122947,6504856.179325682,22575,parameter_draws_1000,0.0017705355758169832,0.0017424849717744067,0.0017988389413893366,22575,parameter_draws_1000,False
2016-03-01,True,2,D,2297,346337683.34,,,2297,none: population total,10774297.268775139,10547334.861938009,10981890.346290782,2297,parameter_draws_1000,0.03110922601569175,0.030453904871748195,0.03170862102091805,2297,parameter_draws_1000,False
2016-03-01,True,3,D,724,122362822.0,,,724,none: population total,27743832.97786393,27743832.97786393,27743832.97786393,724,parameter_draws_1000,0.22673417075869606,0.22673417075869606,0.22673417075869606,724,parameter_draws_1000,False
2016-03-01,True,1,E,14338,2255650297.09,,,14338,none: population total,5232200.592347876,5143516.016261537,5322647.0794748,14338,parameter_draws_1000,0.0023195974123727888,0.0022802807788499637,0.0023596951559120283,14338,parameter_draws_1000,False
2016-03-01,True,2,E,2120,320233791.57,,,2120,none: population total,13641415.18372795,13363134.661992855,13907795.501030609,2120,parameter_draws_1000,0.042598300188273756,0.041729308442053664,0.04343013094541118,2120,parameter_draws_1000,False
2016-03-01,True,3,E,708,116301775.08,,,708,none: population total,26770914.74162744,26770914.74162744,26770914.74162744,708,parameter_draws_1000,0.23018491956131062,0.23018491956131062,0.23018491956131062,708,parameter_draws_1000,False
2016-03-01,True,1,F,6566,1030850307.43,,,6566,none: population total,3128914.13067851,3063875.5503586936,3191117.376359372,6566,parameter_draws_1000,0.003035274964877458,0.002972182797323118,0.0030956166509908765,6566,parameter_draws_1000,False
2016-03-01,True,2,F,1281,192006532.18,,,1281,none: population total,10196164.610429935,9999109.693127377,10392272.301415244,1281,parameter_draws_1000,0.05310321734716481,0.05207692456917836,0.05412457682258862,1281,parameter_draws_1000,False
2016-03-01,True,3,F,495,80958123.0,,,495,none: population total,18277951.33773366,18277951.33773366,18277951.33773366,495,parameter_draws_1000,0.22577044353824335,0.22577044353824335,0.22577044353824335,495,parameter_draws_1000,False
2016-03-01,True,1,G,3261,496674427.05,,,3261,none: population total,2119560.966706841,2071820.3338113388,2171339.284879818,3261,parameter_draws_1000,0.004267505736697544,0.004171385158919748,0.004371755755126145,3261,parameter_draws_1000,False
2016-03-01,True,2,G,861,129396490.28,,,861,none: population total,9118579.46933354,8925218.723978903,9301928.426499663,861,parameter_draws_1000,0.07047006800263224,0.0689757404135591,0.07188702264158245,861,parameter_draws_1000,False
2016-03-01,True,3,G,357,59875091.81,,,357,none: population total,13306712.073099392,13306712.073099392,13306712.073099392,357,parameter_draws_1000,0.2222411969792918,0.2222411969792918,0.2222411969792918,357,parameter_draws_1000,False
2016-06-01,True,1,A,136592,22820115898.57,,,136592,none: population total,5627136.278372907,5517732.778312532,5735694.13188579,136592,parameter_draws_1000,0.0002465866651766447,0.00024179249583295478,0.0002513437774540493,136592,parameter_draws_1000,False
2016-06-01,True,2,A,1721,276248606.34,,,1721,none: population total,1174443.9478861634,1153677.981952265,1194914.4332078644,1721,parameter_draws_1000,0.004251402254825086,0.004176230958183899,0.004325503932994301,1721,parameter_draws_1000,False
2016-06-01,True,3,A,282,37486082.01,,,282,none: population total,7328937.189888094,7328937.189888094,7328937.189888094,282,parameter_draws_1000,0.1955108882260084,0.1955108882260084,0.1955108882260084,282,parameter_draws_1000,False
2016-06-01,True,1,B,49428,8835268222.76,,,49428,none: population total,6845610.518301051,6737307.579334464,6962145.855129125,49428,parameter_draws_1000,0.0007748050591906749,0.0007625470341668738,0.0007879948496859849,49428,parameter_draws_1000,False
2016-06-01,True,2,B,1656,268337248.25,,,1656,none: population total,3848784.352115238,3777438.1688965755,3918301.9267618167,1656,parameter_draws_1000,0.014343086460100636,0.014077203942172331,0.014602154387121383,1656,parameter_draws_1000,False
2016-06-01,True,3,B,403,62786126.32,,,403,none: population total,13512900.214774366,13512900.214774366,13512900.214774366,403,parameter_draws_1000,0.21522111661903792,0.21522111661903792,0.21522111661903792,403,parameter_draws_1000,False
2016-06-01,True,1,C,35525,6062479350.85,,,35525,none: population total,7291908.242658047,7175678.272192589,7403809.589827978,35525,parameter_draws_1000,0.001202793085247486,0.0011836210660555093,0.001221251102288689,35525,parameter_draws_1000,False
2016-06-01,True,2,C,2145,333274481.3,,,2145,none: population total,7423156.170889937,7269837.330700134,7555002.157539779,2145,parameter_draws_1000,0.022273401017487194,0.021813363274448022,0.02266900882440824,2145,parameter_draws_1000,False
2016-06-01,True,3,C,574,94496223.75,,,574,none: population total,21017037.80869451,21017037.80869451,21017037.80869451,574,parameter_draws_1000,0.2224114041244374,0.2224114041244374,0.2224114041244374,574,parameter_draws_1000,False
2016-06-01,True,1,D,22865,3675448910.33,,,22865,none: population total,6445033.865196445,6342571.6675405735,6548283.647219061,22865,parameter_draws_1000,0.0017535365128004943,0.001725659047991258,0.0017816282601058177,22865,parameter_draws_1000,False
2016-06-01,True,2,D,2313,354566834.37,,,2313,none: population total,11163347.08736654,10942348.649295429,11368105.628689779,2313,parameter_draws_1000,0.03148446500136357,0.03086117365922836,0.03206195426847751,2313,parameter_draws_1000,False
2016-06-01,True,3,D,630,104380716.96,,,630,none: population total,23509919.796189774,23509919.796189774,23509919.796189774,630,parameter_draws_1000,0.22523240384714996,0.22523240384714996,0.22523240384714996,630,parameter_draws_1000,False
2016-06-01,True,1,E,14435,2272564586.68,,,14435,none: population total,5214289.890692749,5126063.27741645,5304473.5229994375,14435,parameter_draws_1000,0.002294451793033671,0.002255629304206108,0.0023341354318773258,14435,parameter_draws_1000,False
2016-06-01,True,2,E,2096,318573137.19,,,2096,none: population total,13672577.396794327,13386627.091741627,13937733.347974347,2096,parameter_draws_1000,0.04291817419822147,0.04202057715794699,0.043750497832030805,2096,parameter_draws_1000,False
2016-06-01,True,3,E,655,104854284.85,,,655,none: population total,24554524.318493508,24554524.318493508,24554524.318493508,655,parameter_draws_1000,0.23417759563779533,0.23417759563779533,0.23417759563779533,655,parameter_draws_1000,False
2016-06-01,True,1,F,6650,1048076787.19,,,6650,none: population total,3134376.317660519,3068994.1942076064,3197768.796435457,6650,parameter_draws_1000,0.0029905979752343327,0.0029282150236681517,0.0030510825499809025,6650,parameter_draws_1000,False
2016-06-01,True,2,F,1264,191479246.1,,,1264,none: population total,10274047.797190636,10073883.823883897,10466894.235985797,1264,parameter_draws_1000,0.0536561951566543,0.05261083918527031,0.054663335317914626,1264,parameter_draws_1000,False
2016-06-01,True,3,F,438,71876505.57,,,438,none: population total,16104483.34892561,16104483.34892561,16104483.34892561,438,parameter_draws_1000,0.22405768367859194,0.22405768367859194,0.22405768367859194,438,parameter_draws_1000,False
2016-06-01,True,1,G,3284,498989970.82,,,3284,none: population total,2128464.486129987,2080828.048785342,2180053.3677522843,3284,parameter_draws_1000,0.004265545623356397,0.004170079902339272,0.0043689322335873,3284,parameter_draws_1000,False
2016-06-01,True,2,G,837,125925222.46,,,837,none: population total,9194858.564623022,9008565.165580528,9370334.877631938,837,parameter_draws_1000,0.07301840238990849,0.07153900536838113,0.07441189854247361,837,parameter_draws_1000,False
2016-06-01,True,3,G,322,53279789.87,,,322,none: population total,11935342.31901045,11935342.31901045,11935342.31901045,322,parameter_draws_1000,0.2240125636405865,0.2240125636405865,0.2240125636405865,322,parameter_draws_1000,False
2016-09-01,True,1,A,137025,22985568233.45,,,137025,none: population total,5610936.25666331,5501726.8662456935,5719677.7563275425,137025,parameter_draws_1000,0.0002441069195973991,0.00023935570399513748,0.00024883777935078054,137025,parameter_draws_1000,False
2016-09-01,True,2,A,1734,274677918.3,,,1734,none: population total,1154136.7611321444,1132989.6561252028,1174722.564072949,1734,parameter_draws_1000,0.004201782102744822,0.004124793369402795,0.004276727344314336,1734,parameter_draws_1000,False
2016-09-01,True,3,A,273,36782682.82,,,273,none: population total,7162761.840935181,7162761.840935181,7162761.840935181,273,parameter_draws_1000,0.19473190348803332,0.19473190348803332,0.19473190348803332,273,parameter_draws_1000,False
2016-09-01,True,1,B,49790,8970014146.75,,,49790,none: population total,6860740.958659694,6751389.306831283,6977327.676571584,49790,parameter_draws_1000,0.0007648528582472153,0.0007526620578717186,0.0007778502421982911,49790,parameter_draws_1000,False
2016-09-01,True,2,B,1686,277998966.67,,,1686,none: population total,4025218.3271304104,3951008.746857491,4098491.0114190164,1686,parameter_draws_1000,0.014479256435181519,0.014212314506721007,0.014742828221675188,1686,parameter_draws_1000,False
2016-09-01,True,3,B,381,60574634.88,,,381,none: population total,12945069.618699968,12945069.618699968,12945069.618699968,381,parameter_draws_1000,0.21370445970239033,0.21370445970239033,0.21370445970239033,381,parameter_draws_1000,False
2016-09-01,True,1,C,35717,6129410812.56,,,35717,none: population total,7280124.693885168,7163579.458291761,7392749.881789142,35717,parameter_draws_1000,0.0011877364589378146,0.0011687223580466508,0.0012061110126017965,35717,parameter_draws_1000,False
2016-09-01,True,2,C,2148,332840226.32,,,2148,none: population total,7565491.568474297,7417422.329129637,7689960.5452454835,2148,parameter_draws_1000,0.022730099820328406,0.02228523400293077,0.023104059957741358,2148,parameter_draws_1000,False
2016-09-01,True,3,C,547,92511475.14,,,547,none: population total,20326673.898771826,20326673.898771826,20326673.898771826,547,parameter_draws_1000,0.21972056837285261,0.21972056837285261,0.21972056837285261,547,parameter_draws_1000,False
2016-09-01,True,1,D,22925,3713705778.28,,,22925,none: population total,6415291.506124472,6313729.985626359,6516706.627047322,22925,parameter_draws_1000,0.0017274635873538989,0.0017001158310798001,0.0017547719222026064,22925,parameter_draws_1000,False
2016-09-01,True,2,D,2287,352441970.9,,,2287,none: population total,11513517.566858498,11287389.579649884,11722582.701072294,2287,parameter_draws_1000,0.03266783901320675,0.032026235555391636,0.03326102924443808,2287,parameter_draws_1000,False
2016-09-01,True,3,D,606,100787061.12,,,606,none: population total,22318206.247805342,22318206.247805342,22318206.247805342,606,parameter_draws_1000,0.22143920062549138,0.22143920062549138,0.22143920062549138,606,parameter_draws_1000,False
2016-09-01,True,1,E,14439,2284147131.51,,,14439,none: population total,5165296.631008122,5076660.385688148,5255704.383155178,14439,parameter_draws_1000,0.0022613677375473867,0.00222256277437438,0.002300948266708522,14439,parameter_draws_1000,False
2016-09-01,True,2,E,2067,311950030.72,,,2067,none: population total,13463150.980241813,13198198.320743473,13708542.156013915,2067,parameter_draws_1000,0.04315803703935539,0.04230869376829748,0.04394467320414667,2067,parameter_draws_1000,False
2016-09-01,True,3,E,639,102352158.1,,,639,none: population total,23882180.38126262,23882180.38126262,23882180.38126262,639,parameter_draws_1000,0.23333343257822933,0.23333343257822933,0.23333343257822933,639,parameter_draws_1000,False
2016-09-01,True,1,F,6697,1053449445.21,,,6697,none: population total,3117522.2454807055,3051984.682464055,3179537.3441912876,6697,parameter_draws_1000,0.0029593468007942637,0.0028971344532396207,0.003018215405256075,6697,parameter_draws_1000,False
2016-09-01,True,2,F,1215,184366648.25,,,1215,none: population total,10297092.883176098,10106905.733659279,10483779.405973317,1215,parameter_draws_1000,0.055851169291819554,0.05481959904133191,0.056863752232222495,1215,parameter_draws_1000,False
2016-09-01,True,3,F,436,71583995.8,,,436,none: population total,16017360.96219629,16017360.96219629,16017360.96219629,436,parameter_draws_1000,0.2237561731947393,0.2237561731947393,0.2237561731947393,436,parameter_draws_1000,False
2016-09-01,True,1,G,3252,494276216.6,,,3252,none: population total,2071538.4776085531,2025040.696412509,2121265.152790399,3252,parameter_draws_1000,0.004191054329617835,0.004096981866419241,0.004291659362819519,3252,parameter_draws_1000,False
2016-09-01,True,2,G,842,125722318.63,,,842,none: population total,9303611.906859096,9115703.161423534,9481277.886544332,842,parameter_draws_1000,0.07400127525677894,0.07250664210426305,0.075414437069425,842,parameter_draws_1000,False
2016-09-01,True,3,G,309,50924245.43,,,309,none: population total,11254918.62945194,11254918.62945194,11254918.62945194,309,parameter_draws_1000,0.2210129680747621,0.2210129680747621,0.2210129680747621,309,parameter_draws_1000,False
2016-12-01,True,1,A,137781,23199139301.05,,,137781,none: population total,5622966.381902363,5513841.433847603,5731278.13224207,137781,parameter_draws_1000,0.00024237823261175323,0.00023767439654961877,0.0002470470157478071,137781,parameter_draws_1000,False
2016-12-01,True,2,A,1814,288801755.65,,,1814,none: population total,1317043.316322424,1293533.8309326044,1340319.7642949251,1814,parameter_draws_1000,0.0045603715716969325,0.004478968031275555,0.00464096820075867,1814,parameter_draws_1000,False
2016-12-01,True,3,A,255,34630142.07,,,255,none: population total,6768654.810168748,6768654.810168748,6768654.810168748,255,parameter_draws_1000,0.1954555888476246,0.1954555888476246,0.1954555888476246,255,parameter_draws_1000,False
2016-12-01,True,1,B,49748,8990729332.57,,,49748,none: population total,6846966.767822078,6737650.873510902,6963607.425382833,49748,parameter_draws_1000,0.0007615585470934061,0.0007493998122157843,0.000774531983757572,49748,parameter_draws_1000,False
2016-12-01,True,2,B,1733,289227251.31,,,1733,none: population total,4291655.767519883,4217023.284757531,4363664.513271408,1733,parameter_draws_1000,0.014838352015868635,0.014580311037972127,0.015087321452273315,1733,parameter_draws_1000,False
2016-12-01,True,3,B,354,56694210.23,,,354,none: population total,11876972.619623533,11876972.619623533,11876972.619623533,354,parameter_draws_1000,0.2094918082717868,0.2094918082717868,0.2094918082717868,354,parameter_draws_1000,False
2016-12-01,True,1,C,35597,6135284732.84,,,35597,none: population total,7243954.614392741,7127821.4394698115,7356447.013867481,35597,parameter_draws_1000,0.0011807039004430265,0.0011617751660843246,0.001199039218912047,35597,parameter_draws_1000,False
2016-12-01,True,2,C,2131,334557687.89,,,2131,none: population total,7834383.197290162,7688349.205245701,7959247.688018297,2131,parameter_draws_1000,0.023417136956858833,0.022980638268200765,0.023790359558663727,2131,parameter_draws_1000,False
2016-12-01,True,3,C,531,84266323.34,,,531,none: population total,18438943.727606665,18438943.727606665,18438943.727606665,531,parameter_draws_1000,0.21881747057135417,0.21881747057135417,0.21881747057135417,531,parameter_draws_1000,False
2016-12-01,True,1,D,22790,3696220389.28,,,22790,none: population total,6357629.250440292,6256383.053042513,6457029.465057193,22790,parameter_draws_1000,0.0017200352199990751,0.001692643401672598,0.0017469276138901936,22790,parameter_draws_1000,False
2016-12-01,True,2,D,2266,348064302.11,,,2266,none: population total,11706882.7430277,11492122.931004785,11910176.928559015,2266,parameter_draws_1000,0.033634252843682697,0.03301724095616358,0.034218323615373226,2266,parameter_draws_1000,False
2016-12-01,True,3,D,598,97385759.46,,,598,none: population total,21106360.46780621,21106360.46780621,21106360.46780621,598,parameter_draws_1000,0.2167294333877982,0.2167294333877982,0.2167294333877982,598,parameter_draws_1000,False
2016-12-01,True,1,E,14248,2254084082.41,,,14248,none: population total,5091664.839336871,5004553.2573891785,5180390.989753006,14248,parameter_draws_1000,0.002258861982598721,0.002220215872354885,0.002298224378663943,14248,parameter_draws_1000,False
2016-12-01,True,2,E,2061,311055925.77,,,2061,none: population total,13906039.629877273,13639342.479819132,14147865.201001223,2061,parameter_draws_1000,0.04470591452470716,0.04384852159963122,0.04548334890576042,2061,parameter_draws_1000,False
2016-12-01,True,3,E,624,99692531.87,,,624,none: population total,22820540.790604148,22820540.790604148,22820540.790604148,624,parameter_draws_1000,0.2289092308374949,0.2289092308374949,0.2289092308374949,624,parameter_draws_1000,False
2016-12-01,True,1,F,6636,1045983108.63,,,6636,none: population total,3071493.1245615245,3006881.7881943285,3131873.778481113,6636,parameter_draws_1000,0.0029364653207301617,0.002874694403175076,0.002994191543478322,6636,parameter_draws_1000,False
2016-12-01,True,2,F,1181,178780970.53,,,1181,none: population total,10421612.412101448,10229288.128725423,10604165.338528113,1181,parameter_draws_1000,0.05829262690098591,0.0572168732410417,0.059313725096646695,1181,parameter_draws_1000,False
2016-12-01,True,3,F,424,69052260.47,,,424,none: population total,15391926.4564448,15391926.4564448,15391926.4564448,424,parameter_draws_1000,0.22290257193147034,0.22290257193147034,0.22290257193147034,424,parameter_draws_1000,False
2016-12-01,True,1,G,3189,484661662.94,,,3189,none: population total,2027309.9644951746,1981510.5066048263,2076642.352987788,3189,parameter_draws_1000,0.004182938572441103,0.00408844077863475,0.004284725844397707,3189,parameter_draws_1000,False
2016-12-01,True,2,G,817,123487432.23,,,817,none: population total,9349630.58840796,9168392.920744643,9523512.808382677,817,parameter_draws_1000,0.07571321566549315,0.07424555483239917,0.07712131215624254,817,parameter_draws_1000,False
2016-12-01,True,3,G,309,48492671.16,,,309,none: population total,10808628.788935417,10808628.788935417,10808628.788935417,309,parameter_draws_1000,0.22289200677918314,0.22289200677918314,0.22289200677918314,309,parameter_draws_1000,False
2017-03-01,False,1,A,140248,23783247831.31,,,140248,none: population total,5737127.219976618,5626092.747335299,5846911.541514039,140248,parameter_draws_1000,0.00024122555761386995,0.00023655695753751091,0.00024584159333431067,140248,parameter_draws_1000,False
2017-03-01,False,2,A,1791,290306715.0,,,1791,none: population total,1192766.1493520988,1170032.6849894566,1215427.6027610116,1791,parameter_draws_1000,0.004108641267054738,0.004030332832602431,0.004186701650221943,1791,parameter_draws_1000,False
2017-03-01,False,3,A,267,36404790.54,,,267,none: population total,7177685.76732355,7177685.76732355,7177685.76732355,267,parameter_draws_1000,0.19716322112709372,0.19716322112709372,0.19716322112709372,267,parameter_draws_1000,False
2017-03-01,False,1,B,51029,9328274229.21,,,51029,none: population total,7052432.471797002,6939835.089718491,7172783.190329937,51029,parameter_draws_1000,0.0007560275672121042,0.0007439570191866258,0.0007689292803881681,51029,parameter_draws_1000,False
2017-03-01,False,2,B,1701,282961019.19,,,1701,none: population total,3770879.4644613992,3701188.8292070585,3837867.0227749436,1701,parameter_draws_1000,0.013326498028795142,0.013080207442714287,0.013563235790432069,1701,parameter_draws_1000,False
2017-03-01,False,3,B,364,59351560.76,,,364,none: population total,12328906.5100473,12328906.5100473,12328906.5100473,364,parameter_draws_1000,0.20772674470856325,0.20772674470856325,0.20772674470856325,364,parameter_draws_1000,False
2017-03-01,False,1,C,36475,6359195162.39,,,36475,none: population total,7454536.627738661,7335674.407408203,7569858.198403818,36475,parameter_draws_1000,0.0011722452979312235,0.0011535539042414305,0.0011903799152405332,36475,parameter_draws_1000,False
2017-03-01,False,2,C,2110,337950913.29,,,2110,none: population total,6976383.938450455,6842704.065443255,7094184.413433438,2110,parameter_draws_1000,0.020643187114171017,0.020247627085331895,0.020991759851661733,2110,parameter_draws_1000,False
2017-03-01,False,3,C,550,85647395.68,,,550,none: population total,18914423.29061152,18914423.29061152,18914423.29061152,550,parameter_draws_1000,0.22084061214517853,0.22084061214517853,0.22084061214517853,550,parameter_draws_1000,False
2017-03-01,False,1,D,23242,3813069493.72,,,23242,none: population total,6492429.896544683,6389365.302503597,6594513.5206432585,23242,parameter_draws_1000,0.001702678093655912,0.0016756487950263356,0.0017294501271230972,23242,parameter_draws_1000,False
2017-03-01,False,2,D,2165,339539008.1,,,2165,none: population total,10001280.20758303,9802339.632230468,10190358.546903322,2165,parameter_draws_1000,0.02945546746910883,0.028869553713673786,0.030012335265767427,2165,parameter_draws_1000,False
2017-03-01,False,3,D,597,96360391.38,,,597,none: population total,21068222.64759851,21068222.64759851,21068222.64759851,597,parameter_draws_1000,0.2186398617302763,0.2186398617302763,0.2186398617302763,597,parameter_draws_1000,False
2017-03-01,False,1,E,14525,2319491856.84,,,14525,none: population total,5198378.155440271,5109215.534119379,5288903.004060303,14525,parameter_draws_1000,0.002241171116902463,0.0022027305330056244,0.002280198996372305,14525,parameter_draws_1000,False
2017-03-01,False,2,E,1945,291743201.28,,,1945,none: population total,11409866.14719042,11177439.68367682,11637380.838965299,1945,parameter_draws_1000,0.039109278629735136,0.038312596950457446,0.03988912436659097,1945,parameter_draws_1000,False
2017-03-01,False,3,E,625,100850744.14,,,625,none: population total,23031410.796128307,23031410.796128307,23031410.796128307,625,parameter_draws_1000,0.22837125290970914,0.22837125290970914,0.22837125290970914,625,parameter_draws_1000,False
2017-03-01,False,1,F,6750,1072779559.21,,,6750,none: population total,3122117.7816152903,3056502.4612587052,3183655.7174432734,6750,parameter_draws_1000,0.0029103069263497457,0.002849143083514313,0.0029676700027615483,6750,parameter_draws_1000,False
2017-03-01,False,2,F,1116,169217458.53,,,1116,none: population total,8714082.962671474,8532968.116618084,8890818.187378138,1116,parameter_draws_1000,0.051496358817648726,0.050426050543155396,0.05254078547576056,1116,parameter_draws_1000,False
2017-03-01,False,3,F,406,65980592.69,,,406,none: population total,14908390.265254343,14908390.265254343,14908390.265254343,406,parameter_draws_1000,0.22595114195622942,0.22595114195622942,0.22595114195622942,406,parameter_draws_1000,False
2017-03-01,False,1,G,3207,488332039.15,,,3207,none: population total,2034851.0920879012,1987995.7391589284,2084649.878073582,3207,parameter_draws_1000,0.004166941607251086,0.004070991824782317,0.004268918913659982,3207,parameter_draws_1000,False
2017-03-01,False,2,G,759,115489241.57,,,759,none: population total,8107991.856530692,7934331.938134995,8273795.096607783,759,parameter_draws_1000,0.07020560310473856,0.06870191396421858,0.0716412627196352,759,parameter_draws_1000,False
2017-03-01,False,3,G,310,47886634.15,,,310,none: population total,10612984.286679303,10612984.286679303,10612984.286679303,310,parameter_draws_1000,0.22162727606695456,0.22162727606695456,0.22162727606695456,310,parameter_draws_1000,False
2017-06-01,False,1,A,141440,24085783921.19,,,141440,none: population total,5781518.786448827,5669128.728643956,5891375.35303051,141440,parameter_draws_1000,0.00024003863878237355,0.0002353723983904221,0.00024459969301009307,141440,parameter_draws_1000,False
2017-06-01,False,2,A,1865,301802999.39,,,1865,none: population total,1189037.1527729137,1166112.9363254583,1212379.7608087629,1865,parameter_draws_1000,0.003939779111460717,0.0038638215613575402,0.004017122968490067,1865,parameter_draws_1000,False
2017-06-01,False,3,A,254,32539253.49,,,254,none: population total,6405503.0141951535,6405503.0141951535,6405503.0141951535,254,parameter_draws_1000,0.19685463946380025,0.19685463946380025,0.19685463946380025,254,parameter_draws_1000,False
2017-06-01,False,1,B,52146,9622843562.68,,,52146,none: population total,7198914.6188370865,7084684.978438563,7321859.740917779,52146,parameter_draws_1000,0.0007481067910899468,0.0007362361169327219,0.0007608831727571607,52146,parameter_draws_1000,False
2017-06-01,False,2,B,1764,296136956.3,,,1764,none: population total,3855859.552880672,3782149.878477752,3923930.934239987,1764,parameter_draws_1000,0.01302052807274251,0.012771624067906827,0.013250392599648619,1764,parameter_draws_1000,False
2017-06-01,False,3,B,335,52684993.51,,,335,none: population total,10896002.805516519,10896002.805516519,10896002.805516519,335,parameter_draws_1000,0.20681416243219955,0.20681416243219955,0.20681416243219955,335,parameter_draws_1000,False
2017-06-01,False,1,C,37182,6533895569.7,,,37182,none: population total,7562095.354789845,7441215.149326218,7679502.4279635865,37182,parameter_draws_1000,0.001157363975919354,0.0011388634957426903,0.00117533289995882,37182,parameter_draws_1000,False
2017-06-01,False,2,C,2144,349879843.29,,,2144,none: population total,6948017.12311507,6804984.939233291,7071496.605055759,2144,parameter_draws_1000,0.019858294944290814,0.019449491217454724,0.02021121462317138,2144,parameter_draws_1000,False
2017-06-01,False,3,C,499,76697223.83,,,499,none: population total,16875767.582821198,16875767.582821198,16875767.582821198,499,parameter_draws_1000,0.22003100946947532,0.22003100946947532,0.22003100946947532,499,parameter_draws_1000,False
2017-06-01,False,1,D,23605,3903002020.62,,,23605,none: population total,6545362.564279432,6442490.493792088,6648385.063085784,23605,parameter_draws_1000,0.0016770072189815797,0.001650650053409064,0.0017034029262505159,23605,parameter_draws_1000,False
2017-06-01,False,2,D,2184,347104769.1,,,2184,none: population total,10636161.050940575,10422098.647426305,10835731.243435724,2184,parameter_draws_1000,0.030642509114809435,0.030025800781849025,0.031217465756899404,2184,parameter_draws_1000,False
2017-06-01,False,3,D,550,87226853.02,,,550,none: population total,19015636.796150614,19015636.796150614,19015636.796150614,550,parameter_draws_1000,0.21800209611815954,0.21800209611815954,0.21800209611815954,550,parameter_draws_1000,False
2017-06-01,False,1,E,14637,2345407893.5,,,14637,none: population total,5182325.776276862,5092195.667781138,5272541.601989186,14637,parameter_draws_1000,0.002209562690838988,0.0021711343608476425,0.0022480275676573635,14637,parameter_draws_1000,False
2017-06-01,False,2,E,1961,296152490.24,,,1961,none: population total,11984474.2288524,11730981.368532252,12222104.025149336,1961,parameter_draws_1000,0.04046724111332058,0.0396112872764485,0.04126963111214978,1961,parameter_draws_1000,False
2017-06-01,False,3,E,583,93596540.34,,,583,none: population total,21319840.698361974,21319840.698361974,21319840.698361974,583,parameter_draws_1000,0.22778449524859834,0.22778449524859834,0.22778449524859834,583,parameter_draws_1000,False
2017-06-01,False,1,F,6751,1087091087.33,,,6751,none: population total,3112325.530011541,3045995.6770744864,3173297.744291787,6751,parameter_draws_1000,0.0028629850490778205,0.002801969138166466,0.002919072542564681,6751,parameter_draws_1000,False
2017-06-01,False,2,F,1141,172389806.12,,,1141,none: population total,8684788.11032819,8502146.460433142,8860151.509199375,1141,parameter_draws_1000,0.050378779962677936,0.04931931099519206,0.05139602920042645,1141,parameter_draws_1000,False
2017-06-01,False,3,F,376,61147461.35,,,376,none: population total,14055019.031888435,14055019.031888435,14055019.031888435,376,parameter_draws_1000,0.22985449798871224,0.22985449798871224,0.22985449798871224,376,parameter_draws_1000,False
2017-06-01,False,1,G,3173,480942451.82,,,3173,none: population total,1984163.2597631717,1937815.9585574549,2033240.363999161,3173,parameter_draws_1000,0.00412557313719059,0.0040292054719318305,0.004227616747710456,3173,parameter_draws_1000,False
2017-06-01,False,2,G,747,113231171.2,,,747,none: population total,7649432.32905639,7484022.69418998,7810033.542834812,747,parameter_draws_1000,0.06755588808266597,0.06609507448236991,0.06897423615834516,747,parameter_draws_1000,False
2017-06-01,False,3,G,302,47636663.52,,,302,none: population total,10613650.50481334,10613650.50481334,10613650.50481334,302,parameter_draws_1000,0.22280423775601443,0.22280423775601443,0.22280423775601443,302,parameter_draws_1000,False
2017-09-01,False,1,A,142632,24442484656.03,,,142632,none: population total,5870396.728076881,5755826.499985328,5981275.862092273,142632,parameter_draws_1000,0.00024017184875796353,0.00023548450908264588,0.0002447081770231032,142632,parameter_draws_1000,False
2017-09-01,False,2,A,2010,331868882.82,,,2010,none: population total,1408494.219583831,1382465.0434425322,1433764.38874239,2010,parameter_draws_1000,0.004244128607706117,0.004165696499458666,0.004320273647107914,2010,parameter_draws_1000,False
2017-09-01,False,3,A,248,32956270.57,,,248,none: population total,6429124.323606124,6429124.323606124,6429124.323606124,248,parameter_draws_1000,0.1950804569937758,0.1950804569937758,0.1950804569937758,248,parameter_draws_1000,False
2017-09-01,False,1,B,53063,9895096919.69,,,53063,none: population total,7369746.604362147,7252898.0313711595,7496169.142613271,53063,parameter_draws_1000,0.0007447877129628994,0.0007329789784007878,0.0007575639939106444,53063,parameter_draws_1000,False
2017-09-01,False,2,B,1879,311697313.47,,,1879,none: population total,4429532.527771672,4349579.449264708,4503428.942651886,1879,parameter_draws_1000,0.014211006435889613,0.013954497717168623,0.01444808391999608,1879,parameter_draws_1000,False
2017-09-01,False,3,B,319,52044380.45,,,319,none: population total,10480399.653734023,10480399.653734023,10480399.653734023,319,parameter_draws_1000,0.2013742802415092,0.2013742802415092,0.2013742802415092,319,parameter_draws_1000,False
2017-09-01,False,1,C,37567,6667248289.33,,,37567,none: population total,7665947.215876377,7544661.27586072,7784755.772104799,37567,parameter_draws_1000,0.001149791770638669,0.0011316004667075166,0.0011676114994192152,37567,parameter_draws_1000,False
2017-09-01,False,2,C,2324,385496426.84,,,2324,none: population total,8698748.051704222,8546110.415844595,8837194.602495229,2324,parameter_draws_1000,0.02256505494229816,0.022169104097537206,0.02292419329262188,2324,parameter_draws_1000,False
2017-09-01,False,3,C,475,74417107.82,,,475,none: population total,15917202.775168011,15917202.775168011,15917202.775168011,475,parameter_draws_1000,0.21389171443841276,0.21389171443841276,0.21389171443841276,475,parameter_draws_1000,False
2017-09-01,False,1,D,23781,3965984511.1,,,23781,none: population total,6595438.087814315,6492284.506021007,6699518.469188688,23781,parameter_draws_1000,0.0016630014739984482,0.0016369918964258174,0.001689244738711932,23781,parameter_draws_1000,False
2017-09-01,False,2,D,2290,365219224.14,,,2290,none: population total,11782291.600051884,11563080.79354222,11986041.1124794,2290,parameter_draws_1000,0.0322608746234436,0.03166065757017689,0.03281875739346288,2290,parameter_draws_1000,False
2017-09-01,False,3,D,533,85202410.67999999,,,533,none: population total,18245340.837861206,18245340.837861206,18245340.837861206,533,parameter_draws_1000,0.21414113394498158,0.21414113394498158,0.21414113394498158,533,parameter_draws_1000,False
2017-09-01,False,1,E,14618,2355079221.61,,,14618,none: population total,5139300.003302867,5051227.156795533,5228173.9876609435,14618,parameter_draws_1000,0.002182219585712914,0.0021448226074290483,0.0022199567384772784,14618,parameter_draws_1000,False
2017-09-01,False,2,E,2041,310239485.81,,,2041,none: population total,13898244.186918655,13643289.342931552,14132308.68927959,2041,parameter_draws_1000,0.04479843740919026,0.04397663729782969,0.045552901341303284,2041,parameter_draws_1000,False
2017-09-01,False,3,E,580,90171501.77,,,580,none: population total,20857909.706014317,20857909.706014317,20857909.706014317,580,parameter_draws_1000,0.23131376650703328,0.23131376650703328,0.23131376650703328,580,parameter_draws_1000,False
2017-09-01,False,1,F,6786,1100296515.05,,,6786,none: population total,3118556.332884957,3053046.1099484586,3180253.8122249944,6786,parameter_draws_1000,0.002834287203702761,0.0027747485047789336,0.002890360706159718,6786,parameter_draws_1000,False
2017-09-01,False,2,F,1167,175839037.69,,,1167,none: population total,9922246.155706085,9735257.386299312,10100788.092147138,1167,parameter_draws_1000,0.05642800532836609,0.055364596588968695,0.05744337676571334,1167,parameter_draws_1000,False
2017-09-01,False,3,F,363,58357692.14,,,363,none: population total,13489702.794939473,13489702.794939473,13489702.794939473,363,parameter_draws_1000,0.23115552209600235,0.23115552209600235,0.23115552209600235,363,parameter_draws_1000,False
2017-09-01,False,1,G,3107,471741587.34,,,3107,none: population total,1908704.1006134455,1864147.1543543898,1956612.2157054232,3107,parameter_draws_1000,0.004046079785706445,0.00395162776482294,0.004147635629790738,3107,parameter_draws_1000,False
2017-09-01,False,2,G,752,113671922.27,,,752,none: population total,8802348.641455784,8636203.11523092,8960275.350603633,752,parameter_draws_1000,0.07743643694656581,0.07597481368105767,0.07882575724654924,752,parameter_draws_1000,False
2017-09-01,False,3,G,289,44651039.56,,,289,none: population total,10116758.145806193,10116758.145806193,10116758.145806193,289,parameter_draws_1000,0.22657385461791457,0.22657385461791457,0.22657385461791457,289,parameter_draws_1000,False
2017-12-01,False,1,A,144236,24827115599.16,,,144236,none: population total,5963918.2047838,5846578.8618351,6075516.012967642,144236,parameter_draws_1000,0.00024021792547603005,0.00023549166790977978,0.0002447129223973646,144236,parameter_draws_1000,False
2017-12-01,False,2,A,2194,363764657.24,,,2194,none: population total,2356864.377358542,2316149.5418934263,2398312.4243109603,2194,parameter_draws_1000,0.006479091166362432,0.006367164857264587,0.006593033095924523,2194,parameter_draws_1000,False
2017-12-01,False,3,A,258,34960525.91,,,258,none: population total,6774239.112941623,6774239.112941623,6774239.112941623,258,parameter_draws_1000,0.19376822678185002,0.19376822678185002,0.19376822678185002,258,parameter_draws_1000,False
2017-12-01,False,1,B,54145,10177891538.11,,,54145,none: population total,7541044.063104531,7421487.075112971,7671792.360508048,54145,parameter_draws_1000,0.0007409239953941263,0.0007291772610588376,0.0007537703002416426,54145,parameter_draws_1000,False
2017-12-01,False,2,B,2047,343849128.69,,,2047,none: population total,6815831.361875761,6706980.916675762,6919201.120846133,2047,parameter_draws_1000,0.0198221568507176,0.01950559229923917,0.020122782184171812,2047,parameter_draws_1000,False
2017-12-01,False,3,B,357,57844669.16,,,357,none: population total,11465442.297068665,11465442.297068665,11465442.297068665,357,parameter_draws_1000,0.19821087169424248,0.19821087169424248,0.19821087169424248,357,parameter_draws_1000,False
2017-12-01,False,1,C,38020,6805118998.11,,,38020,none: population total,7770788.470689292,7647105.741035858,7890717.573529714,38020,parameter_draws_1000,0.0011419033925560288,0.0011237284378362382,0.0011595267585653125,38020,parameter_draws_1000,False
2017-12-01,False,2,C,2563,430197476.01,,,2563,none: population total,12403022.190522194,12217631.43604251,12565391.86366511,2563,parameter_draws_1000,0.028830997116854037,0.028400053736620506,0.02920842767420845,2563,parameter_draws_1000,False
2017-12-01,False,3,C,491,78306308.34,,,491,none: population total,16916794.890649848,16916794.890649848,16916794.890649848,491,parameter_draws_1000,0.21603361528931256,0.21603361528931256,0.21603361528931256,491,parameter_draws_1000,False
2017-12-01,False,1,D,23896,4011225914.52,,,23896,none: population total,6624145.054932974,6520574.261504699,6728290.654572585,23896,parameter_draws_1000,0.001651401640320138,0.001625581405899193,0.0016773651741272518,23896,parameter_draws_1000,False
2017-12-01,False,2,D,2422,389186602.28,,,2422,none: population total,14639626.48652533,14412229.574947475,14851998.830194749,2422,parameter_draws_1000,0.03761595697478009,0.03703166935992984,0.03816163954048318,2422,parameter_draws_1000,False
2017-12-01,False,3,D,587,94959231.65,,,587,none: population total,20080154.710383683,20080154.710383683,20080154.710383683,587,parameter_draws_1000,0.21146079598026826,0.21146079598026826,0.21146079598026826,587,parameter_draws_1000,False
2017-12-01,False,1,E,14667,2372810806.92,,,14667,none: population total,5095866.437345072,5011228.089241701,5183160.581173783,14667,parameter_draws_1000,0.002147607564195016,0.0021119374855454527,0.002184396904320292,14667,parameter_draws_1000,False
2017-12-01,False,2,E,2111,317463370.58,,,2111,none: population total,16864252.142881975,16607040.233441288,17104394.84250617,2111,parameter_draws_1000,0.053121883359555096,0.052311673636868776,0.05387832558841905,2111,parameter_draws_1000,False
2017-12-01,False,3,E,619,97377150.82,,,619,none: population total,22238036.55499344,22238036.55499344,22238036.55499344,619,parameter_draws_1000,0.2283701706994906,0.2283701706994906,0.2283701706994906,619,parameter_draws_1000,False
2017-12-01,False,1,F,6712,1093221647.74,,,6712,none: population total,3049567.556372597,2985564.5994605357,3111423.190012884,6712,parameter_draws_1000,0.002789523572531627,0.00273097830218835,0.002846104627039796,6712,parameter_draws_1000,False
2017-12-01,False,2,F,1234,187745508.47,,,1234,none: population total,12542321.311901823,12351008.747291021,12726361.595154932,1234,parameter_draws_1000,0.06680490742022716,0.06578590799824433,0.06778517206012673,1234,parameter_draws_1000,False
2017-12-01,False,3,F,369,59125945.32,,,369,none: population total,13313308.80282254,13313308.80282254,13313308.80282254,369,parameter_draws_1000,0.22516864179961224,0.22516864179961224,0.22516864179961224,369,parameter_draws_1000,False
2017-12-01,False,1,G,3049,463881311.02,,,3049,none: population total,1847362.8932714139,1806515.6349389702,1891673.9057096266,3049,parameter_draws_1000,0.003982404225790778,0.0038943488173014225,0.0040779265315736505,3049,parameter_draws_1000,False
2017-12-01,False,2,G,774,119041918.83,,,774,none: population total,9558097.929369962,9392457.361535562,9719830.237429352,774,parameter_draws_1000,0.0802918671280793,0.07890041973322554,0.08165048356881692,774,parameter_draws_1000,False
2017-12-01,False,3,G,298,45393527.26,,,298,none: population total,10414762.000714615,10414762.000714615,10414762.000714615,298,parameter_draws_1000,0.22943275460975085,0.22943275460975085,0.22943275460975085,298,parameter_draws_1000,False
2018-03-01,False,1,A,145451,25130734895.34,,,145451,none: population total,5946595.394315734,5830188.483311912,6057196.910007484,145451,parameter_draws_1000,0.00023662640265320744,0.00023199434905475072,0.00024102744847030603,145451,parameter_draws_1000,False
2018-03-01,False,2,A,2236,374166872.64,,,2236,none: population total,1839311.7912558096,1808560.9858748142,1871238.1253758476,2236,parameter_draws_1000,0.004915752638062858,0.004833567902776094,0.005001079096535186,2236,parameter_draws_1000,False
2018-03-01,False,3,A,268,36248248.07,,,268,none: population total,7024502.85730427,7024502.85730427,7024502.85730427,268,parameter_draws_1000,0.19378875480379237,0.19378875480379237,0.19378875480379237,268,parameter_draws_1000,False
2018-03-01,False,1,B,55064,10426387300.78,,,55064,none: population total,7594110.3441021135,7473860.713835206,7726888.158878056,55064,parameter_draws_1000,0.0007283549061652445,0.0007168217042230997,0.0007410896925246587,55064,parameter_draws_1000,False
2018-03-01,False,2,B,2024,343967037.27,,,2024,none: population total,5453987.738758455,5369976.9697501315,5540929.064215047,2024,parameter_draws_1000,0.01585613488445202,0.015611894129072955,0.01610889551566433,2024,parameter_draws_1000,False
2018-03-01,False,3,B,377,62327157.8,,,377,none: population total,12359235.02906489,12359235.02906489,12359235.02906489,377,parameter_draws_1000,0.19829614353223227,0.19829614353223227,0.19829614353223227,377,parameter_draws_1000,False
2018-03-01,False,1,C,38692,6984671769.24,,,38692,none: population total,7855813.464668655,7730546.409220206,7978027.340431456,38692,parameter_draws_1000,0.001124721923121012,0.0011067873573193498,0.0011422193632013066,38692,parameter_draws_1000,False
2018-03-01,False,2,C,2516,424311374.54,,,2516,none: population total,10145146.555410953,9985004.098866632,10287103.612698283,2516,parameter_draws_1000,0.023909673801248914,0.023532256493692796,0.024244232490469128,2516,parameter_draws_1000,False
2018-03-01,False,3,C,515,82838684.12,,,515,none: population total,17691953.860734973,17691953.860734973,17691953.860734973,515,parameter_draws_1000,0.2135711600042612,0.2135711600042612,0.2135711600042612,515,parameter_draws_1000,False
2018-03-01,False,1,D,24258,4102059031.68,,,24258,none: population total,6646412.143937975,6542522.64084216,6749670.571846943,24258,parameter_draws_1000,0.0016202624322585466,0.0015949362479463556,0.00164543477305411,24258,parameter_draws_1000,False
2018-03-01,False,2,D,2362,379671240.26,,,2362,none: population total,11832026.19969179,11625495.469803944,12021935.331638865,2362,parameter_draws_1000,0.03116387270099569,0.03061990015847071,0.03166406632065734,2362,parameter_draws_1000,False
2018-03-01,False,3,D,594,99666220.04,,,594,none: population total,20727317.431864657,20727317.431864657,20727317.431864657,594,parameter_draws_1000,0.20796732758146103,0.20796732758146103,0.20796732758146103,594,parameter_draws_1000,False
2018-03-01,False,1,E,14854,2413813409.79,,,14854,none: population total,5077879.537307542,4993607.456933412,5165700.013776021,14854,parameter_draws_1000,0.0021036752537344273,0.0020687628284275098,0.0021400577164849845,14854,parameter_draws_1000,False
2018-03-01,False,2,E,2051,313827820.73,,,2051,none: population total,13885693.08313968,13651137.014168179,14103716.818821644,2051,parameter_draws_1000,0.04424621453521853,0.04349881085244146,0.04494093858860173,2051,parameter_draws_1000,False
2018-03-01,False,3,E,652,102670266.89,,,652,none: population total,23541512.284869038,23541512.284869038,23541512.284869038,652,parameter_draws_1000,0.22929240371110754,0.22929240371110754,0.22929240371110754,652,parameter_draws_1000,False
2018-03-01,False,1,F,6769,1105660485.13,,,6769,none: population total,3033562.0771858743,2970252.392401685,3093762.457298158,6769,parameter_draws_1000,0.0027436650924801726,0.0026864054855432877,0.002798112529936713,6769,parameter_draws_1000,False
2018-03-01,False,2,F,1209,184763494.32,,,1209,none: population total,10352963.102333387,10162786.295935335,10534445.7305607,1209,parameter_draws_1000,0.056033596574021474,0.0550042979720548,0.0570158394618562,1209,parameter_draws_1000,False
2018-03-01,False,3,F,379,59677934.7,,,379,none: population total,13525727.072170034,13525727.072170034,13525727.072170034,379,parameter_draws_1000,0.22664536130755264,0.22664536130755264,0.22664536130755264,379,parameter_draws_1000,False
2018-03-01,False,1,G,3017,459805219.26,,,3017,none: population total,1789023.953033209,1749568.4951814758,1831354.55623767,3017,parameter_draws_1000,0.0038908300256191596,0.0038050209564762906,0.00398289205847861,3017,parameter_draws_1000,False
2018-03-01,False,2,G,747,113880412.5,,,747,none: population total,8147266.177287642,7988926.217335669,8306851.796074147,747,parameter_draws_1000,0.07154229597901783,0.07015189040815661,0.07294363985618814,747,parameter_draws_1000,False
2018-03-01,False,3,G,301,45726134.81,,,301,none: population total,10396902.403633688,10396902.403633688,10396902.403633688,301,parameter_draws_1000,0.2273733051532699,0.2273733051532699,0.2273733051532699,301,parameter_draws_1000,False
2018-06-01,False,1,A,147048,25560368525.87,,,147048,none: population total,6096001.029957222,5977124.11943783,6209403.229056887,147048,parameter_draws_1000,0.00023849425425096572,0.00023384342496424887,0.00024293089603822672,147048,parameter_draws_1000,False
2018-06-01,False,2,A,2244,381243550.34,,,2244,none: population total,1497135.2912842494,1468298.2042059926,1526813.864139205,2244,parameter_draws_1000,0.003926978672685943,0.003851339131892297,0.004004825426627059,2244,parameter_draws_1000,False
2018-06-01,False,3,A,244,33264909.46,,,244,none: population total,6461884.660984165,6461884.660984165,6461884.660984165,244,parameter_draws_1000,0.19425529081191026,0.19425529081191026,0.19425529081191026,244,parameter_draws_1000,False
2018-06-01,False,1,B,56474,10794792914.4,,,56474,none: population total,7896526.74317485,7771662.463197463,8034277.872809833,56474,parameter_draws_1000,0.0007315125733112554,0.0007199454889801775,0.0007442734600394506,56474,parameter_draws_1000,False
2018-06-01,False,2,B,2036,351164995.91,,,2036,none: population total,4681740.128256258,4602041.526111044,4759106.367857344,2036,parameter_draws_1000,0.013332023928307875,0.013105069069271643,0.013552337001940406,2036,parameter_draws_1000,False
2018-06-01,False,3,B,359,58319336.61,,,359,none: population total,11333903.969727281,11333903.969727281,11333903.969727281,359,parameter_draws_1000,0.19434212781809765,0.19434212781809765,0.19434212781809765,359,parameter_draws_1000,False
2018-06-01,False,1,C,39749,7249190386.03,,,39749,none: population total,8181991.328460171,8053305.526640964,8308257.755909367,39749,parameter_draws_1000,0.0011286765683831098,0.0011109248202613887,0.0011460945724256753,39749,parameter_draws_1000,False
2018-06-01,False,2,C,2502,425483004.44,,,2502,none: population total,8813303.731262878,8654224.218289573,8953708.326966729,2502,parameter_draws_1000,0.02071364458578673,0.020339764756714177,0.021043633314452036,2502,parameter_draws_1000,False
2018-06-01,False,3,C,485,77877522.4,,,485,none: population total,16554297.700234542,16554297.700234542,16554297.700234542,485,parameter_draws_1000,0.21256836619952024,0.21256836619952024,0.21256836619952024,485,parameter_draws_1000,False
2018-06-01,False,1,D,24719,4221276122.48,,,24719,none: population total,6856891.226519983,6749227.6349009015,6962741.344873191,24719,parameter_draws_1000,0.001624364535170838,0.0015988595484096714,0.0016494399188420254,24719,parameter_draws_1000,False
2018-06-01,False,2,D,2359,381956739.86,,,2359,none: population total,11648867.502600377,11441401.311218461,11843411.383824177,2359,parameter_draws_1000,0.030497871321422627,0.029954704596683174,0.0310072061777603,2359,parameter_draws_1000,False
2018-06-01,False,3,D,543,91706663.54,,,543,none: population total,18891850.673188895,18891850.673188895,18891850.673188895,543,parameter_draws_1000,0.2060030312295548,0.2060030312295548,0.2060030312295548,543,parameter_draws_1000,False
2018-06-01,False,1,E,14998,2455037110.68,,,14998,none: population total,5186557.558146294,5101619.997348694,5275294.784760724,14998,parameter_draws_1000,0.002112618801395517,0.0020780215399414637,0.002148763764837577,14998,parameter_draws_1000,False
2018-06-01,False,2,E,2067,320777670.95,,,2067,none: population total,13039760.054335497,12795862.44987129,13266164.274171056,2067,parameter_draws_1000,0.04065046053772247,0.03989012829969015,0.041356258479222106,2067,parameter_draws_1000,False
2018-06-01,False,3,E,623,97024872.35,,,623,none: population total,21786367.59149491,21786367.59149491,21786367.59149491,623,parameter_draws_1000,0.2245441510389672,0.2245441510389672,0.2245441510389672,623,parameter_draws_1000,False
2018-06-01,False,1,F,6803,1114826952.06,,,6803,none: population total,3059599.2200323334,2996575.487952707,3119731.368613268,6803,parameter_draws_1000,0.002744461115134276,0.002687928814795492,0.0027983996644937266,6803,parameter_draws_1000,False
2018-06-01,False,2,F,1204,188401539.46,,,1204,none: population total,10008253.672728665,9816226.950194877,10190106.088720916,1204,parameter_draws_1000,0.05312193149490449,0.05210268970375894,0.05408716997710309,1204,parameter_draws_1000,False
2018-06-01,False,3,F,346,54920572.96,,,346,none: population total,12138062.057039432,12138062.057039432,12138062.057039432,346,parameter_draws_1000,0.22101120587142964,0.22101120587142964,0.22101120587142964,346,parameter_draws_1000,False
2018-06-01,False,1,G,2998,458258448.22,,,2998,none: population total,1784287.6702555246,1745242.0511718693,1826991.4673498047,2998,parameter_draws_1000,0.0038936274436100005,0.003808423080798319,0.0039868145899902875,2998,parameter_draws_1000,False
2018-06-01,False,2,G,759,114186229.84,,,759,none: population total,8206220.827908494,8035526.598248916,8369722.007419883,759,parameter_draws_1000,0.07186699166271811,0.07037211588042143,0.07329887342061914,759,parameter_draws_1000,False
2018-06-01,False,3,G,262,39568646.34,,,262,none: population total,8958756.196498364,8958756.196498364,8958756.196498364,262,parameter_draws_1000,0.22641047963882313,0.22641047963882313,0.22641047963882313,262,parameter_draws_1000,False
2018-09-01,False,1,A,148456,25932611029.72,,,148456,none: population total,6211708.193226065,6091462.489272403,6326877.99303944,148456,parameter_draws_1000,0.00023953269441735552,0.00023489584146738242,0.00024397381296424565,148456,parameter_draws_1000,False
2018-09-01,False,2,A,2313,392589946.95,,,2313,none: population total,1640767.017018322,1610063.4842862308,1671559.4185917275,2313,parameter_draws_1000,0.004179340377320688,0.004101132738611076,0.004257774381585518,2313,parameter_draws_1000,False
2018-09-01,False,3,A,230,31600094.35,,,230,none: population total,5980409.594663003,5980409.594663003,5980409.594663003,230,parameter_draws_1000,0.18925290312188586,0.18925290312188586,0.18925290312188586,230,parameter_draws_1000,False
2018-09-01,False,1,B,57728,11133459308.33,,,57728,none: population total,8145176.689394919,8016314.697660133,8287854.878325644,57728,parameter_draws_1000,0.000731594418573995,0.0007200201191432358,0.0007444096797591662,57728,parameter_draws_1000,False
2018-09-01,False,2,B,2129,368807738.61,,,2129,none: population total,5017578.800442378,4925602.738845523,5104071.709077916,2129,parameter_draws_1000,0.013604863117441997,0.013355475558646449,0.013839383436786493,2129,parameter_draws_1000,False
2018-09-01,False,3,B,331,54602750.41,,,331,none: population total,10484647.216753999,10484647.216753999,10484647.216753999,331,parameter_draws_1000,0.19201683318197524,0.19201683318197524,0.19201683318197524,331,parameter_draws_1000,False
2018-09-01,False,1,C,40631,7473786769.2,,,40631,none: population total,8421739.619919624,8290361.546359098,8551458.594599852,40631,parameter_draws_1000,0.0011268370211772972,0.0011092585060794428,0.0011441935472177255,40631,parameter_draws_1000,False
2018-09-01,False,2,C,2593,442481460.7,,,2593,none: population total,9389005.238141336,9209956.340168906,9543672.553562604,2593,parameter_draws_1000,0.021218979939381075,0.020814332708084252,0.021568525240503043,2593,parameter_draws_1000,False
2018-09-01,False,3,C,452,72556271.53,,,452,none: population total,15077180.974602647,15077180.974602647,15077180.974602647,452,parameter_draws_1000,0.2077998311747407,0.2077998311747407,0.2077998311747407,452,parameter_draws_1000,False
2018-09-01,False,1,D,25038,4315845817.35,,,25038,none: population total,7012221.608728077,6903953.957046401,7119144.652969919,25038,parameter_draws_1000,0.0016247618440256735,0.0015996757644334803,0.0016495363723028433,25038,parameter_draws_1000,False
2018-09-01,False,2,D,2481,400877105.25,,,2481,none: population total,12366052.813801082,12146853.47650395,12572147.686265586,2481,parameter_draws_1000,0.030847490794190427,0.030300691452381092,0.03136160065420844,2481,parameter_draws_1000,False
2018-09-01,False,3,D,524,88674345.73,,,524,none: population total,18499878.556180015,18499878.556180015,18499878.556180015,524,parameter_draws_1000,0.20862717851349422,0.20862717851349422,0.20862717851349422,524,parameter_draws_1000,False
2018-09-01,False,1,E,15070,2475935620.59,,,15070,none: population total,5226468.569190899,5141839.096505446,5312408.974368725,15070,parameter_draws_1000,0.0021109064895417045,0.002076725684523323,0.0021456167640993874,15070,parameter_draws_1000,False
2018-09-01,False,2,E,2180,344374149.48,,,2180,none: population total,13977824.813198118,13713133.388653357,14235700.642668432,2180,parameter_draws_1000,0.04058906521962938,0.03982044938436869,0.041337889804342554,2180,parameter_draws_1000,False
2018-09-01,False,3,E,564,86576522.58,,,564,none: population total,19453106.746874094,19453106.746874094,19453106.746874094,564,parameter_draws_1000,0.22469263221907168,0.22469263221907168,0.22469263221907168,564,parameter_draws_1000,False
2018-09-01,False,1,F,6857,1131000975.45,,,6857,none: population total,3083327.3426925866,3020667.901453213,3142843.425575011,6857,parameter_draws_1000,0.002726193354047108,0.0026707915970199374,0.0027788158399461534,6857,parameter_draws_1000,False
2018-09-01,False,2,F,1239,195259812.95,,,1239,none: population total,10507134.493774377,10305404.69526843,10696351.075335557,1239,parameter_draws_1000,0.053811044551522386,0.05277790928698332,0.05478009485789358,1239,parameter_draws_1000,False
2018-09-01,False,3,F,327,51712726.74,,,327,none: population total,11278988.420553952,11278988.420553952,11278988.420553952,327,parameter_draws_1000,0.21810856111421426,0.21810856111421426,0.21810856111421426,327,parameter_draws_1000,False
2018-09-01,False,1,G,2985,461285420.96,,,2985,none: population total,1775455.528907448,1736399.5675243172,1818122.6283850458,2985,parameter_draws_1000,0.0038489305064367194,0.003764262837335342,0.0039414266000457505,2985,parameter_draws_1000,False
2018-09-01,False,2,G,782,116789896.73,,,782,none: population total,8388677.898394173,8218445.937099807,8552656.581407359,782,parameter_draws_1000,0.07182708550370145,0.07036949399912194,0.07323113403533325,782,parameter_draws_1000,False
2018-09-01,False,3,G,255,38650535.35,,,255,none: population total,8668810.6640224,8668810.6640224,8668810.6640224,255,parameter_draws_1000,0.22428694934033816,0.22428694934033816,0.22428694934033816,255,parameter_draws_1000,False
2018-12-01,False,1,A,150825,26453473338.22,,,150825,none: population total,6404268.216382891,6279691.453581185,6523142.796081215,150825,parameter_draws_1000,0.00024209555148019065,0.00023738627337485703,0.00024658927440944294,150825,parameter_draws_1000,False
2018-12-01,False,2,A,2286,383069972.63,,,2286,none: population total,1571608.4703641166,1540622.2238332864,1603030.860433846,2286,parameter_draws_1000,0.004102666830224522,0.004021777570442317,0.004184694637974622,2286,parameter_draws_1000,False
2018-12-01,False,3,A,236,32795889.14,,,236,none: population total,6062901.784504971,6062901.784504971,6062901.784504971,236,parameter_draws_1000,0.1848677362770525,0.1848677362770525,0.1848677362770525,236,parameter_draws_1000,False
2018-12-01,False,1,B,59400,11523133545.96,,,59400,none: population total,8499780.120612364,8367040.554745813,8647652.626077231,59400,parameter_draws_1000,0.0007376274940068173,0.000726108095629881,0.0007504601583923403,59400,parameter_draws_1000,False
2018-12-01,False,2,B,2149,380095377.11,,,2149,none: population total,4885504.142240655,4795155.537172824,4971087.055306221,2149,parameter_draws_1000,0.012853363751453321,0.012615663925281313,0.013078525429862263,2149,parameter_draws_1000,False
2018-12-01,False,3,B,303,48801537.48,,,303,none: population total,9312425.979088001,9312425.979088001,9312425.979088001,303,parameter_draws_1000,0.190822389210677,0.190822389210677,0.190822389210677,303,parameter_draws_1000,False
2018-12-01,False,1,C,41868,7754516210.75,,,41868,none: population total,8791013.45531495,8654235.132546058,8926784.460558958,41868,parameter_draws_1000,0.0011336636891838673,0.0011160251519687053,0.0011511723256421664,41868,parameter_draws_1000,False
2018-12-01,False,2,C,2562,439821261.8,,,2562,none: population total,9425779.137215555,9251092.881975723,9577911.246097013,2562,parameter_draws_1000,0.02143093105285515,0.021033755494481925,0.021776826356458362,2562,parameter_draws_1000,False
2018-12-01,False,3,C,426,69465521.53,,,426,none: population total,14182658.165403772,14182658.165403772,14182658.165403772,426,parameter_draws_1000,0.20416831045137585,0.20416831045137585,0.20416831045137585,426,parameter_draws_1000,False
2018-12-01,False,1,D,25597,4455567172.29,,,25597,none: population total,7263584.966421627,7151050.10549405,7372520.286395236,25597,parameter_draws_1000,0.0016302267894411314,0.0016049696545857865,0.0016546760493807184,25597,parameter_draws_1000,False
2018-12-01,False,2,D,2490,405353458.11,,,2490,none: population total,12380007.917285679,12155500.728447411,12582584.199655548,2490,parameter_draws_1000,0.03054126631855732,0.0299874109502448,0.031041018518315033,2490,parameter_draws_1000,False
2018-12-01,False,3,D,510,85650763.92999999,,,510,none: population total,17778183.257851254,17778183.257851254,17778183.257851254,510,parameter_draws_1000,0.20756596254507284,0.20756596254507284,0.20756596254507284,510,parameter_draws_1000,False
2018-12-01,False,1,E,15327,2526360465.81,,,15327,none: population total,5351479.120424987,5267037.2268266175,5437805.578428792,15327,parameter_draws_1000,0.0021182563584445577,0.0020848320333171078,0.0021524266437906465,15327,parameter_draws_1000,False
2018-12-01,False,2,E,2177,346722129.8,,,2177,none: population total,14043886.305901924,13784009.596690483,14293925.187667094,2177,parameter_draws_1000,0.040504730153806075,0.03975520571658211,0.04122588078214757,2177,parameter_draws_1000,False
2018-12-01,False,3,E,525,79915672.67,,,525,none: population total,17715038.880131718,17715038.880131718,17715038.880131718,525,parameter_draws_1000,0.2216716482295452,0.2216716482295452,0.2216716482295452,525,parameter_draws_1000,False
2018-12-01,False,1,F,6947,1152077934.38,,,6947,none: population total,3157602.31978304,3094588.389496826,3217587.8233705363,6947,parameter_draws_1000,0.0027407888178001853,0.0026860929257899583,0.0027928560450227757,6947,parameter_draws_1000,False
2018-12-01,False,2,F,1178,186130849.61,,,1178,none: population total,9906825.206028603,9721056.362217968,10086897.42982207,1178,parameter_draws_1000,0.053225057677361784,0.05222700257687804,0.054192507319217355,1178,parameter_draws_1000,False
2018-12-01,False,3,F,322,50240226.34,,,322,none: population total,11087425.495457679,11087425.495457679,11087425.495457679,322,parameter_draws_1000,0.22068820750176737,0.22068820750176737,0.22068820750176737,322,parameter_draws_1000,False
2018-12-01,False,1,G,3029,473007026.4,,,3029,none: population total,1810716.3616460671,1771919.2122617553,1853457.7907231585,3029,parameter_draws_1000,0.003828096118206136,0.0037460737650085686,0.0039184572052335135,3029,parameter_draws_1000,False
2018-12-01,False,2,G,739,111892951.68,,,739,none: population total,7843420.397469997,7679091.81903907,8003772.40417978,739,parameter_draws_1000,0.07009753768853295,0.06862891454504053,0.07153062175953297,739,parameter_draws_1000,False
2018-12-01,False,3,G,251,37682116.12,,,251,none: population total,8140803.328701443,8140803.328701443,8140803.328701443,251,parameter_draws_1000,0.21603891094589206,0.21603891094589206,0.21603891094589206,251,parameter_draws_1000,False
2019-03-01,False,1,A,153277,26977187468.78,,,153277,none: population total,6608542.805579679,6479035.03780144,6731628.422526605,153277,parameter_draws_1000,0.00024496782006009986,0.00024016717996638677,0.00024953040157788664,153277,parameter_draws_1000,False
2019-03-01,False,2,A,2203,372917343.75,,,2203,none: population total,1456886.7536881606,1429652.6260599757,1484883.6071490685,2203,parameter_draws_1000,0.003906728335662615,0.003833698405345288,0.003981803560588803,2203,parameter_draws_1000,False
2019-03-01,False,3,A,249,35627573.21,,,249,none: population total,6379241.282146686,6379241.282146686,6379241.282146686,249,parameter_draws_1000,0.17905348883982225,0.17905348883982225,0.17905348883982225,249,parameter_draws_1000,False
2019-03-01,False,1,B,60950,11894120110.45,,,60950,none: population total,8853457.083549986,8716228.282982707,9005945.171955688,60950,parameter_draws_1000,0.0007443557826334263,0.0007328182498615225,0.0007571762424059596,60950,parameter_draws_1000,False
2019-03-01,False,2,B,2116,374823795.73,,,2116,none: population total,4773288.499532197,4682778.412510752,4858717.798699405,2116,parameter_draws_1000,0.012734753113088316,0.012493279417841277,0.012962671671462733,2116,parameter_draws_1000,False
2019-03-01,False,3,B,289,46450524.97,,,289,none: population total,8842588.12356918,8842588.12356918,8842588.12356918,289,parameter_draws_1000,0.19036573061940962,0.19036573061940962,0.19036573061940962,289,parameter_draws_1000,False
2019-03-01,False,1,C,43105,8019927206.32,,,43105,none: population total,9172770.127297878,9031041.977871837,9314170.246393545,43105,parameter_draws_1000,0.001143747304847031,0.0011260753053662434,0.0011613784024191184,43105,parameter_draws_1000,False
2019-03-01,False,2,C,2546,443340866.61,,,2546,none: population total,9043730.264730688,8873073.386464242,9189840.74462713,2546,parameter_draws_1000,0.020399044946800077,0.020014111160814203,0.02072861185772727,2546,parameter_draws_1000,False
2019-03-01,False,3,C,422,67817722.72,,,422,none: population total,13844992.275577636,13844992.275577636,13844992.275577636,422,parameter_draws_1000,0.20415006166956762,0.20415006166956762,0.20415006166956762,422,parameter_draws_1000,False
2019-03-01,False,1,D,26165,4565526249.45,,,26165,none: population total,7515690.431034963,7399825.920701361,7627342.005304091,26165,parameter_draws_1000,0.0016461827225153648,0.0016208045943428325,0.0016706380795035278,26165,parameter_draws_1000,False
2019-03-01,False,2,D,2448,401783038.33,,,2448,none: population total,12470964.42518238,12258344.799802177,12665525.705927191,2448,parameter_draws_1000,0.03103905151650402,0.03050986136884634,0.031523296151502796,2448,parameter_draws_1000,False
2019-03-01,False,3,D,505,82044313.12,,,505,none: population total,17018181.840565156,17018181.840565156,17018181.840565156,505,parameter_draws_1000,0.20742670873085317,0.20742670873085317,0.20742670873085317,505,parameter_draws_1000,False
2019-03-01,False,1,E,15554,2572067692.88,,,15554,none: population total,5516203.91604885,5429214.405288132,5605320.759784975,15554,parameter_draws_1000,0.0021446573631474825,0.0021108365150409097,0.002179305301840083,15554,parameter_draws_1000,False
2019-03-01,False,2,E,2136,335701543.33,,,2136,none: population total,13386423.4216823,13141092.879002219,13624874.403068041,2136,parameter_draws_1000,0.0398759662791399,0.039145166711623706,0.04058627275858119,2136,parameter_draws_1000,False
2019-03-01,False,3,E,522,81353186.07,,,522,none: population total,17477208.47223807,17477208.47223807,17477208.47223807,522,parameter_draws_1000,0.2148312723388594,0.2148312723388594,0.2148312723388594,522,parameter_draws_1000,False
2019-03-01,False,1,F,7083,1175353938.44,,,7083,none: population total,3228163.332211626,3164416.659965506,3288860.9360803263,7083,parameter_draws_1000,0.002746545722640992,0.002692309572864076,0.0027981877020342477,7083,parameter_draws_1000,False
2019-03-01,False,2,F,1176,190084134.57,,,1176,none: population total,9931252.21230288,9750548.016977167,10104945.660817094,1176,parameter_draws_1000,0.052246612978873404,0.0512959592289721,0.05316038439334277,1176,parameter_draws_1000,False
2019-03-01,False,3,F,321,50976430.49,,,321,none: population total,11254365.550006181,11254365.550006181,11254365.550006181,321,parameter_draws_1000,0.22077586527393164,0.22077586527393164,0.22077586527393164,321,parameter_draws_1000,False
2019-03-01,False,1,G,3038,476116977.54,,,3038,none: population total,1829891.795727642,1790829.0129691835,1872877.290706867,3038,parameter_draws_1000,0.003843365983675529,0.0037613214765456053,0.00393364945813032,3038,parameter_draws_1000,False
2019-03-01,False,2,G,706,105874385.51,,,706,none: population total,7419806.973590941,7263434.447297714,7569594.803674236,706,parameter_draws_1000,0.07008122822011684,0.06860426544446552,0.07149599751829752,706,parameter_draws_1000,False
2019-03-01,False,3,G,249,38852056.68,,,249,none: population total,8355523.679699083,8355523.679699083,8355523.679699083,249,parameter_draws_1000,0.21506000952583504,0.21506000952583504,0.21506000952583504,249,parameter_draws_1000,False
2019-06-01,False,1,A,153891,27265734233.7,,,153891,none: population total,6635219.84543888,6506964.030828059,6759286.183032582,153891,parameter_draws_1000,0.00024335379302706827,0.00023864987368598192,0.0002479040588123321,153891,parameter_draws_1000,False
2019-06-01,False,2,A,2852,459518368.46,,,2852,none: population total,2201352.8270601523,2163460.6051997584,2240014.7299642293,2852,parameter_draws_1000,0.004790565466267699,0.004708104732462033,0.004874701173472715,2852,parameter_draws_1000,False
2019-06-01,False,3,A,249,34848773.28,,,249,none: population total,6272805.416610155,6272805.416610155,6272805.416610155,249,parameter_draws_1000,0.18000075257197562,0.18000075257197562,0.18000075257197562,249,parameter_draws_1000,False
2019-06-01,False,1,B,61849,12172415803.78,,,61849,none: population total,8988254.50081698,8848497.555285478,9143279.643927172,61849,parameter_draws_1000,0.0007384117208702141,0.0007269302739837133,0.000751147495395929,61849,parameter_draws_1000,False
2019-06-01,False,2,B,2293,400039597.56,,,2293,none: population total,5570922.365586132,5482261.216047632,5658909.678259989,2293,parameter_draws_1000,0.013925927332107608,0.013704296398371849,0.014145873840429599,2293,parameter_draws_1000,False
2019-06-01,False,3,B,292,47573294.71,,,292,none: population total,8809480.189524269,8809480.189524269,8809480.189524269,292,parameter_draws_1000,0.1851770040991611,0.1851770040991611,0.1851770040991611,292,parameter_draws_1000,False
2019-06-01,False,1,C,43636,8163357922.03,,,43636,none: population total,9288673.152335709,9143947.848378532,9431246.23237746,43636,parameter_draws_1000,0.001137849551747435,0.0011201209031521538,0.0011553145559042414,43636,parameter_draws_1000,False
2019-06-01,False,2,C,2649,461660166.09,,,2649,none: population total,10015796.903182011,9860956.229255538,10157319.563994573,2649,parameter_draws_1000,0.02169517242089595,0.021359772736669592,0.02200172401708667,2649,parameter_draws_1000,False
2019-06-01,False,3,C,402,66983420.02,,,402,none: population total,13666005.66245494,13666005.66245494,13666005.66245494,402,parameter_draws_1000,0.20402072122287165,0.20402072122287165,0.20402072122287165,402,parameter_draws_1000,False
2019-06-01,False,1,D,26418,4626836690.52,,,26418,none: population total,7588390.048168701,7471812.406905429,7701200.794947124,26418,parameter_draws_1000,0.0016400816704243474,0.0016148856998161498,0.0016644635006734165,26418,parameter_draws_1000,False
2019-06-01,False,2,D,2481,408851887.99,,,2481,none: population total,12749829.215524273,12543547.002315031,12936223.797336267,2481,parameter_draws_1000,0.03118446946204665,0.03067992926235877,0.031640367031037585,2481,parameter_draws_1000,False
2019-06-01,False,3,D,487,78533125.26,,,487,none: population total,15715054.792399824,15715054.792399824,15715054.792399824,487,parameter_draws_1000,0.20010733993295077,0.20010733993295077,0.20010733993295077,487,parameter_draws_1000,False
2019-06-01,False,1,E,15695,2609731347.54,,,15695,none: population total,5562298.63575227,5474627.864048426,5652535.439434092,15695,parameter_draws_1000,0.0021313682885387556,0.002097774496677197,0.0021659453356232695,15695,parameter_draws_1000,False
2019-06-01,False,2,E,2098,328007951.84,,,2098,none: population total,13713065.961784318,13483984.90052841,13925426.843754528,2098,parameter_draws_1000,0.04180711438506057,0.04110871344700145,0.04245454040256699,2098,parameter_draws_1000,False
2019-06-01,False,3,E,494,77652058.76,,,494,none: population total,16662058.108976139,16662058.108976139,16662058.108976139,494,parameter_draws_1000,0.21457329496534958,0.21457329496534958,0.21457329496534958,494,parameter_draws_1000,False
2019-06-01,False,1,F,7086,1173938913.96,,,7086,none: population total,3224843.2782628867,3161620.139899897,3285166.464912069,7086,parameter_draws_1000,0.002747028180013775,0.002693172619378408,0.0027984134658509204,7086,parameter_draws_1000,False
2019-06-01,False,2,F,1188,192591786.96,,,1188,none: population total,10246712.98924376,10075870.018360304,10413202.577800432,1188,parameter_draws_1000,0.05320430923345622,0.052317236250853175,0.054068778020960905,1188,parameter_draws_1000,False
2019-06-01,False,3,F,307,49033612.03,,,307,none: population total,10781874.89650214,10781874.89650214,10781874.89650214,307,parameter_draws_1000,0.21988742925782254,0.21988742925782254,0.21988742925782254,307,parameter_draws_1000,False
2019-06-01,False,1,G,2985,467347473.88,,,2985,none: population total,1786331.653157003,1747685.032683802,1828601.8085269835,2985,parameter_draws_1000,0.0038222773268175966,0.003739583779439775,0.003912724280599215,2985,parameter_draws_1000,False
2019-06-01,False,2,G,707,106976779.02,,,707,none: population total,7880963.579389369,7733017.286717565,8027673.137111538,707,parameter_draws_1000,0.07366985294926455,0.07228687718548553,0.07504126793358316,707,parameter_draws_1000,False
2019-06-01,False,3,G,235,37600420.05,,,235,none: population total,8050577.805366125,8050577.805366125,8050577.805366125,235,parameter_draws_1000,0.21410871992016817,0.21410871992016817,0.21410871992016817,235,parameter_draws_1000,False
2019-09-01,False,1,A,153425,27249740826.62,,,153425,none: population total,6614907.457386804,6486955.375939959,6739583.656603543,153425,parameter_draws_1000,0.00024275120631330068,0.00023805567242690678,0.0002473265231946614,153425,parameter_draws_1000,False
2019-09-01,False,2,A,2899,464384214.38,,,2899,none: population total,1740808.2922853727,1711567.2951666985,1770661.9682971952,2899,parameter_draws_1000,0.0037486379562008333,0.0036856707057792964,0.0038129245427974082,2899,parameter_draws_1000,False
2019-09-01,False,3,A,250,34446794.39,,,250,none: population total,6330245.611302165,6330245.611302165,6330245.611302165,250,parameter_draws_1000,0.18376878671589403,0.18376878671589403,0.18376878671589403,250,parameter_draws_1000,False
2019-09-01,False,1,B,61785,12164112798.46,,,61785,none: population total,8961130.499712128,8821737.397436842,9115455.91102861,61785,parameter_draws_1000,0.000736685909460378,0.0007252265367478089,0.0007493728529204897,61785,parameter_draws_1000,False
2019-09-01,False,2,B,2267,400895087.84,,,2267,none: population total,5370679.766806995,5288231.602152943,5451843.9389646575,2267,parameter_draws_1000,0.013396721311163758,0.01319106110939307,0.013599178698693676,2267,parameter_draws_1000,False
2019-09-01,False,3,B,295,48248503.94,,,295,none: population total,8877528.814421916,8877528.814421916,8877528.814421916,295,parameter_draws_1000,0.18399593955206722,0.18399593955206722,0.18399593955206722,295,parameter_draws_1000,False
2019-09-01,False,1,C,43447,8134031334.25,,,43447,none: population total,9229219.72306023,9084836.49834741,9371325.72637233,43447,parameter_draws_1000,0.0011346427550873472,0.001116892242607162,0.0011521133053560353,43447,parameter_draws_1000,False
2019-09-01,False,2,C,2647,463656048.85,,,2647,none: population total,9494745.00970584,9361918.219320474,9625278.844205463,2647,parameter_draws_1000,0.020477992324818214,0.020191515332412282,0.020759523936070532,2647,parameter_draws_1000,False
2019-09-01,False,3,C,395,65604996.72,,,395,none: population total,13144344.708422089,13144344.708422089,13144344.708422089,395,parameter_draws_1000,0.20035584735293452,0.20035584735293452,0.20035584735293452,395,parameter_draws_1000,False
2019-09-01,False,1,D,26255,4601516913.15,,,26255,none: population total,7533080.687947351,7417841.1576107135,7644755.705322473,26255,parameter_draws_1000,0.0016370863848005567,0.0016120425715294784,0.001661355559397304,26255,parameter_draws_1000,False
2019-09-01,False,2,D,2460,404608343.46,,,2460,none: population total,12280643.725910764,12090271.206007121,12454878.215766706,2460,parameter_draws_1000,0.03035192903065985,0.029881418417172057,0.030782554084918444,2460,parameter_draws_1000,False
2019-09-01,False,3,D,481,79227688.47,,,481,none: population total,15766134.04105374,15766134.04105374,15766134.04105374,481,parameter_draws_1000,0.19899777900277468,0.19899777900277468,0.19899777900277468,481,parameter_draws_1000,False
2019-09-01,False,1,E,15541,2567924884.81,,,15541,none: population total,5485742.198526235,5399346.644281409,5574181.801320994,15541,parameter_draws_1000,0.0021362549313556434,0.002102610818649746,0.0021706950364061865,15541,parameter_draws_1000,False
2019-09-01,False,2,E,2034,324452821.14,,,2034,none: population total,13090375.654659245,12884118.702508131,13289239.59376706,2034,parameter_draws_1000,0.04034600657397522,0.0397102995043729,0.04095892754784466,2034,parameter_draws_1000,False
2019-09-01,False,3,E,494,76767777.13,,,494,none: population total,16478741.964526141,16478741.964526141,16478741.964526141,494,parameter_draws_1000,0.21465701601103715,0.21465701601103715,0.21465701601103715,494,parameter_draws_1000,False
2019-09-01,False,1,F,7039,1162468736.6,,,7039,none: population total,3192567.7337233853,3130309.8422610816,3252338.730360513,7039,parameter_draws_1000,0.002746368683480503,0.0026928120677177456,0.0027977859773442044,7039,parameter_draws_1000,False
2019-09-01,False,2,F,1169,187166650.61,,,1169,none: population total,9730868.839117888,9562565.174899021,9892951.074588124,1169,parameter_draws_1000,0.05199039897013567,0.05109118074044388,0.05285637715023341,1169,parameter_draws_1000,False
2019-09-01,False,3,F,301,49515028.36,,,301,none: population total,10669087.05143604,10669087.05143604,10669087.05143604,301,parameter_draws_1000,0.2154716942473754,0.2154716942473754,0.2154716942473754,301,parameter_draws_1000,False
2019-09-01,False,1,G,2935,457576672.42,,,2935,none: population total,1741502.7403003615,1704211.9465608613,1782070.6761087724,2935,parameter_draws_1000,0.003805925531758474,0.003724429258047056,0.0038945837572616623,2935,parameter_draws_1000,False
2019-09-01,False,2,G,680,103682593.8,,,680,none: population total,7538389.336128179,7398941.475141755,7674444.651952107,680,parameter_draws_1000,0.07270641155707834,0.07136146197706095,0.07401864064816738,680,parameter_draws_1000,False
2019-09-01,False,3,G,216,33861016.11,,,216,none: population total,7004473.318031634,7004473.318031634,7004473.318031634,216,parameter_draws_1000,0.20685951346755477,0.20685951346755477,0.20685951346755477,216,parameter_draws_1000,False
2019-12-01,False,1,A,153073,27322307780.39,,,153073,none: population total,6482101.267923181,6357231.888755701,6604664.729344923,153073,parameter_draws_1000,0.00023724574512609694,0.0002326755096916984,0.00024173158367263837,153073,parameter_draws_1000,False
2019-12-01,False,2,A,3028,485989414.65,,,3028,none: population total,1869535.2719345426,1838488.6318203276,1901267.0997692992,3028,parameter_draws_1000,0.003846864181766068,0.0037829808148071927,0.003912157430709791,3028,parameter_draws_1000,False
2019-12-01,False,3,A,227,32459649.88,,,227,none: population total,5603707.365732758,5603707.365732758,5603707.365732758,227,parameter_draws_1000,0.17263610009501307,0.17263610009501307,0.17263610009501307,227,parameter_draws_1000,False
2019-12-01,False,1,B,61550,12147126860.27,,,61550,none: population total,8786693.360825257,8649192.619653909,8936986.251064047,61550,parameter_draws_1000,0.0007233556924118558,0.0007120360822066576,0.0007357284034214326,61550,parameter_draws_1000,False
2019-12-01,False,2,B,2307,413158646.09,,,2307,none: population total,5424521.553489254,5342716.491599163,5504575.551986094,2307,parameter_draws_1000,0.013129391348396493,0.012931392195615187,0.01332315226627742,2307,parameter_draws_1000,False
2019-12-01,False,3,B,306,50779001.14,,,306,none: population total,9380581.488768796,9380581.488768796,9380581.488768796,306,parameter_draws_1000,0.18473347797657752,0.18473347797657752,0.18473347797657752,306,parameter_draws_1000,False
2019-12-01,False,1,C,43062,8061522404.81,,,43062,none: population total,9014629.997594872,8873190.52645557,9154511.920674248,43062,parameter_draws_1000,0.0011182292307736054,0.0011006842232630003,0.0011355810306018753,43062,parameter_draws_1000,False
2019-12-01,False,2,C,2624,459676650.33,,,2624,none: population total,9280913.919613983,9152202.154520383,9406706.366239952,2624,parameter_draws_1000,0.020190092128784993,0.01991008711873891,0.020463746330136447,2624,parameter_draws_1000,False
2019-12-01,False,3,C,420,71237069.61,,,420,none: population total,14206401.019683925,14206401.019683925,14206401.019683925,420,parameter_draws_1000,0.1994242758364345,0.1994242758364345,0.1994242758364345,420,parameter_draws_1000,False
2019-12-01,False,1,D,25930,4530767942.86,,,25930,none: population total,7309125.180504641,7197886.556748093,7418370.874704127,25930,parameter_draws_1000,0.0016132199381394122,0.0015886681126741843,0.0016373318978727828,25930,parameter_draws_1000,False
2019-12-01,False,2,D,2436,408116511.86,,,2436,none: population total,12580704.642572412,12402284.732573552,12743839.728204677,2436,parameter_draws_1000,0.030826257397025113,0.030389078540463518,0.031225984143901323,2436,parameter_draws_1000,False
2019-12-01,False,3,D,489,79387272.65,,,489,none: population total,15997982.542615121,15997982.542615121,15997982.542615121,489,parameter_draws_1000,0.20151822840855738,0.20151822840855738,0.20151822840855738,489,parameter_draws_1000,False
2019-12-01,False,1,E,15227,2503770193.47,,,15227,none: population total,5291573.251528326,5208196.744186898,5376930.963484891,15227,parameter_draws_1000,0.0021134420664201147,0.002080141683038732,0.002147533738323224,15227,parameter_draws_1000,False
2019-12-01,False,2,E,2030,322878977.25,,,2030,none: population total,13427030.845762745,13233271.497717127,13612619.605293453,2030,parameter_draws_1000,0.04158533627714762,0.0409852372874398,0.04216012984565861,2030,parameter_draws_1000,False
2019-12-01,False,3,E,490,75948888.21,,,490,none: population total,16168954.690106567,16168954.690106567,16168954.690106567,490,parameter_draws_1000,0.21289257909081075,0.21289257909081075,0.21289257909081075,490,parameter_draws_1000,False
2019-12-01,False,1,F,6952,1138058815.95,,,6952,none: population total,3099920.732130076,3039602.282899573,3157625.2529666945,6952,parameter_draws_1000,0.002723866893946428,0.0026708657235454485,0.0027745712336764,6952,parameter_draws_1000,False
2019-12-01,False,2,F,1132,184298222.12,,,1132,none: population total,9840440.048200602,9687704.184068196,9991489.472933564,1132,parameter_draws_1000,0.05339411273209846,0.052565369717784645,0.05421370514593418,1132,parameter_draws_1000,False
2019-12-01,False,3,F,294,49880105.45,,,294,none: population total,10526722.288846895,10526722.288846895,10526722.288846895,294,parameter_draws_1000,0.21104049788745774,0.21104049788745774,0.21104049788745774,294,parameter_draws_1000,False
2019-12-01,False,1,G,2866,441333147.8,,,2866,none: population total,1653459.7760168854,1617908.7894870967,1691879.0484633213,2866,parameter_draws_1000,0.003746511641509846,0.0036659580127896677,0.003833564410235585,2866,parameter_draws_1000,False
2019-12-01,False,2,G,674,104768692.74,,,674,none: population total,7558487.234347722,7423763.0349538475,7692132.3472067015,674,parameter_draws_1000,0.07214452177145417,0.07085860137032618,0.0734201424684752,674,parameter_draws_1000,False
2019-12-01,False,3,G,205,32500607.71,,,205,none: population total,6761081.81455834,6761081.81455834,6761081.81455834,205,parameter_draws_1000,0.20802939670811282,0.20802939670811282,0.20802939670811282,205,parameter_draws_1000,False
2020-03-01,False,1,A,151818,27034764885.49,,,151818,none: population total,6268383.671989073,6146901.0600372385,6387186.339622326,151818,parameter_draws_1000,0.0002318638130769695,0.00022737024294730893,0.00023625825364771095,151818,parameter_draws_1000,False
2020-03-01,False,2,A,3106,500260317.95,,,3106,none: population total,1878037.821263718,1846146.2562736887,1910422.3783873962,3106,parameter_draws_1000,0.003754121112303423,0.003690371172830477,0.003818856522971984,3106,parameter_draws_1000,False
2020-03-01,False,3,A,237,33611806.71,,,237,none: population total,5586904.682749216,5586904.682749216,5586904.682749216,237,parameter_draws_1000,0.16621851752726613,0.16621851752726613,0.16621851752726613,237,parameter_draws_1000,False
2020-03-01,False,1,B,61148,12045633622.33,,,61148,none: population total,8551609.787378574,8417605.944042593,8698966.222475784,61148,parameter_draws_1000,0.0007099344090563853,0.0006988097270730677,0.0007221675916117672,61148,parameter_draws_1000,False
2020-03-01,False,2,B,2365,428995459.1,,,2365,none: population total,5637792.897624669,5554535.2905503865,5721167.562763273,2365,parameter_draws_1000,0.013141847490535987,0.012947771760109958,0.013336196086471052,2365,parameter_draws_1000,False
2020-03-01,False,3,B,282,48533731.62,,,282,none: population total,8609205.874650326,8609205.874650326,8609205.874650326,282,parameter_draws_1000,0.17738602797034064,0.17738602797034064,0.17738602797034064,282,parameter_draws_1000,False
2020-03-01,False,1,C,42709,7966993677.53,,,42709,none: population total,8773432.198729571,8634565.86069804,8910200.609144496,42709,parameter_draws_1000,0.0011012224377024472,0.001083792232075049,0.001118389315944194,42709,parameter_draws_1000,False
2020-03-01,False,2,C,2654,463875770.79,,,2654,none: population total,9673593.820714168,9540147.393621905,9801722.503430055,2654,parameter_draws_1000,0.020853845856703464,0.02056616877698663,0.02113005921119206,2654,parameter_draws_1000,False
2020-03-01,False,3,C,386,67703607.46,,,386,none: population total,13295594.47439434,13295594.47439434,13295594.47439434,386,parameter_draws_1000,0.19637940980101418,0.19637940980101418,0.19637940980101418,386,parameter_draws_1000,False
2020-03-01,False,1,D,25594,4443001452.06,,,25594,none: population total,7101783.884483825,6994368.567267027,7208854.588748019,25594,parameter_draws_1000,0.0015984203383933352,0.001574244042622152,0.0016225190710675167,25594,parameter_draws_1000,False
2020-03-01,False,2,D,2402,405868948.46,,,2402,none: population total,12274291.977989238,12096313.669468716,12437903.034197792,2402,parameter_draws_1000,0.030242007979575502,0.02980349621562847,0.03064512099630011,2402,parameter_draws_1000,False
2020-03-01,False,3,D,491,80379080.77,,,491,none: population total,15781962.674862267,15781962.674862267,15781962.674862267,491,parameter_draws_1000,0.19634415476859488,0.19634415476859488,0.19634415476859488,491,parameter_draws_1000,False
2020-03-01,False,1,E,15101,2468116788.03,,,15101,none: population total,5144337.884144242,5062861.183198904,5227679.169034157,15101,parameter_draws_1000,0.0020843170424890414,0.002051305354654621,0.0021180841986034146,15101,parameter_draws_1000,False
2020-03-01,False,2,E,1956,309224120.92,,,1956,none: population total,12739653.783792919,12556626.302265089,12914533.681383373,1956,parameter_draws_1000,0.04119877112396681,0.04060687848317512,0.04176431529002396,1956,parameter_draws_1000,False
2020-03-01,False,3,E,482,77192814.42,,,482,none: population total,15841387.089108676,15841387.089108676,15841387.089108676,482,parameter_draws_1000,0.2052184158348851,0.2052184158348851,0.2052184158348851,482,parameter_draws_1000,False
2020-03-01,False,1,F,6844,1117880373.06,,,6844,none: population total,2994006.9652032806,2935531.935038089,3049753.233284909,6844,parameter_draws_1000,0.0026782892314387054,0.002625980387331239,0.002728157061150245,6844,parameter_draws_1000,False
2020-03-01,False,2,F,1147,185430565.26,,,1147,none: population total,9977873.005369153,9823376.287060497,10126962.515654078,1147,parameter_draws_1000,0.05380921420035989,0.05297603592636806,0.05461323218992855,1147,parameter_draws_1000,False
2020-03-01,False,3,F,277,48611843.58,,,277,none: population total,10156835.768542254,10156835.768542254,10156835.768542254,277,parameter_draws_1000,0.20893747326877773,0.20893747326877773,0.20893747326877773,277,parameter_draws_1000,False
2020-03-01,False,1,G,2827,429961198.45,,,2827,none: population total,1586089.1240504624,1551646.9646745943,1623099.7448840414,2827,parameter_draws_1000,0.0036889122315415354,0.0036088069580888817,0.00377499121021915,2827,parameter_draws_1000,False
2020-03-01,False,2,G,639,101015013.37,,,639,none: population total,7200755.927237241,7068643.803111022,7329389.086970304,639,parameter_draws_1000,0.07128401696945932,0.06997617054427185,0.07255742332205667,639,parameter_draws_1000,False
2020-03-01,False,3,G,204,32686255.71,,,204,none: population total,6756104.750662295,6756104.750662295,6756104.750662295,204,parameter_draws_1000,0.20669558515983033,0.20669558515983033,0.20669558515983033,204,parameter_draws_1000,False
2020-06-01,False,1,A,143863,25351512272.17,,,143863,none: population total,5855761.701471463,5745289.160496411,5965917.840643981,143863,parameter_draws_1000,0.0002309827373848507,0.00022662510617969673,0.00023532788800110973,143863,parameter_draws_1000,False
2020-06-01,False,2,A,6469,1267706937.7,,,6469,none: population total,23468259.124825493,22967674.425381124,23984720.07134201,6469,parameter_draws_1000,0.018512369402508708,0.0181174952525316,0.018919767146543722,6469,parameter_draws_1000,False
2020-06-01,False,3,A,252,36681002.38,,,252,none: population total,5871106.484397987,5871106.484397987,5871106.484397987,252,parameter_draws_1000,0.16005850722332376,0.16005850722332376,0.16005850722332376,252,parameter_draws_1000,False
2020-06-01,False,1,B,55531,10716400267.2,,,55531,none: population total,7684220.262921005,7565060.171387626,7816500.159150459,55531,parameter_draws_1000,0.0007170523749882992,0.0007059329609535234,0.0007293960625075426,55531,parameter_draws_1000,False
2020-06-01,False,2,B,5233,1126234342.84,,,5233,none: population total,48189719.89958323,47552078.25540528,48877855.32015776,5233,parameter_draws_1000,0.04278835946173004,0.042222188088754484,0.04339936499974203,5233,parameter_draws_1000,False
2020-06-01,False,3,B,290,50320618.46,,,290,none: population total,9107991.019218529,9107991.019218529,9107991.019218529,290,parameter_draws_1000,0.18099918677387672,0.18099918677387672,0.18099918677387672,290,parameter_draws_1000,False
2020-06-01,False,1,C,38319,6944512278.71,,,38319,none: population total,7775269.285936309,7653456.673098345,7894972.416906544,38319,parameter_draws_1000,0.0011196278404997837,0.0011020869955924446,0.001136864922985362,38319,parameter_draws_1000,False
2020-06-01,False,2,C,5297,1094742164.97,,,5297,none: population total,60965818.308215566,60308678.03667244,61577205.69756405,5297,parameter_draws_1000,0.05568965940933339,0.055089389964554,0.056248135559162915,5297,parameter_draws_1000,False
2020-06-01,False,3,C,388,69826789.1,,,388,none: population total,13447232.603928588,13447232.603928588,13447232.603928588,388,parameter_draws_1000,0.1925798504735855,0.1925798504735855,0.1925798504735855,388,parameter_draws_1000,False
2020-06-01,False,1,D,22739,3830355323.47,,,22739,none: population total,6238862.171432121,6144186.491185253,6331748.688560442,22739,parameter_draws_1000,0.0016287946272776081,0.001604077421626541,0.0016530447318460204,22739,parameter_draws_1000,False
2020-06-01,False,2,D,4311,826789612.09,,,4311,none: population total,56875776.02954101,56400237.93297654,57351268.86248075,4311,parameter_draws_1000,0.06879111106121373,0.06821594890434726,0.06936621847183755,4311,parameter_draws_1000,False
2020-06-01,False,3,D,496,79337448.31,,,496,none: population total,15431879.799553063,15431879.799553063,15431879.799553063,496,parameter_draws_1000,0.19450940417512733,0.19450940417512733,0.19450940417512733,496,parameter_draws_1000,False
2020-06-01,False,1,E,13358,2107351883.08,,,13358,none: population total,4497066.170332903,4425809.18625957,4569599.635682199,13358,parameter_draws_1000,0.0021339892053339553,0.0021001756857953065,0.002168408452509365,13358,parameter_draws_1000,False
2020-06-01,False,2,E,3142,545174281.12,,,3142,none: population total,42795179.97775776,42443141.23111177,43138499.48324989,3142,parameter_draws_1000,0.0784981637245246,0.07785242756484596,0.07912790639101065,3142,parameter_draws_1000,False
2020-06-01,False,3,E,457,73843816.45,,,457,none: population total,15340145.41117629,15340145.41117629,15340145.41117629,457,parameter_draws_1000,0.20773771114014908,0.20773771114014908,0.20773771114014908,457,parameter_draws_1000,False
2020-06-01,False,1,F,5964,939238868.88,,,5964,none: population total,2561605.0905806613,2511385.1079222295,2609080.9546899665,5964,parameter_draws_1000,0.0027273201476800675,0.0026738513397736004,0.002777867314840982,5964,parameter_draws_1000,False
2020-06-01,False,2,F,1729,305704526.17,,,1729,none: population total,28093233.84188963,27868580.3283928,28311038.040604185,1729,parameter_draws_1000,0.09189668924387201,0.09116181784268149,0.09260915562912087,1729,parameter_draws_1000,False
2020-06-01,False,3,F,275,48544547.29,,,275,none: population total,10110851.65426335,10110851.65426335,10110851.65426335,275,parameter_draws_1000,0.20827986290328734,0.20827986290328734,0.20827986290328734,275,parameter_draws_1000,False
2020-06-01,False,1,G,2468,360773870.4,,,2468,none: population total,1349623.054846069,1320353.6856281732,1381026.4153598717,2468,parameter_draws_1000,0.003740911317523369,0.003659781913153135,0.003827955760290205,2468,parameter_draws_1000,False
2020-06-01,False,2,G,923,155544006.5,,,923,none: population total,16756361.715333845,16599130.820817145,16913286.493865404,923,parameter_draws_1000,0.10772746628031499,0.1067166211950259,0.10873634333101356,923,parameter_draws_1000,False
2020-06-01,False,3,G,186,30372255.32,,,186,none: population total,6337867.512356429,6337867.512356429,6337867.512356429,186,parameter_draws_1000,0.20867293013248742,0.20867293013248742,0.20867293013248742,186,parameter_draws_1000,False
2020-09-01,False,1,A,138202,24316616967.33,,,138202,none: population total,5194434.732388431,5095572.006537381,5293718.733529175,138202,parameter_draws_1000,0.00021361666959541646,0.0002095510248561061,0.0002176996389194032,138202,parameter_draws_1000,False
2020-09-01,False,2,A,6458,1269064410.97,,,6458,none: population total,18029497.133400556,17651107.041244123,18425497.370680485,6458,parameter_draws_1000,0.014206920450649028,0.013908755843017163,0.01451896153686722,6458,parameter_draws_1000,False
2020-09-01,False,3,A,276,43233880.76,,,276,none: population total,7129320.347470999,7129320.347470999,7129320.347470999,276,parameter_draws_1000,0.16490123537711768,0.16490123537711768,0.16490123537711768,276,parameter_draws_1000,False
2020-09-01,False,1,B,52243,9971810486.35,,,52243,none: population total,6715687.571350654,6609491.820895475,6832328.291607183,52243,parameter_draws_1000,0.0006734672284981228,0.0006628176327601628,0.0006851642739259511,52243,parameter_draws_1000,False
2020-09-01,False,2,B,5233,1130318314.69,,,5233,none: population total,38142617.61724351,37630965.746968314,38680104.59050764,5233,parameter_draws_1000,0.03374502308025016,0.03329236132680814,0.03422054131814719,5233,parameter_draws_1000,False
2020-09-01,False,3,B,333,60805087.28,,,333,none: population total,10755313.987314804,10755313.987314804,10755313.987314804,333,parameter_draws_1000,0.17688181151336724,0.17688181151336724,0.17688181151336724,333,parameter_draws_1000,False
2020-09-01,False,1,C,36223,6505335170.72,,,36223,none: population total,6874036.555104046,6764126.7691168785,6981594.333204265,36223,parameter_draws_1000,0.0010566767698678373,0.0010397814396346063,0.0010732105494929561,36223,parameter_draws_1000,False
2020-09-01,False,2,C,5274,1092989280.78,,,5274,none: population total,51459377.06767493,50889635.47177008,51985871.78690531,5274,parameter_draws_1000,0.04708131906925153,0.04656004991691524,0.04756302070026355,5274,parameter_draws_1000,False
2020-09-01,False,3,C,374,68253638.09,,,374,none: population total,13149478.732907102,13149478.732907102,13149478.732907102,374,parameter_draws_1000,0.1926560854612329,0.1926560854612329,0.1926560854612329,374,parameter_draws_1000,False
2020-09-01,False,1,D,21568,3580801516.39,,,21568,none: population total,5541809.624620049,5456629.85794917,5626332.717514522,21568,parameter_draws_1000,0.001547645017254977,0.0015238571121502134,0.001571249534988673,21568,parameter_draws_1000,False
2020-09-01,False,2,D,4242,825111098.63,,,4242,none: population total,49390243.94087279,48977120.83968512,49815777.024718836,4242,parameter_draws_1000,0.05985890145324609,0.059358213604211445,0.060374629680090455,4242,parameter_draws_1000,False
2020-09-01,False,3,D,478,77958910.83,,,478,none: population total,15109507.470971225,15109507.470971225,15109507.470971225,478,parameter_draws_1000,0.1938137322610825,0.1938137322610825,0.1938137322610825,478,parameter_draws_1000,False
2020-09-01,False,1,E,12698,1986915499.25,,,12698,none: population total,3998684.780175283,3934068.8990869084,4063784.4079735316,12698,parameter_draws_1000,0.0020125087260553683,0.001979988026955298,0.0020452728913270273,12698,parameter_draws_1000,False
2020-09-01,False,2,E,3096,539135848.32,,,3096,none: population total,39012096.02573803,38683885.378025465,39329684.75369305,3096,parameter_draws_1000,0.07236041926594852,0.07175164756446493,0.0729494892173247,3096,parameter_draws_1000,False
2020-09-01,False,3,E,410,67346834.69,,,410,none: population total,14083063.777164603,14083063.777164603,14083063.777164603,410,parameter_draws_1000,0.20911248230135052,0.20911248230135052,0.20911248230135052,410,parameter_draws_1000,False
2020-09-01,False,1,F,5673,885001782.31,,,5673,none: population total,2294271.3268145206,2248235.9331654673,2337915.828002456,5673,parameter_draws_1000,0.0025923917586087746,0.0025403744694131604,0.002641707479842709,5673,parameter_draws_1000,False
2020-09-01,False,2,F,1663,296435126.01,,,1663,none: population total,25610361.143585294,25397036.541492444,25812019.06387884,1663,parameter_draws_1000,0.08639448869740676,0.08567485534975262,0.08707476543453928,1663,parameter_draws_1000,False
2020-09-01,False,3,F,247,45077084.5,,,247,none: population total,9328400.96579875,9328400.96579875,9328400.96579875,247,parameter_draws_1000,0.20694330765333216,0.20694330765333216,0.20694330765333216,247,parameter_draws_1000,False
2020-09-01,False,1,G,2383,347120923.32,,,2383,none: population total,1235962.5111027916,1208470.405003059,1265215.2986663305,2383,parameter_draws_1000,0.003560610807558253,0.0034814104360082255,0.003644883421504292,2383,parameter_draws_1000,False
2020-09-01,False,2,G,853,144134729.09,,,853,none: population total,14375788.841301551,14234355.377969017,14524535.827912433,853,parameter_draws_1000,0.09973854970320915,0.09875729095852298,0.1007705493298779,853,parameter_draws_1000,False
2020-09-01,False,3,G,170,26976045.23,,,170,none: population total,5631022.429954364,5631022.429954364,5631022.429954364,170,parameter_draws_1000,0.20874158468907505,0.20874158468907505,0.20874158468907505,170,parameter_draws_1000,False
2020-12-01,False,1,A,132456,23379452483.58,,,132456,none: population total,4568671.144388295,4479799.004405915,4659185.887417165,132456,parameter_draws_1000,0.00019541394938983245,0.00019161265677851923,0.00019928550040636888,132456,parameter_draws_1000,False
2020-12-01,False,2,A,6013,1177672970.17,,,6013,none: population total,13813094.767153751,13537302.20517496,14115075.571848137,6013,parameter_draws_1000,0.011729143078795292,0.011494958743275576,0.011985564693575833,6013,parameter_draws_1000,False
2020-12-01,False,3,A,281,44499767.33,,,281,none: population total,6929677.273522033,6929677.273522033,6929677.273522033,281,parameter_draws_1000,0.15572389900677788,0.15572389900677788,0.15572389900677788,281,parameter_draws_1000,False
2020-12-01,False,1,B,49219,9337280894.43,,,49219,none: population total,5848064.364871443,5752980.647054827,5951425.525524875,49219,parameter_draws_1000,0.0006263134236820495,0.0006161301895165938,0.0006373831517776336,49219,parameter_draws_1000,False
2020-12-01,False,2,B,4938,1067182994.93,,,4938,none: population total,29730242.43680677,29323351.254710224,30156163.214458995,4938,parameter_draws_1000,0.02785861710507941,0.027477341181428437,0.028257724643032788,4938,parameter_draws_1000,False
2020-12-01,False,3,B,331,59185215.11,,,331,none: population total,10315315.993342962,10315315.993342962,10315315.993342962,331,parameter_draws_1000,0.17428873028798159,0.17428873028798159,0.17428873028798159,331,parameter_draws_1000,False
2020-12-01,False,1,C,34091,6072479606.45,,,34091,none: population total,6005180.86786679,5907849.786659162,6099399.038602978,34091,parameter_draws_1000,0.0009889174204040592,0.0009728891934662121,0.0010044330214175417,34091,parameter_draws_1000,False
2020-12-01,False,2,C,5050,1045397021.43,,,5050,none: population total,42705973.33866364,42213794.2129396,43163395.67929663,5050,parameter_draws_1000,0.04085143965710375,0.04038063371865675,0.04128899814565509,5050,parameter_draws_1000,False
2020-12-01,False,3,C,390,74040133.4,,,390,none: population total,14354709.52625437,14354709.52625437,14354709.52625437,390,parameter_draws_1000,0.19387741306060868,0.19387741306060868,0.19387741306060868,390,parameter_draws_1000,False
2020-12-01,False,1,D,20337,3343661269.91,,,20337,none: population total,4855565.870138141,4779778.530290834,4930922.715087001,20337,parameter_draws_1000,0.0014521703839542445,0.001429504409823035,0.0014747076085310895,20337,parameter_draws_1000,False
2020-12-01,False,2,D,4077,788286613.38,,,4077,none: population total,42353093.32735409,41982335.12972543,42734001.444441445,4077,parameter_draws_1000,0.05372803826485562,0.05325770400909688,0.05421124844579997,4077,parameter_draws_1000,False
2020-12-01,False,3,D,449,73771651.77,,,449,none: population total,14108616.142846197,14108616.142846197,14108616.142846197,449,parameter_draws_1000,0.19124712276787614,0.19124712276787614,0.19124712276787614,449,parameter_draws_1000,False
2020-12-01,False,1,E,11840,1826789453.42,,,11840,none: population total,3471884.59809105,3413814.2684792583,3529467.257624811,11840,parameter_draws_1000,0.0019005389984002845,0.0018687508087416043,0.0019320602333329465,11840,parameter_draws_1000,False
2020-12-01,False,2,E,2986,517645671.78,,,2986,none: population total,34519657.89347557,34215081.29395525,34815503.35533478,2986,parameter_draws_1000,0.06668588143463984,0.06609749324533463,0.06725740260826793,2986,parameter_draws_1000,False
2020-12-01,False,3,E,370,60356628.95,,,370,none: population total,12643514.972589258,12643514.972589258,12643514.972589258,370,parameter_draws_1000,0.2094801381810648,0.2094801381810648,0.2094801381810648,370,parameter_draws_1000,False
2020-12-01,False,1,F,5367,831407154.39,,,5367,none: population total,2046362.672766752,2004142.1776005698,2085801.947113591,5367,parameter_draws_1000,0.0024613243486798714,0.0024105423762813306,0.0025087611239572928,5367,parameter_draws_1000,False
2020-12-01,False,2,F,1596,280908148.34,,,1596,none: population total,22488237.047403846,22290321.520557374,22687202.445069183,1596,parameter_draws_1000,0.0800554814101903,0.07935092539066564,0.08076377484646513,1596,parameter_draws_1000,False
2020-12-01,False,3,F,254,46171045.01,,,254,none: population total,9485042.556316894,9485042.556316894,9485042.556316894,254,parameter_draws_1000,0.20543270255768667,0.20543270255768667,0.20543270255768667,254,parameter_draws_1000,False
2020-12-01,False,1,G,2265,325305556.03,,,2265,none: population total,1087940.5051118988,1063410.575912943,1114008.8663329936,2265,parameter_draws_1000,0.003344364966860781,0.0032689591560953065,0.0034244999683628484,2265,parameter_draws_1000,False
2020-12-01,False,2,G,792,133938507.97,,,792,none: population total,12841328.859787887,12704860.41521481,12983891.199841004,792,parameter_draws_1000,0.09587480892846836,0.09485592013657855,0.09693919543100464,792,parameter_draws_1000,False
2020-12-01,False,3,G,169,26468620.26,,,169,none: population total,5616166.830680484,5616166.830680484,5616166.830680484,169,parameter_draws_1000,0.21218207732451272,0.21218207732451272,0.21218207732451272,169,parameter_draws_1000,False
2021-03-01,False,1,A,127852,22721670060.25,,,127852,none: population total,4163974.0573912645,4083008.602147564,4246257.197674647,127852,parameter_draws_1000,0.00018326003530329626,0.00017969667684289225,0.00018688138620158833,127852,parameter_draws_1000,False
2021-03-01,False,2,A,5647,1104991297.14,,,5647,none: population total,11054476.754476834,10830848.26455377,11291908.39595555,5647,parameter_draws_1000,0.01000413015296016,0.009801749835122478,0.010219002109049993,5647,parameter_draws_1000,False
2021-03-01,False,3,A,318,51828215.48,,,318,none: population total,8004697.389042461,8004697.389042461,8004697.389042461,318,parameter_draws_1000,0.15444671044349184,0.15444671044349184,0.15444671044349184,318,parameter_draws_1000,False
2021-03-01,False,1,B,46579,8826897724.94,,,46579,none: population total,5244647.758876739,5157678.248375579,5339256.853698453,46579,parameter_draws_1000,0.0005941665942336936,0.0005843138109330068,0.0006048848666970077,46579,parameter_draws_1000,False
2021-03-01,False,2,B,4638,989611766.13,,,4638,none: population total,24821194.81984428,24480526.204641424,25181202.439573117,4638,parameter_draws_1000,0.0250817499037129,0.024737505193956583,0.02544553662498107,4638,parameter_draws_1000,False
2021-03-01,False,3,B,327,59177268.28,,,327,none: population total,10097272.747672107,10097272.747672107,10097272.747672107,327,parameter_draws_1000,0.17062755752591335,0.17062755752591335,0.17062755752591335,327,parameter_draws_1000,False
2021-03-01,False,1,C,32373,5731139085.63,,,32373,none: population total,5434188.706844792,5343730.4062725045,5519098.780146616,32373,parameter_draws_1000,0.0009481864993418554,0.0009324028480954394,0.0009630020660264475,32373,parameter_draws_1000,False
2021-03-01,False,2,C,4755,980030304.74,,,4755,none: population total,35864953.97598059,35442784.49517654,36259672.2773389,4755,parameter_draws_1000,0.03659576015406532,0.03616498829041765,0.036998521476291,4755,parameter_draws_1000,False
2021-03-01,False,3,C,394,74940155.55,,,394,none: population total,14434166.598892082,14434166.598892082,14434166.598892082,394,parameter_draws_1000,0.19260924257438483,0.19260924257438483,0.19260924257438483,394,parameter_draws_1000,False
2021-03-01,False,1,D,19200,3126309754.66,,,19200,none: population total,4354066.6700276565,4285348.948228373,4421843.483833188,19200,parameter_draws_1000,0.001392717616524592,0.0013707371580313622,0.0014143971106004764,19200,parameter_draws_1000,False
2021-03-01,False,2,D,3871,748861831.95,,,3871,none: population total,37316052.36943383,36988731.13347731,37662362.21946821,3871,parameter_draws_1000,0.04983035691946621,0.04939326529322564,0.050292805177955514,3871,parameter_draws_1000,False
2021-03-01,False,3,D,448,72340064.2,,,448,none: population total,13794619.222812405,13794619.222812405,13794619.222812405,448,parameter_draws_1000,0.19069127703113656,0.19069127703113656,0.19069127703113656,448,parameter_draws_1000,False
2021-03-01,False,1,E,11158,1683356377.85,,,11158,none: population total,3091537.392589791,3038834.0260589374,3143816.9587288755,11158,parameter_draws_1000,0.001836531725111194,0.0018052232231063083,0.0018675884679536432,11158,parameter_draws_1000,False
2021-03-01,False,2,E,2805,492741902.42,,,2805,none: population total,29958917.267449327,29677117.13269131,30225308.764987625,2805,parameter_draws_1000,0.06080042537545984,0.06022852326327085,0.06134105627417166,2805,parameter_draws_1000,False
2021-03-01,False,3,E,373,59214728.62,,,373,none: population total,12455905.933857061,12455905.933857061,12455905.933857061,373,parameter_draws_1000,0.21035148220961417,0.21035148220961417,0.21035148220961417,373,parameter_draws_1000,False
2021-03-01,False,1,F,5055,764374346.5,,,5055,none: population total,1832065.9535298466,1792576.9868772377,1867862.0994869159,5055,parameter_draws_1000,0.0023968176874573414,0.002345155871707735,0.002443648335451975,5055,parameter_draws_1000,False
2021-03-01,False,2,F,1539,270645740.55,,,1539,none: population total,20799802.200107798,20607015.035764985,20993381.342726983,1539,parameter_draws_1000,0.07685250156843008,0.07614017864788075,0.07756775074333229,1539,parameter_draws_1000,False
2021-03-01,False,3,F,230,42700756.4,,,230,none: population total,8784735.30729634,8784735.30729634,8784735.30729634,230,parameter_draws_1000,0.2057278617035538,0.2057278617035538,0.2057278617035538,230,parameter_draws_1000,False
2021-03-01,False,1,G,2145,300499092.59,,,2145,none: population total,992107.2288497526,969806.5746274003,1016671.0832409658,2145,parameter_draws_1000,0.0033015315297586626,0.0032273194779679462,0.0033832750524412022,2145,parameter_draws_1000,False
2021-03-01,False,2,G,751,127544179.68,,,751,none: population total,11418593.150855351,11286669.437871043,11557205.615746185,751,parameter_draws_1000,0.0895265717299202,0.08849223434725566,0.09061335174009867,751,parameter_draws_1000,False
2021-03-01,False,3,G,167,25903445.94,,,167,none: population total,5498955.832620134,5498955.832620134,5498955.832620134,167,parameter_draws_1000,0.2122866527240172,0.2122866527240172,0.2122866527240172,167,parameter_draws_1000,False
2021-06-01,False,1,A,125778,22608986870.3,,,125778,none: population total,3704956.9160090843,3629550.511803695,3779873.5128894327,125778,parameter_draws_1000,0.00016387098357229144,0.00016053574326992982,0.0001671845595989449,125778,parameter_draws_1000,False
2021-06-01,False,2,A,4981,990367090.32,,,4981,none: population total,7814069.402104794,7659740.777077917,7977419.482473409,4981,parameter_draws_1000,0.007890073770100712,0.007734244051468793,0.008055012692208707,4981,parameter_draws_1000,False
2021-06-01,False,3,A,303,45340827.75,,,303,none: population total,7817564.1638700105,7817564.1638700105,7817564.1638700105,303,parameter_draws_1000,0.1724177645581252,0.1724177645581252,0.1724177645581252,303,parameter_draws_1000,False
2021-06-01,False,1,B,45444,8712785995.09,,,45444,none: population total,4648174.029363538,4569583.860034402,4736108.463581452,45444,parameter_draws_1000,0.0005334888326171409,0.000524468736246884,0.0005435814062517359,45444,parameter_draws_1000,False
2021-06-01,False,2,B,4020,851348322.29,,,4020,none: population total,19034338.124151118,18766846.4374637,19315970.20977517,4020,parameter_draws_1000,0.02235787353518427,0.022043675832923104,0.02268868065402195,4020,parameter_draws_1000,False
2021-06-01,False,3,B,298,55527257.6,,,298,none: population total,9043954.03663287,9043954.03663287,9043954.03663287,298,parameter_draws_1000,0.16287413474986506,0.16287413474986506,0.16287413474986506,298,parameter_draws_1000,False
2021-06-01,False,1,C,31350,5602314387.58,,,31350,none: population total,4792441.905195224,4710305.318731638,4869140.649576966,31350,parameter_draws_1000,0.0008554396582633393,0.0008407784699077414,0.0008691302045403882,31350,parameter_draws_1000,False
2021-06-01,False,2,C,4187,862340339.27,,,4187,none: population total,27576397.215420105,27237647.9052844,27894291.175585024,4187,parameter_draws_1000,0.03197855412720742,0.031585728586397785,0.03234719507520486,4187,parameter_draws_1000,False
2021-06-01,False,3,C,373,71372821.19,,,373,none: population total,13576348.22076427,13576348.22076427,13576348.22076427,373,parameter_draws_1000,0.19021734036017682,0.19021734036017682,0.19021734036017682,373,parameter_draws_1000,False
2021-06-01,False,1,D,18555,3045338895.45,,,18555,none: population total,3847064.0144053656,3784077.637685858,3909512.98150485,18555,parameter_draws_1000,0.0012632630214499977,0.0012425801421771475,0.001283769431161176,18555,parameter_draws_1000,False
2021-06-01,False,2,D,3457,662799543.64,,,3457,none: population total,29479353.63214747,29190739.301688503,29765042.495214578,3457,parameter_draws_1000,0.04447702765492428,0.04404158026630066,0.044908061239374485,3457,parameter_draws_1000,False
2021-06-01,False,3,D,404,66418925.37,,,404,none: population total,12860975.029173756,12860975.029173756,12860975.029173756,404,parameter_draws_1000,0.19363419322925063,0.19363419322925063,0.19363419322925063,404,parameter_draws_1000,False
2021-06-01,False,1,E,10754,1625854879.28,,,10754,none: population total,2703139.8641089406,2656220.409395155,2749878.537020633,10754,parameter_draws_1000,0.0016625960278238423,0.0016337376990075807,0.0016913431647961105,10754,parameter_draws_1000,False
2021-06-01,False,2,E,2388,423628497.96,,,2388,none: population total,23448140.920677725,23216038.560103938,23669968.640470527,2388,parameter_draws_1000,0.05535071656792021,0.05480282528654635,0.055874353955067256,2388,parameter_draws_1000,False
2021-06-01,False,3,E,364,56139851.17,,,364,none: population total,11989242.551713524,11989242.551713524,11989242.551713524,364,parameter_draws_1000,0.21356028385982492,0.21356028385982492,0.21356028385982492,364,parameter_draws_1000,False
2021-06-01,False,1,F,4747,714176942.62,,,4747,none: population total,1568324.4668066658,1533786.0286994216,1600254.2357362423,4747,parameter_draws_1000,0.0021959886594114554,0.0021476274816051013,0.0022406971441357596,4747,parameter_draws_1000,False
2021-06-01,False,2,F,1381,242318280.28,,,1381,none: population total,17298880.295500245,17122835.02748747,17475314.60568866,1381,parameter_draws_1000,0.07138908494856971,0.07066258066746739,0.07211719473040105,1381,parameter_draws_1000,False
2021-06-01,False,3,F,209,37722839.22,,,209,none: population total,7840899.178187153,7840899.178187153,7840899.178187153,209,parameter_draws_1000,0.2078554886194792,0.2078554886194792,0.2078554886194792,209,parameter_draws_1000,False
2021-06-01,False,1,G,2020,280023672.5,,,2020,none: population total,876524.8794588605,856404.7417300729,898416.9817625991,2020,parameter_draws_1000,0.0031301813580023683,0.0030583297979211842,0.003208360828003208,2020,parameter_draws_1000,False
2021-06-01,False,2,G,646,110955604.54,,,646,none: population total,9472819.403114082,9358955.88271875,9591887.75158365,646,parameter_draws_1000,0.08537486179617981,0.08434865387394472,0.08644797882314932,646,parameter_draws_1000,False
2021-06-01,False,3,G,155,24500343.44,,,155,none: population total,5211561.532569591,5211561.532569591,5211561.532569591,155,parameter_draws_1000,0.21271381543415582,0.21271381543415582,0.21271381543415582,155,parameter_draws_1000,False
2021-09-01,False,1,A,124864,22777008544.42,,,124864,none: population total,3619463.4801607938,3544866.639612762,3692019.765450888,124864,parameter_draws_1000,0.00015890864127754406,0.0001556335474300552,0.00016209414674673656,124864,parameter_draws_1000,False
2021-09-01,False,2,A,4166,839122186.23,,,4166,none: population total,5906475.716236818,5791226.601854924,6026115.052834266,4166,parameter_draws_1000,0.0070388744489921955,0.006901529594722898,0.007181451225724751,4166,parameter_draws_1000,False
2021-09-01,False,3,A,298,45241206.83,,,298,none: population total,7643904.538228692,7643904.538228692,7643904.538228692,298,parameter_draws_1000,0.1689588999460537,0.1689588999460537,0.1689588999460537,298,parameter_draws_1000,False
2021-09-01,False,1,B,45058,8824657098.32,,,45058,none: population total,4548727.890796439,4471042.967009444,4634881.505664205,45058,parameter_draws_1000,0.0005154566166273368,0.0005066534503488664,0.0005252194452458186,45058,parameter_draws_1000,False
2021-09-01,False,2,B,3385,715634805.62,,,3385,none: population total,14250583.085194688,14048366.724064326,14457251.024967717,3385,parameter_draws_1000,0.01991320569273947,0.019630636483497096,0.02020199536332289,3385,parameter_draws_1000,False
2021-09-01,False,3,B,290,53965221.62,,,290,none: population total,8852333.870604998,8852333.870604998,8852333.870604998,290,parameter_draws_1000,0.16403775625975087,0.16403775625975087,0.16403775625975087,290,parameter_draws_1000,False
2021-09-01,False,1,C,29282,5146873196.6,,,29282,none: population total,4374546.786742776,4299297.38517522,4445740.730691465,29282,parameter_draws_1000,0.0008499426000299717,0.0008353221890166858,0.000863775065146019,29282,parameter_draws_1000,False
2021-09-01,False,2,C,5447,1264754079.73,,,5447,none: population total,24263448.768505245,23959129.58029697,24555642.709513508,5447,parameter_draws_1000,0.01918432140870027,0.01894370610404496,0.01941534967395057,5447,parameter_draws_1000,False
2021-09-01,False,3,C,343,63810490.34,,,343,none: population total,12174948.07217771,12174948.07217771,12174948.07217771,343,parameter_draws_1000,0.1907985349635492,0.1907985349635492,0.1907985349635492,343,parameter_draws_1000,False
2021-09-01,False,1,D,17381,2801319600.78,,,17381,none: population total,3529506.1805257583,3471233.8835536386,3587910.5574215935,17381,parameter_draws_1000,0.001259944127597223,0.0012391423965288028,0.0012807930078462216,17381,parameter_draws_1000,False
2021-09-01,False,2,D,3943,829306920.65,,,3943,none: population total,25789710.268810827,25515515.894006606,26065091.104024217,3943,parameter_draws_1000,0.031097907935697906,0.030767277178885562,0.03142996935753863,3943,parameter_draws_1000,False
2021-09-01,False,3,D,408,70048097.7,,,408,none: population total,13402766.061891997,13402766.061891997,13402766.061891997,408,parameter_draws_1000,0.1913366172953473,0.1913366172953473,0.1913366172953473,408,parameter_draws_1000,False
2021-09-01,False,1,E,10056,1489906628.83,,,10056,none: population total,2460402.374147385,2416498.9823805126,2502989.160987536,10056,parameter_draws_1000,0.0016513802452704704,0.0016219130350994889,0.0016799637725976788,10056,parameter_draws_1000,False
2021-09-01,False,2,E,2570,492775637.03,,,2570,none: population total,20906532.838358093,20686566.691669866,21125398.430559117,2570,parameter_draws_1000,0.042426068310445535,0.04197968636669932,0.04287021687574423,2570,parameter_draws_1000,False
2021-09-01,False,3,E,341,53477545.3,,,341,none: population total,11148591.64045308,11148591.64045308,11148591.64045308,341,parameter_draws_1000,0.20847238926004108,0.20847238926004108,0.20847238926004108,341,parameter_draws_1000,False
2021-09-01,False,1,F,4485,661731360.79,,,4485,none: population total,1451765.0947824032,1419132.4205231105,1481042.0705862488,4485,parameter_draws_1000,0.0021938889114296034,0.002144574829926296,0.0022381319041886194,4485,parameter_draws_1000,False
2021-09-01,False,2,F,1367,254253747.65,,,1367,none: population total,14227561.06100475,14062670.003004022,14395983.361983357,1367,parameter_draws_1000,0.055958117402423076,0.055309587893911306,0.05662053556748569,1367,parameter_draws_1000,False
2021-09-01,False,3,F,194,35056339.01,,,194,none: population total,7365054.951816942,7365054.951816942,7365054.951816942,194,parameter_draws_1000,0.2100919593947338,0.2100919593947338,0.2100919593947338,194,parameter_draws_1000,False
2021-09-01,False,1,G,1919,261457613.2,,,1919,none: population total,803873.9239279568,785073.863960965,824373.6918942721,1919,parameter_draws_1000,0.003074586025969111,0.0030026812160961203,0.0031529917289640132,1919,parameter_draws_1000,False
2021-09-01,False,2,G,603,104921669.42,,,603,none: population total,7931697.83622371,7824449.764536542,8042178.418786524,603,parameter_draws_1000,0.0755963747057172,0.07457420195265267,0.07664935626018106,603,parameter_draws_1000,False
2021-09-01,False,3,G,145,23738191.79,,,145,none: population total,5121982.801541105,5121982.801541105,5121982.801541105,145,parameter_draws_1000,0.21576971181515192,0.21576971181515192,0.21576971181515192,145,parameter_draws_1000,False
2021-12-01,False,1,A,124497,23085088562.43,,,124497,none: population total,3690615.981064836,3615647.933329514,3763726.8987352145,124497,parameter_draws_1000,0.0001598701244348335,0.00015662265810900233,0.0001630371435897595,124497,parameter_draws_1000,False
2021-12-01,False,2,A,3721,746211371.46,,,3721,none: population total,3952091.559759292,3879944.3041209574,4025301.525257268,3721,parameter_draws_1000,0.00529620923898121,0.005199524494687947,0.005394318123806614,3721,parameter_draws_1000,False
2021-12-01,False,3,A,318,50731547.27,,,318,none: population total,8070674.67528093,8070674.67528093,8070674.67528093,318,parameter_draws_1000,0.15908591615248263,0.15908591615248263,0.15908591615248263,318,parameter_draws_1000,False
2021-12-01,False,1,B,45110,9030625030.85,,,45110,none: population total,4656424.31588226,4578265.45215522,4745266.411721453,45110,parameter_draws_1000,0.0005156259173617773,0.0005069710497905918,0.0005254637852320183,45110,parameter_draws_1000,False
2021-12-01,False,2,B,2875,607828555.86,,,2875,none: population total,10419996.790138269,10275691.908069005,10571284.963908827,2875,parameter_draws_1000,0.01714298660318007,0.016905576102014836,0.017391886021136015,2875,parameter_draws_1000,False
2021-12-01,False,3,B,320,62840863.52,,,320,none: population total,10114486.228065426,10114486.228065426,10114486.228065426,320,parameter_draws_1000,0.16095396628097489,0.16095396628097489,0.16095396628097489,320,parameter_draws_1000,False
2021-12-01,False,1,C,27405,4755573972.72,,,27405,none: population total,4150027.524465689,4079001.7245229706,4218640.989576144,27405,parameter_draws_1000,0.0008726659596238048,0.0008577306857010034,0.0008870939688407893,27405,parameter_draws_1000,False
2021-12-01,False,2,C,6950,1724047248.33,,,6950,none: population total,22899089.216357835,22539918.28599102,23226610.742249887,6950,parameter_draws_1000,0.013282170334101376,0.013073840237165386,0.013472142810905193,6950,parameter_draws_1000,False
2021-12-01,False,3,C,369,70592795.74,,,369,none: population total,13042579.22767195,13042579.22767195,13042579.22767195,369,parameter_draws_1000,0.1847579358623083,0.1847579358623083,0.1847579358623083,369,parameter_draws_1000,False
2021-12-01,False,1,D,16318,2584786326.63,,,16318,none: population total,3347397.066058641,3292756.0460836687,3401817.0578909274,16318,parameter_draws_1000,0.0012950382132448524,0.0012738987405495556,0.0013160921747547923,16318,parameter_draws_1000,False
2021-12-01,False,2,D,4717,1068390993.28,,,4717,none: population total,24779517.10647148,24477248.435517397,25068001.24462805,4717,parameter_draws_1000,0.023193304007924517,0.022910384484215222,0.023463321389174535,4717,parameter_draws_1000,False
2021-12-01,False,3,D,407,71952135.28,,,407,none: population total,13316330.183857571,13316330.183857571,13316330.183857571,407,parameter_draws_1000,0.1850720639774955,0.1850720639774955,0.1850720639774955,407,parameter_draws_1000,False
2021-12-01,False,1,E,9428,1368875977.76,,,9428,none: population total,2329729.2560995743,2287481.096044447,2370710.15304567,9428,parameter_draws_1000,0.0017019286582206626,0.0016710652631859555,0.0017318662841355802,9428,parameter_draws_1000,False
2021-12-01,False,2,E,2947,607885982.75,,,2947,none: population total,20250980.21765182,20021365.302811287,20488961.9421372,2947,parameter_draws_1000,0.03331378053173545,0.03293605358728152,0.03370527125736261,2947,parameter_draws_1000,False
2021-12-01,False,3,E,309,49942441.52,,,309,none: population total,10127251.095064804,10127251.095064804,10127251.095064804,309,parameter_draws_1000,0.20277845429341362,0.20277845429341362,0.20277845429341362,309,parameter_draws_1000,False
2021-12-01,False,1,F,4207,606440316.15,,,4207,none: population total,1357311.271074426,1326930.0080281857,1384940.2534877497,4207,parameter_draws_1000,0.0022381613407422302,0.0021880636440074278,0.0022837206178508616,4207,parameter_draws_1000,False
2021-12-01,False,2,F,1441,280243279.32,,,1441,none: population total,13377731.756510139,13202121.060429689,13559636.81159441,1441,parameter_draws_1000,0.04773613764787049,0.04710950104660547,0.04838523458794934,1441,parameter_draws_1000,False
2021-12-01,False,3,F,185,34823568.04,,,185,none: population total,7375335.870380308,7375335.870380308,7375335.870380308,185,parameter_draws_1000,0.21179150458989865,0.21179150458989865,0.21179150458989865,185,parameter_draws_1000,False
2021-12-01,False,1,G,1788,238509514.0,,,1788,none: population total,748969.5816033757,731236.5836883758,768240.6618566038,1788,parameter_draws_1000,0.0031402084094782723,0.0030658591828264586,0.0032210063614343024,1788,parameter_draws_1000,False
2021-12-01,False,2,G,601,108782090.89,,,601,none: population total,7462388.922606191,7355210.47291666,7570929.378805998,601,parameter_draws_1000,0.06859942534246861,0.0676141671183193,0.0695972040697553,601,parameter_draws_1000,False
2021-12-01,False,3,G,128,20864875.23,,,128,none: population total,4508085.840436896,4508085.840436896,4508085.840436896,128,parameter_draws_1000,0.21606100159923633,0.21606100159923633,0.21606100159923633,128,parameter_draws_1000,False
2022-03-01,False,1,A,125372,23637090098.69,,,125372,none: population total,3687963.6218051,3612973.395024218,3761380.8286009952,125372,parameter_draws_1000,0.00015602443475093796,0.00015285186881884645,0.00015913045188288455,125372,parameter_draws_1000,False
2022-03-01,False,2,A,3427,695156548.39,,,3427,none: population total,2911811.313601898,2859090.970650609,2965881.1724687344,3427,parameter_draws_1000,0.004188713060886395,0.00411287353513728,0.004266493898874706,3427,parameter_draws_1000,False
2022-03-01,False,3,A,319,50910695.13,,,319,none: population total,8235505.996004328,8235505.996004328,8235505.996004328,319,parameter_draws_1000,0.16176377036249528,0.16176377036249528,0.16176377036249528,319,parameter_draws_1000,False
2022-03-01,False,1,B,45837,9358996675.6,,,45837,none: population total,4691478.314481311,4611946.266774244,4781844.995934109,45837,parameter_draws_1000,0.0005012800492506364,0.00049278212469058,0.0005109356442449583,45837,parameter_draws_1000,False
2022-03-01,False,2,B,2555,545376407.17,,,2555,none: population total,7939278.900547767,7823385.816095721,8057537.879394059,2555,parameter_draws_1000,0.01455743005412591,0.014344928957766748,0.014774269244988507,2555,parameter_draws_1000,False
2022-03-01,False,3,B,338,65069463.09,,,338,none: population total,10613397.211524261,10613397.211524261,10613397.211524261,338,parameter_draws_1000,0.16310872577578325,0.16310872577578325,0.16310872577578325,338,parameter_draws_1000,False
2022-03-01,False,1,C,26116,4497537154.88,,,26116,none: population total,3894823.7332047173,3828509.6070971014,3960490.3764494583,26116,parameter_draws_1000,0.0008659903407309675,0.0008512457985906845,0.0008805909189993405,26116,parameter_draws_1000,False
2022-03-01,False,2,C,8462,2169323290.89,,,8462,none: population total,22856091.153205547,22428874.21016602,23265964.30977375,8462,parameter_draws_1000,0.010536046540038055,0.010339110958866905,0.010724987099653789,8462,parameter_draws_1000,False
2022-03-01,False,3,C,385,74690037.47,,,385,none: population total,13111120.118378298,13111120.118378298,13111120.118378298,385,parameter_draws_1000,0.1755404142573166,0.1755404142573166,0.1755404142573166,385,parameter_draws_1000,False
2022-03-01,False,1,D,15502,2426789384.99,,,15502,none: population total,3129040.9453914617,3076796.8790275524,3180987.1834464776,15502,parameter_draws_1000,0.0012893747453919886,0.0012678466858549535,0.001310780079689357,15502,parameter_draws_1000,False
2022-03-01,False,2,D,5474,1302020041.96,,,5474,none: population total,23651248.842841502,23302611.293728128,24007261.242746264,5474,parameter_draws_1000,0.018165042073575166,0.017897275420314936,0.01843847288756543,5474,parameter_draws_1000,False
2022-03-01,False,3,D,412,74076388.63,,,412,none: population total,13485676.312292898,13485676.312292898,13485676.312292898,412,parameter_draws_1000,0.18205094176029216,0.18205094176029216,0.18205094176029216,412,parameter_draws_1000,False
2022-03-01,False,1,E,8935,1284013995.0,,,8935,none: population total,2163481.1994460737,2123962.3968602447,2202048.878123452,8935,parameter_draws_1000,0.0016849358401627653,0.001654158291989835,0.001714972645701928,8935,parameter_draws_1000,False
2022-03-01,False,2,E,3335,717991700.16,,,3335,none: population total,19288183.298201792,19010126.32702009,19580493.194091544,3335,parameter_draws_1000,0.026864075579012322,0.026476805125719143,0.027271197131844494,3335,parameter_draws_1000,False
2022-03-01,False,3,E,326,54389900.97,,,326,none: population total,10807517.705721248,10807517.705721248,10807517.705721248,326,parameter_draws_1000,0.19870449316836195,0.19870449316836195,0.19870449316836195,326,parameter_draws_1000,False
2022-03-01,False,1,F,4020,569848905.04,,,4020,none: population total,1256519.24554251,1228181.0088746399,1282306.3606916617,4020,parameter_draws_1000,0.0022050042290671945,0.0021552748421766804,0.0022502567774551597,4020,parameter_draws_1000,False
2022-03-01,False,2,F,1613,335150326.86,,,1613,none: population total,13229746.35172419,13016455.879319092,13447897.715346323,1613,parameter_draws_1000,0.03947406668426303,0.038837664284171694,0.04012497269908323,1613,parameter_draws_1000,False
2022-03-01,False,3,F,182,32284323.01,,,182,none: population total,7036301.77616082,7036301.77616082,7036301.77616082,182,parameter_draws_1000,0.21794794253487493,0.21794794253487493,0.21794794253487493,182,parameter_draws_1000,False
2022-03-01,False,1,G,1742,231632750.5,,,1742,none: population total,709046.6078968768,692354.1996990708,727753.0742459903,1742,parameter_draws_1000,0.003061080984300952,0.002989016873497216,0.003141840144258833,1742,parameter_draws_1000,False
2022-03-01,False,2,G,619,115756896.04,,,619,none: population total,6877569.745298835,6767268.664474661,6997114.694875679,619,parameter_draws_1000,0.059413909499804476,0.058461041164547284,0.060446633714658464,619,parameter_draws_1000,False
2022-03-01,False,3,G,125,21058489.45,,,125,none: population total,4477821.340017048,4477821.340017048,4477821.340017048,125,parameter_draws_1000,0.21263734754807154,0.21263734754807154,0.21263734754807154,125,parameter_draws_1000,False
2022-06-01,False,1,A,126251,24141741447.38,,,126251,none: population total,3882345.8420510413,3804048.3188105086,3958186.4735822156,126251,parameter_draws_1000,0.0001608146558322277,0.00015757141327612658,0.00016395612893997674,126251,parameter_draws_1000,False
2022-06-01,False,2,A,3331,687213350.72,,,3331,none: population total,2780645.565061963,2726462.852769794,2837131.083272456,3331,parameter_draws_1000,0.004046262433855009,0.0039674183423725005,0.004128457458371503,3331,parameter_draws_1000,False
2022-06-01,False,3,A,261,39040549.21,,,261,none: population total,6106658.316646204,6106658.316646204,6106658.316646204,261,parameter_draws_1000,0.15641835066915558,0.15641835066915558,0.15641835066915558,261,parameter_draws_1000,False
2022-06-01,False,1,B,47229,9880670946.25,,,47229,none: population total,5037167.406209799,4952356.196919814,5132394.64908334,47229,parameter_draws_1000,0.0005098001374209866,0.0005012165898308126,0.0005194378678333814,47229,parameter_draws_1000,False
2022-06-01,False,2,B,2503,537832295.74,,,2503,none: population total,6751507.4472095035,6642490.02944884,6860553.660147922,2503,parameter_draws_1000,0.01255318340063634,0.012350485610592574,0.01275593473000451,2503,parameter_draws_1000,False
2022-06-01,False,3,B,287,54251019.589999996,,,287,none: population total,8855838.0932498,8855838.0932498,8855838.0932498,287,parameter_draws_1000,0.16323818722998124,0.16323818722998124,0.16323818722998124,287,parameter_draws_1000,False
2022-06-01,False,1,C,25221,4323008413.24,,,25221,none: population total,3916748.846945463,3850427.8211076106,3982173.4756099246,25221,parameter_draws_1000,0.0009060238779433571,0.0008906824722605154,0.0009211579286808219,25221,parameter_draws_1000,False
2022-06-01,False,2,C,10450,2763809407.71,,,10450,none: population total,24548638.649271287,23885610.360318612,25209667.717340402,10450,parameter_draws_1000,0.008882174936082683,0.008642278405191996,0.00912134810997271,10450,parameter_draws_1000,False
2022-06-01,False,3,C,347,68487266.23,,,347,none: population total,11535966.666916147,11535966.666916147,11535966.666916147,347,parameter_draws_1000,0.16843958449407284,0.16843958449407284,0.16843958449407284,347,parameter_draws_1000,False
2022-06-01,False,1,D,14915,2322947123.39,,,14915,none: population total,3103047.833748279,3051462.4909882364,3154928.3595329802,14915,parameter_draws_1000,0.0013358237053712342,0.0013136168534628873,0.0013581576299200584,14915,parameter_draws_1000,False
2022-06-01,False,2,D,6687,1644730768.59,,,6687,none: population total,25221344.630308658,24686224.497036558,25771204.162547495,6687,parameter_draws_1000,0.015334634161389523,0.015009279918925358,0.01566894999151789,6687,parameter_draws_1000,False
2022-06-01,False,3,D,383,71485487.29,,,383,none: population total,12627201.16438328,12627201.16438328,12627201.16438328,383,parameter_draws_1000,0.17664006560041565,0.17664006560041565,0.17664006560041565,383,parameter_draws_1000,False
2022-06-01,False,1,E,8592,1230883744.86,,,8592,none: population total,2148178.2346403506,2109216.0719404332,2186816.8359193755,8592,parameter_draws_1000,0.0017452324345096323,0.001713578622472047,0.0017766233773508016,8592,parameter_draws_1000,False
2022-06-01,False,2,E,3979,910363035.77,,,3979,none: population total,20797316.973031618,20396274.79798428,21201910.9896724,3979,parameter_draws_1000,0.022845080650095714,0.022404550708424554,0.02328951215790465,3979,parameter_draws_1000,False
2022-06-01,False,3,E,276,45048556.68,,,276,none: population total,9121712.90561945,9121712.90561945,9121712.90561945,276,parameter_draws_1000,0.20248624102243823,0.20248624102243823,0.20248624102243823,276,parameter_draws_1000,False
2022-06-01,False,1,F,3840,537374760.73,,,3840,none: population total,1226440.8263114279,1198609.8765280563,1251997.621206847,3840,parameter_draws_1000,0.0022822821537903304,0.002230491575190092,0.002329840760489129,3840,parameter_draws_1000,False
2022-06-01,False,2,F,1872,417944520.49,,,1872,none: population total,13451055.469620839,13162896.101945672,13711916.968692563,1872,parameter_draws_1000,0.03218383017404023,0.03149436218595098,0.032807983587430825,1872,parameter_draws_1000,False
2022-06-01,False,3,F,170,29772085.53,,,170,none: population total,6584964.7464312,6584964.7464312,6584964.7464312,170,parameter_draws_1000,0.22117915588398485,0.22117915588398485,0.22117915588398485,170,parameter_draws_1000,False
2022-06-01,False,1,G,1679,219998786.05,,,1679,none: population total,684804.1948541286,668321.2966131513,703045.072357607,1679,parameter_draws_1000,0.003112763516333633,0.0030378408381819856,0.0031956770534080268,1679,parameter_draws_1000,False
2022-06-01,False,2,G,648,128418011.13,,,648,none: population total,6090536.051818605,5957662.448604807,6222132.910160334,648,parameter_draws_1000,0.047427428584398794,0.04639273257840562,0.0484521824891179,648,parameter_draws_1000,False
2022-06-01,False,3,G,131,22453001.53,,,131,none: population total,4881513.428067182,4881513.428067182,4881513.428067182,131,parameter_draws_1000,0.21741028350017585,0.21741028350017585,0.21741028350017585,131,parameter_draws_1000,False
2022-09-01,False,1,A,127980,24911719920.19,,,127980,none: population total,4443085.534583224,4355711.411512399,4529284.571304976,127980,parameter_draws_1000,0.00017835322285324317,0.00017484587276458025,0.00018181340292101485,127980,parameter_draws_1000,False
2022-09-01,False,2,A,3252,669985617.12,,,3252,none: population total,2775287.638740953,2718623.21488359,2832454.607907565,3252,parameter_draws_1000,0.004142309279221252,0.004057733696687197,0.004227634945483089,3252,parameter_draws_1000,False
2022-09-01,False,3,A,236,35463152.44,,,236,none: population total,6192796.869306102,6192796.869306102,6192796.869306102,236,parameter_draws_1000,0.17462623718474202,0.17462623718474202,0.17462623718474202,236,parameter_draws_1000,False
2022-09-01,False,1,B,47006,9943283589.63,,,47006,none: population total,5566116.489454759,5475305.0128100095,5668773.188896188,47006,parameter_draws_1000,0.000559786557356138,0.0005506536108977408,0.0005701107825998483,47006,parameter_draws_1000,False
2022-09-01,False,2,B,4781,1209785651.44,,,4781,none: population total,8897942.19107354,8670157.163772274,9114585.482986026,4781,parameter_draws_1000,0.007354974148091753,0.0071666887051042814,0.007534049913831425,4781,parameter_draws_1000,False
2022-09-01,False,3,B,263,46383411.06,,,263,none: population total,7960451.189737003,7960451.189737003,7960451.189737003,263,parameter_draws_1000,0.17162280668490798,0.17162280668490798,0.17162280668490798,263,parameter_draws_1000,False
2022-09-01,False,1,C,24996,4338041513.32,,,24996,none: population total,4310137.598416061,4240896.304229894,4377942.525317291,24996,parameter_draws_1000,0.0009935676238186611,0.0009776062057516462,0.001009197932263851,24996,parameter_draws_1000,False
2022-09-01,False,2,C,12302,3303370471.82,,,12302,none: population total,27749177.64959979,26867583.73788871,28624508.708911926,12302,parameter_draws_1000,0.008400262061527514,0.00813338496759219,0.008665243257787305,12302,parameter_draws_1000,False
2022-09-01,False,3,C,319,61184813.11,,,319,none: population total,10557847.269411808,10557847.269411808,10557847.269411808,319,parameter_draws_1000,0.17255666451788576,0.17255666451788576,0.17255666451788576,319,parameter_draws_1000,False
2022-09-01,False,1,D,14841,2351671399.73,,,14841,none: population total,3416300.2542737024,3360697.9893885707,3471772.8017227137,14841,parameter_draws_1000,0.00145271157129603,0.0014290678492643227,0.0014763001336501839,14841,parameter_draws_1000,False
2022-09-01,False,2,D,7736,1939623862.26,,,7736,none: population total,27219134.001580257,26481174.825830817,27955174.285405982,7736,parameter_draws_1000,0.014033202277613361,0.013652737183267911,0.014412678060597444,7736,parameter_draws_1000,False
2022-09-01,False,3,D,362,66415540.09,,,362,none: population total,12261663.567495177,12261663.567495177,12261663.567495177,362,parameter_draws_1000,0.1846203998473752,0.1846203998473752,0.1846203998473752,362,parameter_draws_1000,False
2022-09-01,False,1,E,8565,1251551161.67,,,8565,none: population total,2376369.603107083,2334373.999143847,2418130.1157624447,8565,parameter_draws_1000,0.0018987394809623188,0.0018651846369819897,0.0019321064849924525,8565,parameter_draws_1000,False
2022-09-01,False,2,E,4471,1047100863.43,,,4471,none: population total,22066385.45718603,21485500.964019287,22623511.742675535,4471,parameter_draws_1000,0.021073791673614825,0.020519036622354592,0.02160585721280703,4471,parameter_draws_1000,False
2022-09-01,False,3,E,290,45575377.43,,,290,none: population total,9411584.460506681,9411584.460506681,9411584.460506681,290,parameter_draws_1000,0.20650590277528902,0.20650590277528902,0.20650590277528902,290,parameter_draws_1000,False
2022-09-01,False,1,F,3825,548524164.83,,,3825,none: population total,1353377.085544803,1323583.373496412,1380931.5524959061,3825,parameter_draws_1000,0.0024673062233534324,0.002412990089336575,0.0025175400484386823,3825,parameter_draws_1000,False
2022-09-01,False,2,F,2054,465584981.57,,,2054,none: population total,14221601.07453786,13842887.206797132,14562782.913882777,2054,parameter_draws_1000,0.030545661130608578,0.029732246001830873,0.03127846363251579,2054,parameter_draws_1000,False
2022-09-01,False,3,F,153,26017814.36,,,153,none: population total,5686976.6458801385,5686976.6458801385,5686976.6458801385,153,parameter_draws_1000,0.21858010696791438,0.21858010696791438,0.21858010696791438,153,parameter_draws_1000,False
2022-09-01,False,1,G,1669,223352249.32,,,1669,none: population total,763567.8101934114,744947.589825566,783794.805871221,1669,parameter_draws_1000,0.00341867078804045,0.0033353037280509715,0.0035092317550304447,1669,parameter_draws_1000,False
2022-09-01,False,2,G,664,135119000.16,,,664,none: population total,5844407.342363975,5692992.656850177,5989732.280966748,664,parameter_draws_1000,0.043253778783467686,0.04213317631205729,0.04432931174649055,664,parameter_draws_1000,False
2022-09-01,False,3,G,131,22478809.09,,,131,none: population total,4764975.988206059,4764975.988206059,4764975.988206059,131,parameter_draws_1000,0.2119763537796058,0.2119763537796058,0.2119763537796058,131,parameter_draws_1000,False
2022-12-01,False,1,A,129600,25472912121.94,,,129600,none: population total,4934861.736803967,4839310.444158807,5028597.913263928,129600,parameter_draws_1000,0.00019372978296240952,0.0001899786887731095,0.00019740962043098174,129600,parameter_draws_1000,False
2022-12-01,False,2,A,3187,651433551.49,,,3187,none: population total,2849396.2241037223,2792864.376153625,2907134.311449408,3187,parameter_draws_1000,0.004374039712241414,0.004287259030127645,0.0044626720634821865,3187,parameter_draws_1000,False
2022-12-01,False,3,A,224,33522929.87,,,224,none: population total,5685430.7574485475,5685430.7574485475,5685430.7574485475,224,parameter_draws_1000,0.1695982654110581,0.1695982654110581,0.1695982654110581,224,parameter_draws_1000,False
2022-12-01,False,1,B,38937,7640312265.09,,,38937,none: population total,4896411.069725266,4815648.1593171805,4986100.442905714,38937,parameter_draws_1000,0.0006408653075736019,0.0006302946780487975,0.0006526042745252873,38937,parameter_draws_1000,False
2022-12-01,False,2,B,14918,4196163199.06,,,14918,none: population total,20090837.94060657,19387278.813030325,20776604.09092451,14918,parameter_draws_1000,0.004787906710851286,0.004620239464798069,0.004951333660134755,14918,parameter_draws_1000,False
2022-12-01,False,3,B,273,47556825.02,,,273,none: population total,7877819.308976929,7877819.308976929,7877819.308976929,273,parameter_draws_1000,0.16565065699116616,0.16565065699116616,0.16565065699116616,273,parameter_draws_1000,False
2022-12-01,False,1,C,26632,4860522649.11,,,26632,none: population total,4961435.24737748,4884388.911081573,5037457.409837618,26632,parameter_draws_1000,0.0010207616763777366,0.0010049102254416908,0.0010364024146168756,26632,parameter_draws_1000,False
2022-12-01,False,2,C,12586,3369721367.95,,,12586,none: population total,29776621.609526716,28790972.383779753,30723889.503924523,12586,parameter_draws_1000,0.008836523367402805,0.008544021668264814,0.009117635005714338,12586,parameter_draws_1000,False
2022-12-01,False,3,C,338,63132188.03,,,338,none: population total,10972548.789948866,10972548.789948866,10972548.789948866,338,parameter_draws_1000,0.1738027642053968,0.1738027642053968,0.1738027642053968,338,parameter_draws_1000,False
2022-12-01,False,1,D,15960,2695275894.36,,,15960,none: population total,3994575.570171622,3932303.837627085,4056227.2912775627,15960,parameter_draws_1000,0.001482065557196008,0.0014589615281521374,0.001504939549886311,15960,parameter_draws_1000,False
2022-12-01,False,2,D,7807,1955194598.39,,,7807,none: population total,28932648.098257877,28136454.4185579,29724252.37167811,7807,parameter_draws_1000,0.014797835531093626,0.014390615871037488,0.015202707902402385,7807,parameter_draws_1000,False
2022-12-01,False,3,D,385,68401184.11,,,385,none: population total,12643740.956714127,12643740.956714127,12643740.956714127,385,parameter_draws_1000,0.18484681400223976,0.18484681400223976,0.18484681400223976,385,parameter_draws_1000,False
2022-12-01,False,1,E,9165,1433873518.72,,,9165,none: population total,2749566.126665338,2702672.948428182,2797199.879577015,9165,parameter_draws_1000,0.0019175792639784849,0.0018848754183289627,0.00195079959498383,9165,parameter_draws_1000,False
2022-12-01,False,2,E,4508,1056906196.9,,,4508,none: population total,22774887.564196173,22148245.86787432,23375078.46908883,4508,parameter_draws_1000,0.021548636606537976,0.0209557347026984,0.022116511888803394,4508,parameter_draws_1000,False
2022-12-01,False,3,E,283,45138468.59,,,283,none: population total,9206124.652797105,9206124.652797105,9206124.652797105,283,parameter_draws_1000,0.20395296828560625,0.20395296828560625,0.20395296828560625,283,parameter_draws_1000,False
2022-12-01,False,1,F,4074,619016987.2,,,4074,none: population total,1551976.3539734806,1518948.6534495929,1582684.2551874018,4074,parameter_draws_1000,0.002507162785618431,0.0024538077061830796,0.00255677031150043,4074,parameter_draws_1000,False
2022-12-01,False,2,F,2034,461345224.66,,,2034,none: population total,14271745.613167822,13872659.624724617,14629880.734976798,2034,parameter_draws_1000,0.03093506738621982,0.030070018899509415,0.03171135183150245,2034,parameter_draws_1000,False
2022-12-01,False,3,F,162,28245886.37,,,162,none: population total,6205123.47583692,6205123.47583692,6205123.47583692,162,parameter_draws_1000,0.2196823776232206,0.2196823776232206,0.2196823776232206,162,parameter_draws_1000,False
2022-12-01,False,1,G,1723,239010151.89,,,1723,none: population total,821270.878556505,801906.5708714,842906.2679195517,1723,parameter_draws_1000,0.0034361338715624087,0.0033551151050707777,0.0035266546682397146,1723,parameter_draws_1000,False
2022-12-01,False,2,G,666,136881295.25,,,666,none: population total,6220926.7846568115,6059074.290901996,6369185.177563043,666,parameter_draws_1000,0.04544760314617794,0.04426517355666239,0.04653071967159839,666,parameter_draws_1000,False
2022-12-01,False,3,G,115,20985406.65,,,115,none: population total,4381522.139676074,4381522.139676074,4381522.139676074,115,parameter_draws_1000,0.20878900336563522,0.20878900336563522,0.20878900336563522,115,parameter_draws_1000,False
2023-03-01,False,1,A,131227,26019932638.67,,,131227,none: population total,5420422.106407688,5317644.559610166,5523059.174045571,131227,parameter_draws_1000,0.00020831806837009366,0.00020436811399377917,0.00021226262384082333,131227,parameter_draws_1000,False
2023-03-01,False,2,A,2927,596343905.82,,,2927,none: population total,2305551.4718401283,2259950.2382329986,2352513.940241356,2927,parameter_draws_1000,0.003866144097959532,0.0037896760848515156,0.003944894744931688,2927,parameter_draws_1000,False
2023-03-01,False,3,A,218,30447896.28,,,218,none: population total,5143683.1474384945,5143683.1474384945,5143683.1474384945,218,parameter_draws_1000,0.1689339421067712,0.1689339421067712,0.1689339421067712,218,parameter_draws_1000,False
2023-03-01,False,1,B,39964,8021873043.14,,,39964,none: population total,5373800.452817711,5286734.657034091,5470262.692590571,39964,parameter_draws_1000,0.0006698934804775027,0.0006590399310239776,0.0006819183827982084,39964,parameter_draws_1000,False
2023-03-01,False,2,B,15749,4448442704.93,,,15749,none: population total,21154934.42557637,20423750.703579087,21877405.848703053,15749,parameter_draws_1000,0.004755582083170668,0.004591213613012123,0.004917992047971609,15749,parameter_draws_1000,False
2023-03-01,False,3,B,249,44666803.79,,,249,none: population total,7526469.749137987,7526469.749137987,7526469.749137987,249,parameter_draws_1000,0.16850253679496568,0.16850253679496568,0.16850253679496568,249,parameter_draws_1000,False
2023-03-01,False,1,C,27637,5179283816.95,,,27637,none: population total,5522405.784137759,5436672.607658584,5605756.992697087,27637,parameter_draws_1000,0.00106624892153329,0.0010496958266442628,0.0010823421134697018,27637,parameter_draws_1000,False
2023-03-01,False,2,C,13211,3549017723.92,,,13211,none: population total,30360148.453227725,29343757.668891676,31356049.994500082,13211,parameter_draws_1000,0.008554521508473618,0.008268135002853855,0.00883513479889482,13211,parameter_draws_1000,False
2023-03-01,False,3,C,347,64577635.99,,,347,none: population total,11233110.075947804,11233110.075947804,11233110.075947804,347,parameter_draws_1000,0.1739473720853962,0.1739473720853962,0.1739473720853962,347,parameter_draws_1000,False
2023-03-01,False,1,D,16592,2899770399.36,,,16592,none: population total,4454189.938160721,4385673.420089864,4522100.517927427,16592,parameter_draws_1000,0.0015360491779431201,0.0015124209216901495,0.0015594684734093036,16592,parameter_draws_1000,False
2023-03-01,False,2,D,8231,2068974356.13,,,8231,none: population total,29653471.095424987,28826627.200050306,30470532.76724672,8231,parameter_draws_1000,0.014332449799373814,0.013932810290587787,0.014727361253641444,8231,parameter_draws_1000,False
2023-03-01,False,3,D,369,63054314.56,,,369,none: population total,12323280.537688784,12323280.537688784,12323280.537688784,369,parameter_draws_1000,0.1954391324952464,0.1954391324952464,0.1954391324952464,369,parameter_draws_1000,False
2023-03-01,False,1,E,9580,1553543099.61,,,9580,none: population total,3081216.2454062756,3030393.49310445,3134379.6236815075,9580,parameter_draws_1000,0.001983347772057165,0.0019506336797898928,0.00201756850161953,9580,parameter_draws_1000,False
2023-03-01,False,2,E,4716,1109002363.53,,,4716,none: population total,23099174.579548247,22460957.4225893,23719877.476460867,4716,parameter_draws_1000,0.02082878751134725,0.020253299867725394,0.02138848234818862,4716,parameter_draws_1000,False
2023-03-01,False,3,E,283,46925300.72,,,283,none: population total,9612090.871788004,9612090.871788004,9612090.871788004,283,parameter_draws_1000,0.20483813048194793,0.20483813048194793,0.20483813048194793,283,parameter_draws_1000,False
2023-03-01,False,1,F,4213,654684923.71,,,4213,none: population total,1717911.071687847,1682714.7937689335,1751790.5365272989,4213,parameter_draws_1000,0.0026240272373353364,0.002570266601273242,0.0026757765042154445,4213,parameter_draws_1000,False
2023-03-01,False,2,F,2101,479171803.47,,,2101,none: population total,14290153.251578042,13886364.26962061,14657851.528807199,2101,parameter_draws_1000,0.029822608818159978,0.028979927802638344,0.03058997090951512,2101,parameter_draws_1000,False
2023-03-01,False,3,F,162,29267785.61,,,162,none: population total,6216237.769858239,6216237.769858239,6216237.769858239,162,parameter_draws_1000,0.21239180348971537,0.21239180348971537,0.21239180348971537,162,parameter_draws_1000,False
2023-03-01,False,1,G,1720,244658768.59,,,1720,none: population total,875456.0204051711,854879.7719944257,898447.1219877708,1720,parameter_draws_1000,0.0035782736316811244,0.0034941718088471055,0.0036722457452297223,1720,parameter_draws_1000,False
2023-03-01,False,2,G,706,143931750.48,,,706,none: population total,6482811.868781253,6316880.379199643,6635644.625528877,706,parameter_draws_1000,0.045040874214074614,0.043888025804823406,0.046102716067855584,706,parameter_draws_1000,False
2023-03-01,False,3,G,112,21367108.72,,,112,none: population total,4490343.669988293,4490343.669988293,4490343.669988293,112,parameter_draws_1000,0.21015214219344758,0.21015214219344758,0.21015214219344758,112,parameter_draws_1000,False
2023-06-01,False,1,A,133496,26883546868.68,,,133496,none: population total,5719918.964089304,5615050.683322186,5827913.9889671365,133496,parameter_draws_1000,0.00021276652935826529,0.00020886569435016997,0.00021678367134497426,133496,parameter_draws_1000,False
2023-06-01,False,2,A,2854,573591592.5,,,2854,none: population total,2181727.7607580405,2139398.93949679,2225503.358283016,2854,parameter_draws_1000,0.003803625766634717,0.0037298296688279826,0.0038799441752330353,2854,parameter_draws_1000,False
2023-06-01,False,3,A,218,29451017.76,,,218,none: population total,5144910.490485854,5144910.490485854,5144910.490485854,218,parameter_draws_1000,0.17469380964733947,0.17469380964733947,0.17469380964733947,218,parameter_draws_1000,False
2023-06-01,False,1,B,40826,8428685927.03,,,40826,none: population total,5551563.2830360215,5463210.457704049,5649935.657138076,40826,parameter_draws_1000,0.0006586511030423713,0.000648168706842433,0.0006703222431173126,40826,parameter_draws_1000,False
2023-06-01,False,2,B,16948,4763529040.54,,,16948,none: population total,22321232.577435654,21518928.678477712,23091154.87754952,16948,parameter_draws_1000,0.0046858605012105245,0.004517434132413371,0.004847489052975706,16948,parameter_draws_1000,False
2023-06-01,False,3,B,254,49172995.68,,,254,none: population total,8272711.8264426105,8272711.8264426105,8272711.8264426105,254,parameter_draws_1000,0.16823688921208738,0.16823688921208738,0.16823688921208738,254,parameter_draws_1000,False
2023-06-01,False,1,C,28822,5642040115.75,,,28822,none: population total,5855025.6403049845,5764677.090894506,5944867.925561793,28822,parameter_draws_1000,0.001037749735943994,0.0010217362820236177,0.0010536734591741798,28822,parameter_draws_1000,False
2023-06-01,False,2,C,13876,3703798452.67,,,13876,none: population total,32298281.451088913,31217642.553092346,33360966.61403103,13876,parameter_draws_1000,0.008720312906822908,0.008428547868361499,0.009007230560826474,13876,parameter_draws_1000,False
2023-06-01,False,3,C,329,62213464.57,,,329,none: population total,10538279.182124225,10538279.182124225,10538279.182124225,329,parameter_draws_1000,0.16938904230718405,0.16938904230718405,0.16938904230718405,329,parameter_draws_1000,False
2023-06-01,False,1,D,17573,3245399237.96,,,17573,none: population total,4823070.396206899,4748109.004727488,4899672.464009983,17573,parameter_draws_1000,0.0014861254479244267,0.0014630277067890312,0.0015097287281948797,17573,parameter_draws_1000,False
2023-06-01,False,2,D,8470,2122994515.31,,,8470,none: population total,30156468.917802222,29261495.428958625,31043520.78946102,8470,parameter_draws_1000,0.014204685269004933,0.013783123422099777,0.014622515774577044,8470,parameter_draws_1000,False
2023-06-01,False,3,D,350,62211461.65,,,350,none: population total,11911919.92256475,11911919.92256475,11911919.92256475,350,parameter_draws_1000,0.1914746833884227,0.1914746833884227,0.1914746833884227,350,parameter_draws_1000,False
2023-06-01,False,1,E,10111,1724849874.39,,,10111,none: population total,3354200.648662813,3296718.729738279,3412477.453238293,10111,parameter_draws_1000,0.0019446333843106429,0.001911307632442027,0.001978419979562064,10111,parameter_draws_1000,False
2023-06-01,False,2,E,4767,1120508387.76,,,4767,none: population total,23407753.674449217,22729175.5936394,24060093.62271767,4767,parameter_draws_1000,0.020890297591831048,0.020284699197189525,0.021472479711478133,4767,parameter_draws_1000,False
2023-06-01,False,3,E,281,47333363.36,,,281,none: population total,9524248.708938558,9524248.708938558,9524248.708938558,281,parameter_draws_1000,0.2012163943749498,0.2012163943749498,0.2012163943749498,281,parameter_draws_1000,False
2023-06-01,False,1,F,4449,735971645.49,,,4449,none: population total,1870037.566235753,1831805.385954862,1907473.7054283433,4449,parameter_draws_1000,0.002540909799576188,0.002488961901154861,0.0025917760787623457,4449,parameter_draws_1000,False
2023-06-01,False,2,F,2096,474938266.41,,,2096,none: population total,14311607.82739666,13900828.955000035,14685466.708938578,2096,parameter_draws_1000,0.03013361701843135,0.029268706983909074,0.03092079065337105,2096,parameter_draws_1000,False
2023-06-01,False,3,F,170,31973533.89,,,170,none: population total,6806731.829924951,6806731.829924951,6806731.829924951,170,parameter_draws_1000,0.21288644080890337,0.21288644080890337,0.21288644080890337,170,parameter_draws_1000,False
2023-06-01,False,1,G,1775,264544716.57,,,1775,none: population total,932063.2935654498,909869.3186579442,956541.7636885432,1775,parameter_draws_1000,0.003523273137525771,0.003439378152983024,0.003615803695083198,1775,parameter_draws_1000,False
2023-06-01,False,2,G,704,144074048.33,,,704,none: population total,6498224.0589522105,6329035.485681285,6647716.845698208,704,parameter_draws_1000,0.045103362710181505,0.04392904592494479,0.04614097349768145,704,parameter_draws_1000,False
2023-06-01,False,3,G,101,18468860.5,,,101,none: population total,3859855.8579470925,3859855.8579470925,3859855.8579470925,101,parameter_draws_1000,0.20899263698196716,0.20899263698196716,0.20899263698196716,101,parameter_draws_1000,False
2023-09-01,False,1,A,136078,27749795106.79,,,136078,none: population total,5568439.841575608,5462150.660070322,5674122.84544053,136078,parameter_draws_1000,0.00020066598042062968,0.00019683571136472312,0.0002044744050759549,136078,parameter_draws_1000,False
2023-09-01,False,2,A,2791,555601452.54,,,2791,none: population total,2211262.5469954917,2169236.449626119,2255496.586774295,2791,parameter_draws_1000,0.003979943783239649,0.0039043030570010016,0.004059558477507603,2791,parameter_draws_1000,False
2023-09-01,False,3,A,235,31902871.23,,,235,none: population total,5636038.413705286,5636038.413705286,5636038.413705286,235,parameter_draws_1000,0.17666241928737164,0.17666241928737164,0.17666241928737164,235,parameter_draws_1000,False
2023-09-01,False,1,B,44208,9500844457.64,,,44208,none: population total,5780203.856596072,5688223.715183284,5884224.422333717,44208,parameter_draws_1000,0.0006083884314039038,0.0005987071718250435,0.0006193369914189031,44208,parameter_draws_1000,False
2023-09-01,False,2,B,15427,4327466050.9,,,15427,none: population total,20663553.260781333,19941807.72687226,21373352.2123392,15427,parameter_draws_1000,0.004774977554470671,0.004608195071276154,0.004938999396169521,15427,parameter_draws_1000,False
2023-09-01,False,3,B,241,46961091.65,,,241,none: population total,7830922.208193976,7830922.208193976,7830922.208193976,241,parameter_draws_1000,0.16675341081416228,0.16675341081416228,0.16675341081416228,241,parameter_draws_1000,False
2023-09-01,False,1,C,31376,6407363392.75,,,31376,none: population total,6142222.768379301,6045767.636458182,6236316.814982009,31376,parameter_draws_1000,0.0009586193870835064,0.0009435655925648033,0.0009733046859865119,31376,parameter_draws_1000,False
2023-09-01,False,2,C,12884,3431109808.32,,,12884,none: population total,29939157.796627916,28950477.520553555,30921451.730195273,12884,parameter_draws_1000,0.008725794121782203,0.008437642377504903,0.009012084560865621,12884,parameter_draws_1000,False
2023-09-01,False,3,C,350,69793656.88,,,350,none: population total,11665789.639451081,11665789.639451081,11665789.639451081,350,parameter_draws_1000,0.1671468463030774,0.1671468463030774,0.1671468463030774,350,parameter_draws_1000,False
2023-09-01,False,1,D,19197,3735148653.62,,,19197,none: population total,5079699.50481591,5001309.713848467,5160508.050377902,19197,parameter_draws_1000,0.0013599725140504943,0.0013389854534976377,0.0013816071404217029,19197,parameter_draws_1000,False
2023-09-01,False,2,D,7971,1990157475.28,,,7971,none: population total,28570405.006453015,27715307.43380273,29421048.185456373,7971,parameter_draws_1000,0.014355851414438134,0.01392618814242496,0.0147832764748011,7971,parameter_draws_1000,False
2023-09-01,False,3,D,383,72511497.16,,,383,none: population total,13433503.549557647,13433503.549557647,13433503.549557647,383,parameter_draws_1000,0.18526032526836392,0.18526032526836392,0.18526032526836392,383,parameter_draws_1000,False
2023-09-01,False,1,E,10934,1976057571.81,,,10934,none: population total,3509796.9161162414,3451425.7156679765,3571745.954512585,10934,parameter_draws_1000,0.001776161264826606,0.0017466220442689786,0.0018075110793664732,10934,parameter_draws_1000,False
2023-09-01,False,2,E,4551,1065719136.21,,,4551,none: population total,22633671.20990298,21968110.430701535,23264150.877750345,4551,parameter_draws_1000,0.02123793262303119,0.020613414627071797,0.021829532835906724,4551,parameter_draws_1000,False
2023-09-01,False,3,E,295,53400134.34,,,295,none: population total,10132481.82575797,10132481.82575797,10132481.82575797,295,parameter_draws_1000,0.18974637331891717,0.18974637331891717,0.18974637331891717,295,parameter_draws_1000,False
2023-09-01,False,1,F,4769,836352161.96,,,4769,none: population total,1933766.1998424616,1894219.4153162749,1973374.7424550885,4769,parameter_draws_1000,0.0023121434818924366,0.002264858634282898,0.0023595021717053542,4769,parameter_draws_1000,False
2023-09-01,False,2,F,1987,448451112.26,,,1987,none: population total,14106680.19130157,13717575.021226741,14463131.904585961,1987,parameter_draws_1000,0.03145645044832199,0.03058878581456981,0.032251301221437545,1987,parameter_draws_1000,False
2023-09-01,False,3,F,178,35577836.04,,,178,none: population total,6843211.0212214915,6843211.0212214915,6843211.0212214915,178,parameter_draws_1000,0.19234477930382557,0.19234477930382557,0.19234477930382557,178,parameter_draws_1000,False
2023-09-01,False,1,G,1865,297257358.17,,,1865,none: population total,943038.9144195945,920456.3128133465,968400.9661993841,1865,parameter_draws_1000,0.003172466176195629,0.0030964963104023217,0.003257786357791555,1865,parameter_draws_1000,False
2023-09-01,False,2,G,685,140402995.64,,,685,none: population total,6345577.581734696,6182864.607861348,6486427.655044016,685,parameter_draws_1000,0.04519545721093488,0.04403655762242075,0.04619864145687837,685,parameter_draws_1000,False
2023-09-01,False,3,G,99,17457704.5,,,99,none: population total,3654940.5696618897,3654940.5696618897,3654940.5696618897,99,parameter_draws_1000,0.20935974541566388,0.20935974541566388,0.20935974541566388,99,parameter_draws_1000,False
2023-12-01,False,1,A,138623,28527840488.32,,,138623,none: population total,5559165.823882663,5452784.871594086,5665377.700781573,138623,parameter_draws_1000,0.00019486809126539816,0.00019113906900266743,0.00019859118684784842,138623,parameter_draws_1000,False
2023-12-01,False,2,A,2812,559742243.13,,,2812,none: population total,2212298.938757939,2169104.0169555503,2256730.9168512714,2812,parameter_draws_1000,0.003952353008747515,0.003875183700315748,0.004031732363510656,2812,parameter_draws_1000,False
2023-12-01,False,3,A,226,33978820.18,,,226,none: population total,5821010.229439191,5821010.229439191,5821010.229439191,226,parameter_draws_1000,0.17131290017142645,0.17131290017142645,0.17131290017142645,226,parameter_draws_1000,False
2023-12-01,False,1,B,46377,10206298108.47,,,46377,none: population total,5993320.579749112,5895369.024400271,6100426.523399719,46377,parameter_draws_1000,0.0005872178645042101,0.0005776206967252724,0.0005977119675092676,46377,parameter_draws_1000,False
2023-12-01,False,2,B,15327,4284647869.0,,,15327,none: population total,20778651.859851573,20073140.703925654,21479217.206461567,15327,parameter_draws_1000,0.004849558819101074,0.0046848985768836475,0.005013064751917321,15327,parameter_draws_1000,False
2023-12-01,False,3,B,250,50456141.68,,,250,none: population total,8019897.469975327,8019897.469975327,8019897.469975327,250,parameter_draws_1000,0.1589478942095623,0.1589478942095623,0.1589478942095623,250,parameter_draws_1000,False
2023-12-01,False,1,C,33872,7207803776.0,,,33872,none: population total,6618484.571070194,6511441.65424176,6721628.475337319,33872,parameter_draws_1000,0.0009182387280169756,0.0009033877525804831,0.0009325487602365771,33872,parameter_draws_1000,False
2023-12-01,False,2,C,12049,3172810642.75,,,12049,none: population total,28453405.54319778,27526479.769739535,29368914.25920115,12049,parameter_draws_1000,0.008967886441069202,0.00867573986258482,0.00925643461462483,12049,parameter_draws_1000,False
2023-12-01,False,3,C,399,83686331.89,,,399,none: population total,13194327.079578612,13194327.079578612,13194327.079578612,399,parameter_draws_1000,0.15766406271601985,0.15766406271601985,0.15766406271601985,399,parameter_draws_1000,False
2023-12-01,False,1,D,20843,4231825368.75,,,20843,none: population total,5514105.965570932,5427658.569875216,5600667.492773541,20843,parameter_draws_1000,0.001303008863808502,0.001282580942483088,0.001323463754939366,20843,parameter_draws_1000,False
2023-12-01,False,2,D,7437,1840878129.64,,,7437,none: population total,27490809.930623688,26682277.01903963,28283762.093143165,7437,parameter_draws_1000,0.01493353062758139,0.014494320177652164,0.015364277318387342,7437,parameter_draws_1000,False
2023-12-01,False,3,D,384,74467099.26,,,384,none: population total,13458891.51944174,13458891.51944174,13458891.51944174,384,parameter_draws_1000,0.18073607879434594,0.18073607879434594,0.18073607879434594,384,parameter_draws_1000,False
2023-12-01,False,1,E,11729,2217817382.62,,,11729,none: population total,3778317.868322971,3715037.8030417794,3845362.344067972,11729,parameter_draws_1000,0.0017036199183629297,0.0016750873323271777,0.0017338498535552488,11729,parameter_draws_1000,False
2023-12-01,False,2,E,4279,993440185.58,,,4279,none: population total,22253092.703821227,21605037.669750374,22858043.068720583,4279,parameter_draws_1000,0.02240003276174016,0.021747698536210017,0.023008977692376493,4279,parameter_draws_1000,False
2023-12-01,False,3,E,333,64578131.92,,,333,none: population total,11137062.432522586,11137062.432522586,11137062.432522586,333,parameter_draws_1000,0.17245872714805816,0.17245872714805816,0.17245872714805816,333,parameter_draws_1000,False
2023-12-01,False,1,F,5047,921746115.8,,,5047,none: population total,2040497.0386101094,1997994.065590445,2082102.4845081025,5047,parameter_draws_1000,0.0022137300105019974,0.002167618643943349,0.00225886765218534,5047,parameter_draws_1000,False
2023-12-01,False,2,F,1873,422980491.89,,,1873,none: population total,13919639.541683368,13538054.90101759,14269426.947052632,1873,parameter_draws_1000,0.03290846695904666,0.0320063340049694,0.033735425677181186,1873,parameter_draws_1000,False
2023-12-01,False,3,F,184,36966750.41,,,184,none: population total,6917730.791482462,6917730.791482462,6917730.791482462,184,parameter_draws_1000,0.18713386258617754,0.18713386258617754,0.18713386258617754,184,parameter_draws_1000,False
2023-12-01,False,1,G,1917,316174356.77,,,1917,none: population total,966972.7672480601,944015.7068694582,992425.1501489342,1917,parameter_draws_1000,0.003058352919972828,0.0029857440575301914,0.0031388540180406557,1917,parameter_draws_1000,False
2023-12-01,False,2,G,666,133118618.4,,,666,none: population total,6092387.465130748,5925989.557340423,6238333.7674992755,666,parameter_draws_1000,0.045766606792928884,0.044516609536419456,0.04686296960169829,666,parameter_draws_1000,False
2023-12-01,False,3,G,100,19321189.4,,,100,none: population total,3776421.715853325,3776421.715853325,3776421.715853325,100,parameter_draws_1000,0.1954549296977196,0.1954549296977196,0.1954549296977196,100,parameter_draws_1000,False
2024-03-01,False,1,A,140641,29215049301.71,,,140641,none: population total,5615227.834359839,5507251.5301126735,5723494.027085246,140641,parameter_draws_1000,0.00019220326402225756,0.00018850735020975394,0.00019590910040840633,140641,parameter_draws_1000,False
2024-03-01,False,2,A,2691,537499288.25,,,2691,none: population total,1877391.259726198,1841365.3957006678,1915108.5701348598,2691,parameter_draws_1000,0.0034928255734786974,0.003425800621421879,0.0035629974066944447,2691,parameter_draws_1000,False
2024-03-01,False,3,A,242,38590972.17,,,242,none: population total,6086533.729792913,6086533.729792913,6086533.729792913,242,parameter_draws_1000,0.15771910857753635,0.15771910857753635,0.15771910857753635,242,parameter_draws_1000,False
2024-03-01,False,1,B,48055,10774540053.54,,,48055,none: population total,6210913.498976654,6109085.625721774,6321118.831692355,48055,parameter_draws_1000,0.0005764434925401798,0.0005669927064510397,0.0005866718022562398,48055,parameter_draws_1000,False
2024-03-01,False,2,B,15172,4221797155.97,,,15172,none: population total,19580704.43547295,18901172.247300718,20264235.772363372,15172,parameter_draws_1000,0.004638002185345186,0.004477044147081478,0.004799907485774849,15172,parameter_draws_1000,False
2024-03-01,False,3,B,283,62723347.15,,,283,none: population total,9592143.93141649,9592143.93141649,9592143.93141649,283,parameter_draws_1000,0.1529278070648449,0.1529278070648449,0.1529278070648449,283,parameter_draws_1000,False
2024-03-01,False,1,C,35274,7655316258.76,,,35274,none: population total,6936447.65090359,6824952.176073948,7044452.81964822,35274,parameter_draws_1000,0.000906095504933084,0.0008915310544177892,0.0009202040231306228,35274,parameter_draws_1000,False
2024-03-01,False,2,C,11966,3148372726.69,,,11966,none: population total,27501298.57750426,26600005.718987696,28375871.283475574,11966,parameter_draws_1000,0.008735083474826497,0.008448810870926728,0.009012869106291673,11966,parameter_draws_1000,False
2024-03-01,False,3,C,431,91678065.32,,,431,none: population total,14220774.634696925,14220774.634696925,14220774.634696925,431,parameter_draws_1000,0.15511643472252243,0.15511643472252243,0.15511643472252243,431,parameter_draws_1000,False
2024-03-01,False,1,D,21732,4503272573.96,,,21732,none: population total,5797849.630390051,5706049.494230296,5887697.524194189,21732,parameter_draws_1000,0.0012874747275827567,0.0012670895222344095,0.0013074264165663816,21732,parameter_draws_1000,False
2024-03-01,False,2,D,7338,1813540568.56,,,7338,none: population total,25681554.772124797,24913586.590196215,26429519.764354393,7338,parameter_draws_1000,0.014161003738955034,0.013737540269076127,0.01457343729858778,7338,parameter_draws_1000,False
2024-03-01,False,3,D,444,89328721.53,,,444,none: population total,15911548.300478943,15911548.300478943,15911548.300478943,444,parameter_draws_1000,0.1781235422152016,0.1781235422152016,0.1781235422152016,444,parameter_draws_1000,False
2024-03-01,False,1,E,12230,2389345564.37,,,12230,none: population total,3973708.4001706075,3909705.361735276,4044168.9897537325,12230,parameter_draws_1000,0.0016630948906791376,0.0016363080418491706,0.0016925843837996956,12230,parameter_draws_1000,False
2024-03-01,False,2,E,4267,988519248.92,,,4267,none: population total,21070624.61491376,20460130.574254904,21643249.525015067,4267,parameter_draws_1000,0.021315340736090198,0.020697756362972684,0.02189461616317664,4267,parameter_draws_1000,False
2024-03-01,False,3,E,381,73971074.7,,,381,none: population total,13153309.25057785,13153309.25057785,13153309.25057785,381,parameter_draws_1000,0.17781692781837938,0.17781692781837938,0.17781692781837938,381,parameter_draws_1000,False
2024-03-01,False,1,F,5266,998359772.39,,,5266,none: population total,2145451.612114506,2100610.6981581417,2189461.8824851927,5266,parameter_draws_1000,0.002148976422576054,0.002104061838478762,0.002193058998404735,5266,parameter_draws_1000,False
2024-03-01,False,2,F,1853,418237629.88,,,1853,none: population total,13166439.23350022,12805993.635100571,13489530.004151488,1853,parameter_draws_1000,0.03148076187519978,0.03061894176947886,0.032253267139118684,1853,parameter_draws_1000,False
2024-03-01,False,3,F,195,42984624.43,,,195,none: population total,7494270.780629036,7494270.780629036,7494270.780629036,195,parameter_draws_1000,0.17434770874486472,0.17434770874486472,0.17434770874486472,195,parameter_draws_1000,False
2024-03-01,False,1,G,2005,346783536.81,,,2005,none: population total,1020376.3913352621,996533.5222593154,1047149.9548688577,2005,parameter_draws_1000,0.0029424014782291077,0.002873647150110555,0.0030196068835948893,2005,parameter_draws_1000,False
2024-03-01,False,2,G,656,132118505.37,,,656,none: population total,5475753.43853034,5322668.049269625,5610030.613704259,656,parameter_draws_1000,0.04144577190905546,0.0402870743531605,0.04246211079964368,656,parameter_draws_1000,False
2024-03-01,False,3,G,103,19953482.94,,,103,none: population total,3929394.3381603286,3929394.3381603286,3929394.3381603286,103,parameter_draws_1000,0.19692774188726814,0.19692774188726814,0.19692774188726814,103,parameter_draws_1000,False
2024-06-01,False,1,A,143048,30122352923.44,,,143048,none: population total,5827707.119638538,5716702.32144593,5941574.077770874,143048,parameter_draws_1000,0.00019346785871775812,0.0001897827283272225,0.00019724800691606602,143048,parameter_draws_1000,False
2024-06-01,False,2,A,2804,570041668.08,,,2804,none: population total,1966993.8119183148,1929750.2326182765,2005978.198094092,2804,parameter_draws_1000,0.0034506140902707933,0.003385279253564064,0.0035190027508876275,2804,parameter_draws_1000,False
2024-06-01,False,3,A,238,38472290.02,,,238,none: population total,5883907.778775902,5883907.778775902,5883907.778775902,238,parameter_draws_1000,0.15293884964261614,0.15293884964261614,0.15293884964261614,238,parameter_draws_1000,False
2024-06-01,False,1,B,49993,11503956054.29,,,49993,none: population total,6616581.063247794,6509924.583670002,6733281.45394395,49993,parameter_draws_1000,0.0005751570183354769,0.0005658857312169888,0.0005853013886847219,49993,parameter_draws_1000,False
2024-06-01,False,2,B,15097,4175516372.1,,,15097,none: population total,19710283.228457615,19051647.038685467,20386324.22745967,15097,parameter_draws_1000,0.004720442089548002,0.004562704427645147,0.004882348052489311,15097,parameter_draws_1000,False
2024-06-01,False,3,B,291,65740434.14,,,291,none: population total,9722383.64544389,9722383.64544389,9722383.64544389,291,parameter_draws_1000,0.14789046912497147,0.14789046912497147,0.14789046912497147,291,parameter_draws_1000,False
2024-06-01,False,1,C,36795,8197538392.86,,,36795,none: population total,7427927.167216586,7308420.129940935,7542534.491101556,36795,parameter_draws_1000,0.0009061167891188238,0.0008915383838039137,0.0009200974889816988,36795,parameter_draws_1000,False
2024-06-01,False,2,C,11947,3127140089.89,,,11947,none: population total,27817779.457719017,26920155.146524657,28680306.745957527,11947,parameter_draws_1000,0.008895597465445666,0.008608554261306406,0.009171417308319689,11947,parameter_draws_1000,False
2024-06-01,False,3,C,440,96296430.31,,,440,none: population total,14122150.514736641,14122150.514736641,14122150.514736641,440,parameter_draws_1000,0.14665289740517112,0.14665289740517112,0.14665289740517112,440,parameter_draws_1000,False
2024-06-01,False,1,D,22646,4823979177.92,,,22646,none: population total,6218808.564756368,6119950.6782790795,6314379.49544537,22646,parameter_draws_1000,0.0012891449849577895,0.0012686519681284934,0.0013089566232680134,22646,parameter_draws_1000,False
2024-06-01,False,2,D,7347,1811419924.23,,,7347,none: population total,26673438.140933998,25916856.189739004,27397550.54481328,7347,parameter_draws_1000,0.01472515444052674,0.014307481022522023,0.015124902944003697,7347,parameter_draws_1000,False
2024-06-01,False,3,D,434,90880412.96,,,434,none: population total,15633108.903801367,15633108.903801367,15633108.903801367,434,parameter_draws_1000,0.17201846244561086,0.17201846244561086,0.17201846244561086,434,parameter_draws_1000,False
2024-06-01,False,1,E,12729,2575220014.87,,,12729,none: population total,4286109.203019904,4216655.033737842,4359472.768631774,12729,parameter_draws_1000,0.0016643662204669032,0.001637396031946693,0.0016928544914450133,12729,parameter_draws_1000,False
2024-06-01,False,2,E,4308,994248570.14,,,4308,none: population total,21768555.624426916,21164060.03353844,22332103.247643515,4308,parameter_draws_1000,0.02189448019156989,0.02128648777494176,0.02246128776881111,4308,parameter_draws_1000,False
2024-06-01,False,3,E,372,77424439.6,,,372,none: population total,13243021.52177648,13243021.52177648,13243021.52177648,372,parameter_draws_1000,0.17104446076967772,0.17104446076967772,0.17104446076967772,372,parameter_draws_1000,False
2024-06-01,False,1,F,5421,1063169594.02,,,5421,none: population total,2277383.383261714,2230129.0655399635,2323088.251445325,5421,parameter_draws_1000,0.0021420697093589686,0.0020976230679317295,0.002185058963792774,5421,parameter_draws_1000,False
2024-06-01,False,2,F,1887,426097810.21,,,1887,none: population total,13928569.103262752,13573136.895026268,14252067.2264212,1887,parameter_draws_1000,0.03268866623932691,0.03185450985616853,0.033447877189035885,1887,parameter_draws_1000,False
2024-06-01,False,3,F,199,43004238.4,,,199,none: population total,7494330.343320776,7494330.343320776,7494330.343320776,199,parameter_draws_1000,0.17426957486406214,0.17426957486406214,0.17426957486406214,199,parameter_draws_1000,False
2024-06-01,False,1,G,2095,382579579.28,,,2095,none: population total,1114163.2710380733,1088915.1467754995,1142593.76499523,2095,parameter_draws_1000,0.002912239260482448,0.0028462448226452535,0.002986551888486958,2095,parameter_draws_1000,False
2024-06-01,False,2,G,648,131989185.15,,,648,none: population total,5322228.04091979,5174681.262831353,5451649.013736747,648,parameter_draws_1000,0.04032321310925064,0.039205342899500076,0.04130375536102585,648,parameter_draws_1000,False
2024-06-01,False,3,G,112,22722124.26,,,112,none: population total,4187775.5222584046,4187775.5222584046,4187775.5222584046,112,parameter_draws_1000,0.18430387380772137,0.18430387380772137,0.18430387380772137,112,parameter_draws_1000,False
2024-09-01,False,1,A,145057,30957939967.67,,,145057,none: population total,6092534.368086315,5977330.195180731,6210718.537097456,145057,parameter_draws_1000,0.00019680038059537784,0.0001930790679684429,0.00020061795273146194,145057,parameter_draws_1000,False
2024-09-01,False,2,A,2866,581351948.43,,,2866,none: population total,2156551.0817360766,2115278.3998556533,2199348.78243214,2866,parameter_draws_1000,0.003709544773282453,0.0036385504608149643,0.0037831623139334184,2866,parameter_draws_1000,False
2024-09-01,False,3,A,240,41008215.37,,,240,none: population total,6201277.36630462,6201277.36630462,6201277.36630462,240,parameter_draws_1000,0.15122036670830674,0.15122036670830674,0.15122036670830674,240,parameter_draws_1000,False
2024-09-01,False,1,B,50670,11843325586.85,,,50670,none: population total,6915863.363813239,6805432.405020235,7038664.7713963725,50670,parameter_draws_1000,0.0005839460642281194,0.0005746217441304248,0.0005943148923653347,50670,parameter_draws_1000,False
2024-09-01,False,2,B,15871,4386820451.37,,,15871,none: population total,20579354.60345853,19891696.905817494,21285135.49080397,15871,parameter_draws_1000,0.004691177774789396,0.004534422396887781,0.004852064434083834,15871,parameter_draws_1000,False
2024-09-01,False,3,B,320,72469505.67,,,320,none: population total,10920872.544909894,10920872.544909894,10920872.544909894,320,parameter_draws_1000,0.15069610926614582,0.15069610926614582,0.15069610926614582,320,parameter_draws_1000,False
2024-09-01,False,1,C,37180,8401525074.85,,,37180,none: population total,7772516.409325652,7647364.848451157,7891447.849771246,37180,parameter_draws_1000,0.0009251316088542914,0.0009102353180309578,0.0009392875435668611,37180,parameter_draws_1000,False
2024-09-01,False,2,C,12578,3295321426.24,,,12578,none: population total,29213511.33993137,28284273.786163032,30109590.562833138,12578,parameter_draws_1000,0.008865147753815422,0.00858316082945381,0.009137072433382782,12578,parameter_draws_1000,False
2024-09-01,False,3,C,472,108653178.8,,,472,none: population total,15497064.367370965,15497064.367370965,15497064.367370965,472,parameter_draws_1000,0.14262872507298394,0.14262872507298394,0.14262872507298394,472,parameter_draws_1000,False
2024-09-01,False,1,D,22831,4953794773.5,,,22831,none: population total,6487524.206519551,6384309.22005361,6585496.19773408,22831,parameter_draws_1000,0.0013096069787194528,0.001288771439262291,0.0013293841385926522,22831,parameter_draws_1000,False
2024-09-01,False,2,D,7782,1920143989.12,,,7782,none: population total,27950073.863429096,27159949.176730655,28709625.60686945,7782,parameter_draws_1000,0.014556238501800371,0.014144746087077581,0.014951808702652059,7782,parameter_draws_1000,False
2024-09-01,False,3,D,489,108342608.47,,,489,none: population total,17594766.847761452,17594766.847761452,17594766.847761452,489,parameter_draws_1000,0.16239932835504356,0.16239932835504356,0.16239932835504356,489,parameter_draws_1000,False
2024-09-01,False,1,E,12903,2664377895.75,,,12903,none: population total,4510343.901302992,4439202.621514628,4586201.44490443,12903,parameter_draws_1000,0.0016928319021477876,0.0016661310051384545,0.0017213029173601716,12903,parameter_draws_1000,False
2024-09-01,False,2,E,4522,1054484180.72,,,4522,none: population total,22820336.66685076,22198562.61655629,23400499.35106389,4522,parameter_draws_1000,0.021641231878195718,0.02105158429346863,0.022191418115998732,4522,parameter_draws_1000,False
2024-09-01,False,3,E,383,83398735.43,,,383,none: population total,13777520.232973613,13777520.232973613,13777520.232973613,383,parameter_draws_1000,0.16520058921681915,0.16520058921681915,0.16520058921681915,383,parameter_draws_1000,False
2024-09-01,False,1,F,5475,1094223704.25,,,5475,none: population total,2373921.671286162,2325234.370443268,2420887.643022103,5475,parameter_draws_1000,0.0021695030568847796,0.002125008224014873,0.002212424784456138,5475,parameter_draws_1000,False
2024-09-01,False,2,F,1999,457284567.47,,,1999,none: population total,14815116.957264755,14445920.062972054,15148681.658959122,1999,parameter_draws_1000,0.03239802523673991,0.031590657307541375,0.03312747189954742,1999,parameter_draws_1000,False
2024-09-01,False,3,F,237,50990695.62,,,237,none: population total,8706199.062282532,8706199.062282532,8706199.062282532,237,parameter_draws_1000,0.17074093531031795,0.17074093531031795,0.17074093531031795,237,parameter_draws_1000,False
2024-09-01,False,1,G,2123,403858284.93,,,2123,none: population total,1175597.3341302811,1149348.9354325305,1205003.8724377214,2123,parameter_draws_1000,0.0029109154819840955,0.002845921399462549,0.0029837294848280315,2123,parameter_draws_1000,False
2024-09-01,False,2,G,697,145050831.49,,,697,none: population total,6449178.864875628,6296921.79009616,6582095.490049585,697,parameter_draws_1000,0.0444615091042773,0.04341182829090007,0.045377854249000725,697,parameter_draws_1000,False
2024-09-01,False,3,G,102,20957016.37,,,102,none: population total,3687872.1307857702,3687872.1307857702,3687872.1307857702,102,parameter_draws_1000,0.17597314740207792,0.17597314740207792,0.17597314740207792,102,parameter_draws_1000,False
2024-12-01,False,1,A,147116,31809896923.98,,,147116,none: population total,6172322.341219276,6055883.201621354,6291126.646986513,147116,parameter_draws_1000,0.00019403779760651316,0.00019037732866893087,0.00019777261969824007,147116,parameter_draws_1000,False
2024-12-01,False,2,A,2962,614255905.16,,,2962,none: population total,2636097.3993343795,2590441.3873564205,2682856.5543211713,2962,parameter_draws_1000,0.004291529600594942,0.0042172022533209,0.004367652849218189,2962,parameter_draws_1000,False
2024-12-01,False,3,A,257,44568948.47,,,257,none: population total,6533664.110254186,6533664.110254186,6533664.110254186,257,parameter_draws_1000,0.14659677498678456,0.14659677498678456,0.14659677498678456,257,parameter_draws_1000,False
2024-12-01,False,1,B,52061,12378874141.6,,,52061,none: population total,7179328.714537857,7064021.761747695,7308018.458807478,52061,parameter_draws_1000,0.0005799662095611153,0.0005706513921172037,0.0005903621262493019,52061,parameter_draws_1000,False
2024-12-01,False,2,B,15740,4332070608.85,,,15740,none: population total,21209165.365319267,20556262.06275811,21874282.7758394,15740,parameter_draws_1000,0.00489584941713346,0.00474513550650898,0.0050493827896416,15740,parameter_draws_1000,False
2024-12-01,False,3,B,374,88837959.34,,,374,none: population total,12710845.391930753,12710845.391930753,12710845.391930753,374,parameter_draws_1000,0.14307898882823158,0.14307898882823158,0.14307898882823158,374,parameter_draws_1000,False
2024-12-01,False,1,C,38173,8761900005.06,,,38173,none: population total,8039481.334510338,7912422.675938332,8160536.576722053,38173,parameter_draws_1000,0.0009175499982729242,0.000903048730454457,0.0009313660932000297,38173,parameter_draws_1000,False
2024-12-01,False,2,C,12529,3282265997.42,,,12529,none: population total,30160874.54004928,29314254.80715594,30943687.453306466,12529,parameter_draws_1000,0.009189040304398547,0.008931102729089655,0.009427538011126921,12529,parameter_draws_1000,False
2024-12-01,False,3,C,530,121987781.94,,,530,none: population total,17777827.13686817,17777827.13686817,17777827.13686817,530,parameter_draws_1000,0.14573448958693455,0.14573448958693455,0.14573448958693455,530,parameter_draws_1000,False
2024-12-01,False,1,D,23364,5156899795.77,,,23364,none: population total,6718783.0583448,6611894.057384107,6819529.600155078,23364,parameter_draws_1000,0.0013028725250500213,0.0012821451490695206,0.0013224087863310562,23364,parameter_draws_1000,False
2024-12-01,False,2,D,7789,1922132023.59,,,7789,none: population total,29736156.022785116,29061099.60891911,30386375.42149206,7789,parameter_draws_1000,0.015470402479038027,0.015119200581571488,0.01580868277962452,7789,parameter_draws_1000,False
2024-12-01,False,3,D,539,120350694.53,,,539,none: population total,19030989.44011347,19030989.44011347,19030989.44011347,539,parameter_draws_1000,0.15812945255060065,0.15812945255060065,0.15812945255060065,539,parameter_draws_1000,False
2024-12-01,False,1,E,13163,2769192929.9,,,13163,none: population total,4656676.583486076,4584045.594999729,4734708.327856937,13163,parameter_draws_1000,0.0016816006328797886,0.0016553724175387325,0.0017097791478284307,13163,parameter_draws_1000,False
2024-12-01,False,2,E,4543,1061759140.34,,,4543,none: population total,24873378.71840483,24358701.00697169,25370949.108982,4543,parameter_draws_1000,0.02342657366758321,0.022941833115909385,0.023895201976653225,4543,parameter_draws_1000,False
2024-12-01,False,3,E,419,94143693.23,,,419,none: population total,14992876.27856488,14992876.27856488,14992876.27856488,419,parameter_draws_1000,0.15925523807459066,0.15925523807459066,0.15925523807459066,419,parameter_draws_1000,False
2024-12-01,False,1,F,5575,1135599720.91,,,5575,none: population total,2430221.167078299,2380850.362223199,2477506.032931692,5575,parameter_draws_1000,0.002140033254966696,0.0020965577204574612,0.0021816719283326087,5575,parameter_draws_1000,False
2024-12-01,False,2,F,1995,460998043.39,,,1995,none: population total,15884120.625901632,15560036.934299152,16181294.289969008,1995,parameter_draws_1000,0.03445593935517816,0.0337529348712127,0.03510057042970958,1995,parameter_draws_1000,False
2024-12-01,False,3,F,272,59597905.3,,,272,none: population total,10238052.782526871,10238052.782526871,10238052.782526871,272,parameter_draws_1000,0.17178544666949683,0.17178544666949683,0.17178544666949683,272,parameter_draws_1000,False
2024-12-01,False,1,G,2148,417252461.35,,,2148,none: population total,1188199.315698223,1161644.0253534294,1217552.2843938963,2148,parameter_draws_1000,0.0028476747910698044,0.0027840315707065855,0.0029180230128650776,2148,parameter_draws_1000,False
2024-12-01,False,2,G,706,149341474.39,,,706,none: population total,6599364.2505223,6454516.916819999,6735678.155414099,706,parameter_draws_1000,0.04418976227118458,0.043219855322736776,0.04510252883819878,706,parameter_draws_1000,False
2024-12-01,False,3,G,111,22759375.66,,,111,none: population total,3974619.2397743966,3974619.2397743966,3974619.2397743966,111,parameter_draws_1000,0.17463656732727775,0.17463656732727775,0.17463656732727775,111,parameter_draws_1000,False
2025-03-01,False,1,A,149231,32584328042.61,,,149231,none: population total,6296882.739899805,6178776.545281988,6418559.889408049,149231,parameter_draws_1000,0.0001932488137139263,0.00018962418182146034,0.0001969830367842664,149231,parameter_draws_1000,False
2025-03-01,False,2,A,2992,616518216.17,,,2992,none: population total,2303968.8589140754,2260483.650295533,2348474.962772681,2992,parameter_draws_1000,0.0037370653428977912,0.0036665318088058285,0.0038092547814112076,2992,parameter_draws_1000,False
2025-03-01,False,3,A,284,53568355.97,,,284,none: population total,7504874.507262133,7504874.507262133,7504874.507262133,284,parameter_draws_1000,0.14009902621363074,0.14009902621363074,0.14009902621363074,284,parameter_draws_1000,False
2025-03-01,False,1,B,53640,12942325607.86,,,53640,none: population total,7503838.434910848,7382185.129755963,7636781.149681655,53640,parameter_draws_1000,0.000579790577232402,0.0005703909292216145,0.0005900625112571548,53640,parameter_draws_1000,False
2025-03-01,False,2,B,15614,4275164778.91,,,15614,none: population total,19805987.450566333,19132013.065321982,20474137.83097625,15614,parameter_draws_1000,0.0046328009503334485,0.0044751521999112035,0.004789087412952621,15614,parameter_draws_1000,False
2025-03-01,False,3,B,398,95715947.55,,,398,none: population total,13779512.715496654,13779512.715496654,13779512.715496654,398,parameter_draws_1000,0.14396255867705354,0.14396255867705354,0.14396255867705354,398,parameter_draws_1000,False
2025-03-01,False,1,C,39252,9163150236.58,,,39252,none: population total,8423138.790171096,8294132.918469963,8550260.148442283,39252,parameter_draws_1000,0.0009192404983763421,0.0009051617297901705,0.0009331136047850648,39252,parameter_draws_1000,False
2025-03-01,False,2,C,12474,3263359439.8,,,12474,none: population total,28844591.283763606,27953263.656100538,29696420.141491856,12474,parameter_draws_1000,0.008838925596725377,0.008565793677270714,0.00909995380199732,12474,parameter_draws_1000,False
2025-03-01,False,3,C,566,126309731.33,,,566,none: population total,18181974.707002472,18181974.707002472,18181974.707002472,566,parameter_draws_1000,0.14394753686475498,0.14394753686475498,0.14394753686475498,566,parameter_draws_1000,False
2025-03-01,False,1,D,23955,5364360695.19,,,23955,none: population total,7001156.786501943,6891223.796656324,7105706.159331581,23955,parameter_draws_1000,0.0013051241675041709,0.0012846309538498033,0.001324613791481802,23955,parameter_draws_1000,False
2025-03-01,False,2,D,7718,1903982189.43,,,7718,none: population total,27450896.605787538,26713851.856907833,28158539.47694166,7718,parameter_draws_1000,0.014417622579760361,0.01403051562415362,0.014789287228244267,7718,parameter_draws_1000,False
2025-03-01,False,3,D,607,141928858.87,,,607,none: population total,21646738.366696343,21646738.366696343,21646738.366696343,607,parameter_draws_1000,0.1525182301826559,0.1525182301826559,0.1525182301826559,607,parameter_draws_1000,False
2025-03-01,False,1,E,13406,2867362862.07,,,13406,none: population total,4836162.630574682,4762726.104329606,4915272.135657659,13406,parameter_draws_1000,0.0016866238642302043,0.0016610126912543286,0.0017142135028244165,13406,parameter_draws_1000,False
2025-03-01,False,2,E,4479,1050595382.59,,,4479,none: population total,23096804.79811744,22524577.36847186,23642948.02713291,4479,parameter_draws_1000,0.02198449106179927,0.021439821401977536,0.022504332704039388,4479,parameter_draws_1000,False
2025-03-01,False,3,E,468,103792946.75,,,468,none: population total,16814776.016506154,16814776.016506154,16814776.016506154,468,parameter_draws_1000,0.16200306998708613,0.16200306998708613,0.16200306998708613,468,parameter_draws_1000,False
2025-03-01,False,1,F,5655,1181255563.2,,,5655,none: population total,2517207.4409217653,2466485.818316828,2565756.058257104,5655,parameter_draws_1000,0.0021309592262174796,0.002088020488669837,0.0021720583912481365,5655,parameter_draws_1000,False
2025-03-01,False,2,F,1994,461926030.74,,,1994,none: population total,14193987.47671343,13847381.37177851,14510517.601581892,1994,parameter_draws_1000,0.030727836346383923,0.029977486546049745,0.03141307619823073,1994,parameter_draws_1000,False
2025-03-01,False,3,F,281,65101967.4,,,281,none: population total,11347857.380541759,11347857.380541759,11347857.380541759,281,parameter_draws_1000,0.17430897765067788,0.17430897765067788,0.17430897765067788,281,parameter_draws_1000,False
2025-03-01,False,1,G,2167,428634811.18,,,2167,none: population total,1224212.4645678315,1197379.3094587119,1254369.98734435,2167,parameter_draws_1000,0.0028560733581056213,0.002793471921149883,0.0029264305059385214,2167,parameter_draws_1000,False
2025-03-01,False,2,G,695,149353774.06,,,695,none: population total,6120215.306353215,5970776.103037638,6256796.91363571,695,parameter_draws_1000,0.04097797558094874,0.039977403588335125,0.041892459383866404,695,parameter_draws_1000,False
2025-03-01,False,3,G,121,24117854.47,,,121,none: population total,4348080.84033023,4348080.84033023,4348080.84033023,121,parameter_draws_1000,0.1802847283011336,0.1802847283011336,0.1802847283011336,121,parameter_draws_1000,False
2025-06-01,False,1,A,151578,33560764077.94,,,151578,none: population total,6586481.126156561,6463103.058322483,6713424.63139596,151578,parameter_draws_1000,0.00019625539844267,0.0001925791392386915,0.00020003789591336498,151578,parameter_draws_1000,False
2025-06-01,False,2,A,2974,613606116.13,,,2974,none: population total,2255038.1952875694,2213505.5201547444,2297432.0826919517,2974,parameter_draws_1000,0.0036750582108112688,0.0036073719964124116,0.003744147951428197,2974,parameter_draws_1000,False
2025-06-01,False,3,A,289,55391910.7,,,289,none: population total,7869495.195120335,7869495.195120335,7869495.195120335,289,parameter_draws_1000,0.1420693941709495,0.1420693941709495,0.1420693941709495,289,parameter_draws_1000,False
2025-06-01,False,1,B,54023,13264032466.5,,,54023,none: population total,7802966.218504502,7678488.643798654,7940776.296884702,54023,parameter_draws_1000,0.000588280090403268,0.0005788954952569403,0.0005986698477209054,54023,parameter_draws_1000,False
2025-06-01,False,2,B,16748,4556592785.59,,,16748,none: population total,20829844.73264056,20119047.503500067,21536395.417719282,16748,parameter_draws_1000,0.004571364111911409,0.004415370969099008,0.004726425298707198,16748,parameter_draws_1000,False
2025-06-01,False,3,B,401,96392970.23,,,401,none: population total,13237455.922314305,13237455.922314305,13237455.922314305,401,parameter_draws_1000,0.13732802185396778,0.13732802185396778,0.13732802185396778,401,parameter_draws_1000,False
2025-06-01,False,1,C,39583,9386832969.22,,,39583,none: population total,8789505.535977175,8655599.566657037,8919160.316067288,39583,parameter_draws_1000,0.0009363653923318443,0.0009221000943597567,0.0009501778017478058,39583,parameter_draws_1000,False
2025-06-01,False,2,C,13135,3405681874.16,,,13135,none: population total,29729540.429069635,28808649.815227687,30599137.077282395,13135,parameter_draws_1000,0.00872939444363174,0.008458996136370854,0.008984731459931082,13135,parameter_draws_1000,False
2025-06-01,False,3,C,549,126839723.38,,,549,none: population total,17800357.063769415,17800357.063769415,17800357.063769415,549,parameter_draws_1000,0.14033740053532917,0.14033740053532917,0.14033740053532917,549,parameter_draws_1000,False
2025-06-01,False,1,D,24207,5524401199.56,,,24207,none: population total,7357391.425950501,7245666.907018547,7465233.1495181285,24207,parameter_draws_1000,0.001331798897324201,0.001311575073076814,0.0013513198770054408,24207,parameter_draws_1000,False
2025-06-01,False,2,D,8056,1982679574.65,,,8056,none: population total,28728706.989090007,27967694.53070009,29430925.289398123,8056,parameter_draws_1000,0.014489838578259147,0.014106008297199105,0.014844014971301413,8056,parameter_draws_1000,False
2025-06-01,False,3,D,550,131553943.44,,,550,none: population total,20156210.34561051,20156210.34561051,20156210.34561051,550,parameter_draws_1000,0.1532163143007833,0.1532163143007833,0.1532163143007833,550,parameter_draws_1000,False
2025-06-01,False,1,E,13537,2956787730.01,,,13537,none: population total,5098347.780428345,5020108.444388713,5181421.095138628,13537,parameter_draws_1000,0.0017242860313178795,0.0016978251071042337,0.001752381830643319,13537,parameter_draws_1000,False
2025-06-01,False,2,E,4545,1063790350.24,,,4545,none: population total,23246489.232135348,22702465.335423958,23779340.54904362,4545,parameter_draws_1000,0.02185250996767431,0.0213411085467189,0.022353408774274747,4545,parameter_draws_1000,False
2025-06-01,False,3,E,471,105763870.07,,,471,none: population total,17407956.698569104,17407956.698569104,17407956.698569104,471,parameter_draws_1000,0.16459265992297387,0.16459265992297387,0.16459265992297387,471,parameter_draws_1000,False
2025-06-01,False,1,F,5710,1210876005.13,,,5710,none: population total,2647495.9468940194,2594220.407603012,2699324.247012246,5710,parameter_draws_1000,0.0021864302667470754,0.002142432748367572,0.0022292325849849887,5710,parameter_draws_1000,False
2025-06-01,False,2,F,2037,476142350.43,,,2037,none: population total,15003777.672109192,14664587.658454979,15318616.435532516,2037,parameter_draws_1000,0.03151111775409058,0.030798746730282482,0.0321723459837135,2037,parameter_draws_1000,False
2025-06-01,False,3,F,261,62281623.910000004,,,261,none: population total,10004608.330528632,10004608.330528632,10004608.330528632,261,parameter_draws_1000,0.16063499476162954,0.16063499476162954,0.16063499476162954,261,parameter_draws_1000,False
2025-06-01,False,1,G,2185,442602404.41,,,2185,none: population total,1282136.7192099176,1254085.6647801932,1313817.639748598,2185,parameter_draws_1000,0.0028968137236376687,0.002833436177220773,0.002968392459367566,2185,parameter_draws_1000,False
2025-06-01,False,2,G,702,152611524.28,,,702,none: population total,6611554.258733615,6460150.527035525,6749478.3994142935,702,parameter_draws_1000,0.04332277191991896,0.0423306860835944,0.04422653158899628,702,parameter_draws_1000,False
2025-06-01,False,3,G,121,25510308.73,,,121,none: population total,4407818.850422416,4407818.850422416,4407818.850422416,121,parameter_draws_1000,0.17278579013192585,0.17278579013192585,0.17278579013192585,121,parameter_draws_1000,False
2025-09-01,False,1,A,153168,34253771168.16,,,153168,none: population total,6752281.538675892,6623526.515771916,6881776.427601313,153168,parameter_draws_1000,0.00019712520135454044,0.0001933663444896456,0.00020090565776880503,153168,parameter_draws_1000,False
2025-09-01,False,2,A,2885,599764037.86,,,2885,none: population total,2325236.2116819634,2281908.9053432904,2369150.7263988,2885,parameter_draws_1000,0.003876918362725729,0.0038046777754219825,0.003950138015697132,2885,parameter_draws_1000,False
2025-09-01,False,3,A,282,53655108.45,,,282,none: population total,7644075.165582674,7644075.165582674,7644075.165582674,282,parameter_draws_1000,0.142466866369416,0.142466866369416,0.142466866369416,282,parameter_draws_1000,False
2025-09-01,False,1,B,55355,13734152209.94,,,55355,none: population total,8178128.066179773,8048692.4317987235,8325150.795249917,55355,parameter_draws_1000,0.0005954592566886587,0.0005860348938009829,0.0006061641569127684,55355,parameter_draws_1000,False
2025-09-01,False,2,B,16488,4465912954.05,,,16488,none: population total,20541254.395156752,19841391.705517653,21243335.12255003,16488,parameter_draws_1000,0.004599564435426023,0.004442852314782379,0.004756773215493396,16488,parameter_draws_1000,False
2025-09-01,False,3,B,399,97206267.78,,,399,none: population total,12989410.97170427,12989410.97170427,12989410.97170427,399,parameter_draws_1000,0.13362729861311284,0.13362729861311284,0.13362729861311284,399,parameter_draws_1000,False
2025-09-01,False,1,C,40382,9669325331.01,,,40382,none: population total,9167022.413545443,9031291.229490181,9302248.915696219,40382,parameter_draws_1000,0.0009480519167295316,0.000934014620495433,0.000962037018845922,40382,parameter_draws_1000,False
2025-09-01,False,2,C,12908,3330117549.4,,,12908,none: population total,29521424.191832107,28614241.375900373,30374305.116468195,12908,parameter_draws_1000,0.00886497961525445,0.008592561959578845,0.009121090972281398,12908,parameter_draws_1000,False
2025-09-01,False,3,C,593,140957871.3,,,593,none: population total,19425153.59725907,19425153.59725907,19425153.59725907,593,parameter_draws_1000,0.13780822183329233,0.13780822183329233,0.13780822183329233,593,parameter_draws_1000,False
2025-09-01,False,1,D,24541,5643535734.0,,,24541,none: population total,7607643.851107604,7493628.859235157,7719910.347333063,24541,parameter_draws_1000,0.0013480279402280832,0.0013278251813112656,0.0013679208764150732,24541,parameter_draws_1000,False
2025-09-01,False,2,D,7943,1958876040.92,,,7943,none: population total,28888087.659600288,28136591.07623958,29582653.355937492,7943,parameter_draws_1000,0.014747277038537258,0.014363640418525425,0.015101850621463414,7943,parameter_draws_1000,False
2025-09-01,False,3,D,583,139300417.75,,,583,none: population total,21040778.36419824,21040778.36419824,21040778.36419824,583,parameter_draws_1000,0.15104605358728898,0.15104605358728898,0.15104605358728898,583,parameter_draws_1000,False
2025-09-01,False,1,E,13534,2962374809.7,,,13534,none: population total,5205579.765567745,5124800.118776362,5291606.0107067255,13534,parameter_draws_1000,0.0017572319844614513,0.0017299634408163738,0.0017862716066109837,13534,parameter_draws_1000,False
2025-09-01,False,2,E,4512,1057653337.54,,,4512,none: population total,23157807.73166268,22602023.21161172,23700958.10501286,4512,parameter_draws_1000,0.02189546131015434,0.021369972948018918,0.022409004220739295,4512,parameter_draws_1000,False
2025-09-01,False,3,E,505,116961436.37,,,505,none: population total,19042510.050287116,19042510.050287116,19042510.050287116,505,parameter_draws_1000,0.16281015898306309,0.16281015898306309,0.16281015898306309,505,parameter_draws_1000,False
2025-09-01,False,1,F,5656,1201948135.19,,,5656,none: population total,2693669.3905473226,2639653.6018979233,2746287.9409072595,5656,parameter_draws_1000,0.002241086209698654,0.002196146010477112,0.0022848639308992607,5656,parameter_draws_1000,False
2025-09-01,False,2,F,2069,487828250.08,,,2069,none: population total,15696649.83295743,15348352.956808334,16017868.59213066,2069,parameter_draws_1000,0.032176590491393854,0.03146261610370315,0.03283505739879528,2069,parameter_draws_1000,False
2025-09-01,False,3,F,268,65175874.38,,,268,none: population total,10186649.268275587,10186649.268275587,10186649.268275587,268,parameter_draws_1000,0.15629478492123586,0.15629478492123586,0.15629478492123586,268,parameter_draws_1000,False
2025-09-01,False,1,G,2172,445271966.46,,,2172,none: population total,1299098.2540689176,1270903.0039923629,1331434.2111041225,2172,parameter_draws_1000,0.0029175388345172616,0.0028542174215374317,0.0029901595236037143,2172,parameter_draws_1000,False
2025-09-01,False,2,G,685,152109635.88,,,685,none: population total,6664541.242723487,6519979.188052782,6796046.2729756525,685,parameter_draws_1000,0.04381406348235016,0.042863682832009566,0.044678604571357236,685,parameter_draws_1000,False
2025-09-01,False,3,G,132,29435443.92,,,132,none: population total,5167691.522285635,5167691.522285635,5167691.522285635,132,parameter_draws_1000,0.1755601694450557,0.1755601694450557,0.1755601694450557,132,parameter_draws_1000,False
2025-12-01,False,1,A,153150,34409665295.35,,,153150,none: population total,6791165.532711028,6660536.864597829,6920316.673003897,153150,parameter_draws_1000,0.00019736215026853988,0.00019356587189756566,0.00020111548931395982,153150,parameter_draws_1000,False
2025-12-01,False,2,A,4405,1149481745.41,,,4405,none: population total,5024466.946558448,4934437.5975215,5110417.351492274,4405,parameter_draws_1000,0.004371071542998978,0.004292749856381122,0.004445844722544486,4405,parameter_draws_1000,False
2025-12-01,False,3,A,291,55385192.48,,,291,none: population total,7604834.121964037,7604834.121964037,7604834.121964037,291,parameter_draws_1000,0.13730807426028535,0.13730807426028535,0.13730807426028535,291,parameter_draws_1000,False
2025-12-01,False,1,B,55455,13755665311.83,,,55455,none: population total,8280419.62599098,8148396.189102093,8427248.444866816,55455,parameter_draws_1000,0.0006019643134868761,0.0005923665634765333,0.0006126383750860311,55455,parameter_draws_1000,False
2025-12-01,False,2,B,16988,4642610192.82,,,16988,none: population total,23908207.340920076,23219084.268424936,24594855.001282204,16988,parameter_draws_1000,0.005149733953088538,0.005001299550053603,0.005297635162073099,16988,parameter_draws_1000,False
2025-12-01,False,3,B,417,104196426.98,,,417,none: population total,13958200.345707446,13958200.345707446,13958200.345707446,417,parameter_draws_1000,0.13396045095084358,0.13396045095084358,0.13396045095084358,417,parameter_draws_1000,False
2025-12-01,False,1,C,40319,9646912130.93,,,40319,none: population total,9246211.761437234,9110454.81546886,9382090.725810127,40319,parameter_draws_1000,0.0009584633544854174,0.0009443907741482224,0.0009725485832641929,40319,parameter_draws_1000,False
2025-12-01,False,2,C,13352,3480831336.99,,,13352,none: population total,33498858.809478037,32632201.12619005,34303097.969883345,13352,parameter_draws_1000,0.009623809821950668,0.009374829736625012,0.009854857833918053,13352,parameter_draws_1000,False
2025-12-01,False,3,C,614,149977814.84,,,614,none: population total,20978701.271587707,20978701.271587707,20978701.271587707,614,parameter_draws_1000,0.13987869668569514,0.13987869668569514,0.13987869668569514,614,parameter_draws_1000,False
2025-12-01,False,1,D,24340,5589997302.73,,,24340,none: population total,7626893.593667061,7512819.903465833,7738179.081460944,24340,parameter_draws_1000,0.0013643823387790004,0.0013439755864992598,0.0013842903068453775,24340,parameter_draws_1000,False
2025-12-01,False,2,D,8235,2054099098.06,,,8235,none: population total,32880004.776650295,32173748.665761758,33561009.67298751,8235,parameter_draws_1000,0.016007019723490418,0.015663192051517064,0.01633855431059013,8235,parameter_draws_1000,False
2025-12-01,False,3,D,588,138057014.95,,,588,none: population total,21279548.254902124,21279548.254902124,21279548.254902124,588,parameter_draws_1000,0.15413594349123746,0.15413594349123746,0.15413594349123746,588,parameter_draws_1000,False
2025-12-01,False,1,E,13347,2916055712.93,,,13347,none: population total,5178945.290785,5098537.766901301,5264216.81163895,13347,parameter_draws_1000,0.0017760104060499206,0.0017484363362105942,0.0018052524813901999,13347,parameter_draws_1000,False
2025-12-01,False,2,E,4653,1111832740.5,,,4653,none: population total,26086152.902099382,25590233.52639565,26593830.051163103,4653,parameter_draws_1000,0.02346229963543638,0.023016261883858104,0.023918912514847915,4653,parameter_draws_1000,False
2025-12-01,False,3,E,534,125844502.81,,,534,none: population total,20429215.242317516,20429215.242317516,20429215.242317516,534,parameter_draws_1000,0.1623369697217648,0.1623369697217648,0.1623369697217648,534,parameter_draws_1000,False
2025-12-01,False,1,F,5561,1170314611.01,,,5561,none: population total,2663513.830194828,2610088.114712557,2715756.288423605,5561,parameter_draws_1000,0.0022758955627292165,0.0022302448334469735,0.0023205352328976433,5561,parameter_draws_1000,False
2025-12-01,False,2,F,2133,508298021.64,,,2133,none: population total,16987963.665101852,16649503.249590969,17294479.231607594,2133,parameter_draws_1000,0.03342126654416434,0.03275539652086805,0.03402428987586408,2133,parameter_draws_1000,False
2025-12-01,False,3,F,289,72945910.17,,,289,none: population total,11074435.473988522,11074435.473988522,11074435.473988522,289,parameter_draws_1000,0.1518170854017671,0.1518170854017671,0.1518170854017671,289,parameter_draws_1000,False
2025-12-01,False,1,G,2154,442401496.61,,,2154,none: population total,1307260.6158322867,1279259.3977595924,1339731.7252354994,2154,parameter_draws_1000,0.002954919062999249,0.002891625384548204,0.0030283164399340693,2154,parameter_draws_1000,False
2025-12-01,False,2,G,686,154305870.84,,,686,none: population total,7015549.280985571,6879502.0348705165,7146395.338566324,686,parameter_draws_1000,0.045465212974689764,0.04458354045390718,0.04631317849193459,686,parameter_draws_1000,False
2025-12-01,False,3,G,137,33594831.23,,,137,none: population total,5721140.867662361,5721140.867662361,5721140.867662361,137,parameter_draws_1000,0.17029824702775748,0.17029824702775748,0.17029824702775748,137,parameter_draws_1000,False
2026-03-01,False,1,A,152375,34242968979.33,,,152375,none: population total,6762066.745219051,6633146.368549451,6892784.206238985,152375,parameter_draws_1000,0.0001974731440285105,0.0001937082725669436,0.00020129049587959676,152375,parameter_draws_1000,False
2026-03-01,False,2,A,2876,596332344.15,,,2876,none: population total,2368938.4901184803,2326620.880648594,2411958.5907939062,2876,parameter_draws_1000,0.0039725138395689695,0.003901550709889654,0.004044654988875143,2876,parameter_draws_1000,False
2026-03-01,False,3,A,318,60222648.12,,,318,none: population total,8416843.308712833,8416843.308712833,8416843.308712833,318,parameter_draws_1000,0.1397620923600268,0.1397620923600268,0.1397620923600268,318,parameter_draws_1000,False
2026-03-01,False,1,B,55145,13638758264.98,,,55145,none: population total,8255886.631960248,8123142.359061063,8403322.992049426,55145,parameter_draws_1000,0.0006053253875141069,0.0005955925166529796,0.000616135488934245,55145,parameter_draws_1000,False
2026-03-01,False,2,B,16164,4327951803.3,,,16164,none: population total,19506936.479164418,18870320.145809144,20137620.596588187,16164,parameter_draws_1000,0.004507198177274217,0.004360104040766073,0.004652921638645223,16164,parameter_draws_1000,False
2026-03-01,False,3,B,451,117757284.27,,,451,none: population total,14812177.54274491,14812177.54274491,14812177.54274491,451,parameter_draws_1000,0.12578565848022433,0.12578565848022433,0.12578565848022433,451,parameter_draws_1000,False
2026-03-01,False,1,C,40218,9598049687.01,,,40218,none: population total,9246966.601884078,9111018.738659613,9383524.46372341,40218,parameter_draws_1000,0.0009634214140815423,0.0009492573007816854,0.0009776490818153474,40218,parameter_draws_1000,False
2026-03-01,False,2,C,12655,3241242514.74,,,12655,none: population total,28862471.14801469,28060883.81177909,29621472.657070354,12655,parameter_draws_1000,0.008904755203215618,0.008657446545319683,0.00913892512589311,12655,parameter_draws_1000,False
2026-03-01,False,3,C,658,165967491.65,,,658,none: population total,22942046.328542866,22942046.328542866,22942046.328542866,658,parameter_draws_1000,0.1382321688449936,0.1382321688449936,0.1382321688449936,658,parameter_draws_1000,False
2026-03-01,False,1,D,24285,5570898583.21,,,24285,none: population total,7637064.997569833,7522427.788187429,7748560.297016285,24285,parameter_draws_1000,0.0013708856629677307,0.0013503077960993755,0.0013908995436336766,24285,parameter_draws_1000,False
2026-03-01,False,2,D,7801,1905828523.2,,,7801,none: population total,28217743.756948147,27567139.242066618,28843788.999459438,7801,parameter_draws_1000,0.014806024473581111,0.0144646482653013,0.015134514279925347,7801,parameter_draws_1000,False
2026-03-01,False,3,D,635,153555041.0,,,635,none: population total,23265345.53290449,23265345.53290449,23265345.53290449,635,parameter_draws_1000,0.15151144098815025,0.15151144098815025,0.15151144098815025,635,parameter_draws_1000,False
2026-03-01,False,1,E,13190,2869468479.63,,,13190,none: population total,5123016.767354822,5042308.712158261,5206765.642775891,13190,parameter_draws_1000,0.0017853539091725456,0.0017572274265958952,0.0018145401072491554,13190,parameter_draws_1000,False
2026-03-01,False,2,E,4471,1057144007.26,,,4471,none: population total,23340644.12900482,22864799.53805601,23814439.684395704,4471,parameter_draws_1000,0.022078963668820468,0.021628840896822592,0.022527148166047967,4471,parameter_draws_1000,False
2026-03-01,False,3,E,549,128504742.82,,,549,none: population total,20863325.970072996,20863325.970072996,20863325.970072996,549,parameter_draws_1000,0.16235452102570885,0.16235452102570885,0.16235452102570885,549,parameter_draws_1000,False
2026-03-01,False,1,F,5562,1157131526.44,,,5562,none: population total,2679521.7693121233,2625437.5529881804,2731918.8533844952,5562,parameter_draws_1000,0.0023156587717870487,0.002268918867905649,0.0023609406458654216,5562,parameter_draws_1000,False
2026-03-01,False,2,F,2020,484536626.58,,,2020,none: population total,15368983.503150776,15049418.492738219,15659257.003474638,2020,parameter_draws_1000,0.031718930334801554,0.03105940328796479,0.03231800475848898,2020,parameter_draws_1000,False
2026-03-01,False,3,F,307,76454650.0,,,307,none: population total,11503571.932330038,11503571.932330038,11503571.932330038,307,parameter_draws_1000,0.1504626851647354,0.1504626851647354,0.1504626851647354,307,parameter_draws_1000,False
2026-03-01,False,1,G,2099,422474075.13,,,2099,none: population total,1265368.6237968758,1237739.6187283196,1297074.0148553064,2099,parameter_draws_1000,0.0029951391062457687,0.002929740998539267,0.0030701860568750454,2099,parameter_draws_1000,False
2026-03-01,False,2,G,681,152977212.93,,,681,none: population total,6650146.432232808,6514574.5736806635,6784693.153228008,681,parameter_draws_1000,0.043471483790699025,0.04258526122228172,0.04435100511559573,681,parameter_draws_1000,False
2026-03-01,False,3,G,127,31136046.94,,,127,none: population total,5265457.237304708,5265457.237304708,5265457.237304708,127,parameter_draws_1000,0.1691112955813365,0.1691112955813365,0.1691112955813365,127,parameter_draws_1000,False
