period,sma_class,upb,upb_lo,upb_hi,upb_n,upb_method,share,share_lo,share_hi,share_n,share_method,synthetic
2010-01-01,standard_or_sma_0,36719267831.46004,,,236583,none: population total,0.9280493635974781,,,236583,"none: population share, not an estimate",False
2009-07-01,sma_1,699538168.1199999,,,4380,none: population total,0.018353538408635735,,,4380,"none: population share, not an estimate",False
2008-11-01,standard_or_sma_0,36778499183.27,,,240721,none: population total,0.9624315516105771,,,240721,"none: population share, not an estimate",False
2008-10-01,npa,417663087.19000006,,,2493,none: population total,0.011120906852986032,,,2493,"none: population share, not an estimate",False
2005-04-01,standard_or_sma_0,18074581312.920055,,,139596,none: population total,0.9868111752329424,,,139596,"none: population share, not an estimate",False
2005-05-01,standard_or_sma_0,18414833287.809975,,,141569,none: population total,0.9872080997656862,,,141569,"none: population share, not an estimate",False
2006-08-01,standard_or_sma_0,24785896066.290073,,,177120,none: population total,0.9864779713620766,,,177120,"none: population share, not an estimate",False
2018-01-01,standard_or_sma_0,51639792073.08995,,,295536,none: population total,0.9800734766336149,,,295536,"none: population share, not an estimate",False
2014-04-01,standard_or_sma_0,38851643392.12011,,,242282,none: population total,0.9655760328863843,,,242282,"none: population share, not an estimate",False
2009-06-01,standard_or_sma_0,36138592089.22995,,,235691,none: population total,0.9479603501870848,,,235691,"none: population share, not an estimate",False
2012-01-01,standard_or_sma_0,38612144881.01992,,,244484,none: population total,0.9433707924007952,,,244484,"none: population share, not an estimate",False
2008-10-01,standard_or_sma_0,36406686503.059975,,,239184,none: population total,0.9693826958718308,,,239184,"none: population share, not an estimate",False
2018-12-01,standard_or_sma_0,56061162248.93996,,,313251,none: population total,0.9836020968449007,,,313251,"none: population share, not an estimate",False
2005-09-01,standard_or_sma_0,19877330503.46998,,,149321,none: population total,0.9846759700207286,,,149321,"none: population share, not an estimate",False
2007-04-01,sma_1,268118917.37,,,2048,none: population total,0.009282105465407475,,,2048,"none: population share, not an estimate",False
2016-08-01,standard_or_sma_0,46943997895.98991,,,278698,none: population total,0.9807279626297554,,,278698,"none: population share, not an estimate",False
2010-07-01,sma_1,704030586.1699998,,,4535,none: population total,0.017150674816791917,,,4535,"none: population share, not an estimate",False
2012-01-01,npa,1462537849.549999,,,8229,none: population total,0.03573268188798149,,,8229,"none: population share, not an estimate",False
2017-12-01,standard_or_sma_0,51203305130.470055,,,293657,none: population total,0.977713080637258,,,293657,"none: population share, not an estimate",False
2015-12-01,standard_or_sma_0,45214616831.17989,,,271432,none: population total,0.976997802874948,,,271432,"none: population share, not an estimate",False
2015-10-01,standard_or_sma_0,44601251755.640076,,,268611,none: population total,0.9765277799172369,,,268611,"none: population share, not an estimate",False
2014-06-01,standard_or_sma_0,39428434543.8599,,,244935,none: population total,0.966038657365752,,,244935,"none: population share, not an estimate",False
2012-12-01,standard_or_sma_0,36162883586.08,,,231461,none: population total,0.9465212112987653,,,231461,"none: population share, not an estimate",False
2020-02-01,standard_or_sma_0,57881906370.92001,,,319322,none: population total,0.9847384258304626,,,319322,"none: population share, not an estimate",False
2026-02-01,standard_or_sma_0,63974199362.01998,,,292680,none: population total,0.976399014042445,,,292680,"none: population share, not an estimate",False
2018-05-01,standard_or_sma_0,53284636654.23998,,,302230,none: population total,0.9836840370992964,,,302230,"none: population share, not an estimate",False
2022-11-01,standard_or_sma_0,53364827805.05014,,,265954,none: population total,0.9832729905629938,,,265954,"none: population share, not an estimate",False
2021-03-01,standard_or_sma_0,46230178817.95002,,,260606,none: population total,0.9580435479907226,,,260606,"none: population share, not an estimate",False
2012-09-01,standard_or_sma_0,36964068651.56012,,,235742,none: population total,0.9445528904069742,,,235742,"none: population share, not an estimate",False
2012-09-01,sma_2,224662348.51,,,1446,none: population total,0.005740858038412474,,,1446,"none: population share, not an estimate",False
2023-02-01,standard_or_sma_0,55630460313.60006,,,273240,none: population total,0.9829978187573671,,,273240,"none: population share, not an estimate",False
2005-03-01,standard_or_sma_0,17443915997.48002,,,135921,none: population total,0.9871815202016446,,,135921,"none: population share, not an estimate",False
2024-04-01,standard_or_sma_0,67670207316.09002,,,309306,none: population total,0.9850761571429896,,,309306,"none: population share, not an estimate",False
2010-02-01,sma_1,902063810.7499999,,,5626,none: population total,0.022561785473465802,,,5626,"none: population share, not an estimate",False
2010-01-01,sma_2,363259386.22,,,2112,none: population total,0.009181082905837364,,,2112,"none: population share, not an estimate",False
2010-12-01,sma_1,716012842.6800003,,,4740,none: population total,0.018106003026814175,,,4740,"none: population share, not an estimate",False
2021-08-01,standard_or_sma_0,45400710435.7201,,,250621,none: population total,0.9687602703810724,,,250621,"none: population share, not an estimate",False
2004-10-01,standard_or_sma_0,15653896874.339983,,,124601,none: population total,0.9827217656728091,,,124601,"none: population share, not an estimate",False
2010-01-01,npa,1629357699.4700003,,,8692,none: population total,0.04118067884703951,,,8692,"none: population share, not an estimate",False
2012-09-01,npa,1303569011.5499992,,,7411,none: population total,0.03331045316767492,,,7411,"none: population share, not an estimate",False
2008-08-01,sma_1,548128873.4600002,,,3720,none: population total,0.014990960151662595,,,3720,"none: population share, not an estimate",False
2012-12-01,npa,1241737677.6299994,,,7100,none: population total,0.03250103238996342,,,7100,"none: population share, not an estimate",False
2005-12-01,sma_1,218619148.10000002,,,1859,none: population total,0.01018765167179258,,,1859,"none: population share, not an estimate",False
2004-05-01,standard_or_sma_0,13980191438.59,,,113840,none: population total,0.9807461161299954,,,113840,"none: population share, not an estimate",False
2010-06-01,sma_1,723816463.0400001,,,4654,none: population total,0.017683462052114372,,,4654,"none: population share, not an estimate",False
2016-08-01,sma_2,124405962.75,,,826,none: population total,0.0025990203616045888,,,826,"none: population share, not an estimate",False
2021-08-01,sma_2,83960726.75,,,489,none: population total,0.0017915538229931938,,,489,"none: population share, not an estimate",False
2007-10-01,sma_1,377779239.67,,,2709,none: population total,0.01196586443539223,,,2709,"none: population share, not an estimate",False
2006-02-01,sma_1,235061743.79999998,,,1930,none: population total,0.010506720629690689,,,1930,"none: population share, not an estimate",False
2015-12-01,npa,478483176.86,,,2916,none: population total,0.010339068320545272,,,2916,"none: population share, not an estimate",False
2024-11-01,standard_or_sma_0,72752444199.93001,,,322143,none: population total,0.9807845037124717,,,322143,"none: population share, not an estimate",False
2007-02-01,sma_1,328325729.96000004,,,2441,none: population total,0.011775037819771421,,,2441,"none: population share, not an estimate",False
2018-01-01,sma_2,145465491.32,,,980,none: population total,0.002760794807353658,,,980,"none: population share, not an estimate",False
2009-06-01,sma_2,263111802.23000005,,,1533,none: population total,0.006901750781116846,,,1533,"none: population share, not an estimate",False
2026-03-01,standard_or_sma_0,63127274848.509865,,,290193,none: population total,0.9784449319562413,,,290193,"none: population share, not an estimate",False
2009-06-01,npa,991963131.0200001,,,5359,none: population total,0.026020430312630738,,,5359,"none: population share, not an estimate",False
2014-04-01,npa,808213853.9999999,,,4848,none: population total,0.020086458608528625,,,4848,"none: population share, not an estimate",False
2008-10-01,sma_2,187617330.54999998,,,1147,none: population total,0.004995593149229579,,,1147,"none: population share, not an estimate",False
2007-11-01,sma_1,370475343.99,,,2660,none: population total,0.011522178327474045,,,2660,"none: population share, not an estimate",False
2016-08-01,npa,367649889.43000007,,,2305,none: population total,0.007680737542222395,,,2305,"none: population share, not an estimate",False
2020-02-01,npa,276061397.42,,,1629,none: population total,0.0046966018048172934,,,1629,"none: population share, not an estimate",False
2007-05-01,sma_1,280797470.5399999,,,2164,none: population total,0.009589949487206451,,,2164,"none: population share, not an estimate",False
2014-06-01,npa,773446783.2799999,,,4625,none: population total,0.018950270298774198,,,4625,"none: population share, not an estimate",False
2015-10-01,npa,493624067.91999996,,,2968,none: population total,0.010807714944876555,,,2968,"none: population share, not an estimate",False
2015-06-01,sma_1,446120016.31000006,,,3046,none: population total,0.010021970979123865,,,3046,"none: population share, not an estimate",False
2023-02-01,sma_2,112645516.88000001,,,592,none: population total,0.0019904616420864988,,,592,"none: population share, not an estimate",False
2024-06-01,sma_1,737813134.35,,,3590,none: population total,0.01048927125347228,,,3590,"none: population share, not an estimate",False
2012-12-01,sma_2,226994154.63,,,1461,none: population total,0.005941306690510428,,,1461,"none: population share, not an estimate",False
2018-12-01,sma_2,136550210.71999997,,,888,none: population total,0.002395795381344322,,,888,"none: population share, not an estimate",False
2015-12-01,sma_2,137479736.57,,,905,none: population total,0.0029706632496792865,,,905,"none: population share, not an estimate",False
2021-08-01,npa,1076014963.1200001,,,5205,none: population total,0.022960005176176215,,,5205,"none: population share, not an estimate",False
2010-03-01,sma_1,668277781.0599998,,,4314,none: population total,0.01662930403801736,,,4314,"none: population share, not an estimate",False
2020-03-01,sma_1,603393093.8199999,,,3484,none: population total,0.010351617283257222,,,3484,"none: population share, not an estimate",False
2008-11-01,npa,480132736.3000001,,,2824,none: population total,0.012564267293061305,,,2824,"none: population share, not an estimate",False
2017-12-01,npa,432647165.17,,,2655,none: population total,0.008261279064105096,,,2655,"none: population share, not an estimate",False
2008-11-01,sma_2,213324062.44000003,,,1333,none: population total,0.005582332421639252,,,1333,"none: population share, not an estimate",False
2006-11-01,sma_1,276283723.7199999,,,2141,none: population total,0.010443365055094982,,,2141,"none: population share, not an estimate",False
2005-05-01,sma_2,31177198.39,,,300,none: population total,0.0016713907911935324,,,300,"none: population share, not an estimate",False
2011-06-01,sma_1,645002793.52,,,4302,none: population total,0.01578750080674804,,,4302,"none: population share, not an estimate",False
2020-09-01,sma_1,521196653.55,,,3016,none: population total,0.009782138206230718,,,3016,"none: population share, not an estimate",False
2022-11-01,npa,347670915.64,,,1899,none: population total,0.006406006259440528,,,1899,"none: population share, not an estimate",False
2018-12-01,npa,282757654.4599999,,,1782,none: population total,0.00496102846728014,,,1782,"none: population share, not an estimate",False
2018-05-01,npa,342838415.47,,,2105,none: population total,0.006329116566762216,,,2105,"none: population share, not an estimate",False
2006-08-01,sma_2,42760187.51,,,361,none: population total,0.0017018542689403182,,,361,"none: population share, not an estimate",False
2017-12-01,sma_2,167969074.61,,,1092,none: population total,0.003207323452466064,,,1092,"none: population share, not an estimate",False
2007-03-01,sma_1,253842798.52999997,,,1959,none: population total,0.008948042459236506,,,1959,"none: population share, not an estimate",False
2018-05-01,sma_2,110015503.46,,,738,none: population total,0.0020309886935943487,,,738,"none: population share, not an estimate",False
2018-01-01,npa,435569056.3200001,,,2644,none: population total,0.008266680832822759,,,2644,"none: population share, not an estimate",False
2014-04-01,sma_2,144925360.06,,,959,none: population total,0.0036018155736430844,,,959,"none: population share, not an estimate",False
2021-03-01,npa,1581312901.49,,,7485,none: population total,0.032770079228825306,,,7485,"none: population share, not an estimate",False
2018-04-01,sma_1,440295609.9100001,,,2790,none: population total,0.008177973579032894,,,2790,"none: population share, not an estimate",False
2014-06-01,sma_2,145608998.92999998,,,1000,none: population total,0.003567575620336508,,,1000,"none: population share, not an estimate",False
2012-01-01,sma_2,224893361.85,,,1439,none: population total,0.005494588027364441,,,1439,"none: population share, not an estimate",False
2023-02-01,npa,350532714.76999986,,,1883,none: population total,0.00619396086387892,,,1883,"none: population share, not an estimate",False
2020-10-01,sma_1,497069678.1799999,,,2871,none: population total,0.009508035556985053,,,2871,"none: population share, not an estimate",False
2015-10-01,sma_2,138115252.25,,,905,none: population total,0.003023981958877335,,,905,"none: population share, not an estimate",False
2022-02-01,sma_1,412848097.1,,,2395,none: population total,0.00861691905029867,,,2395,"none: population share, not an estimate",False
2005-04-01,npa,58512227.70999999,,,587,none: population total,0.003194570274816192,,,587,"none: population share, not an estimate",False
2020-02-01,sma_2,118102479.24000001,,,737,none: population total,0.0020092643242984455,,,737,"none: population share, not an estimate",False
2022-01-01,sma_1,329779724.71000004,,,1960,none: population total,0.00695504407816616,,,1960,"none: population share, not an estimate",False
2020-08-01,sma_1,567198632.7599999,,,3190,none: population total,0.01044889915876395,,,3190,"none: population share, not an estimate",False
2004-03-01,sma_1,136461336.68000004,,,1244,none: population total,0.010145442597554693,,,1244,"none: population share, not an estimate",False
2021-03-01,sma_2,128267869.89999999,,,694,none: population total,0.0026581382186757793,,,694,"none: population share, not an estimate",False
2006-08-01,npa,72135644.16999999,,,661,none: population total,0.0028709966237815093,,,661,"none: population share, not an estimate",False
2022-11-01,sma_2,107533725.16000001,,,609,none: population total,0.0019813613549118604,,,609,"none: population share, not an estimate",False
2024-11-01,npa,424716323.09000015,,,1863,none: population total,0.0057256521446301094,,,1863,"none: population share, not an estimate",False
2004-06-01,sma_1,159076988.0,,,1458,none: population total,0.010889085682863356,,,1458,"none: population share, not an estimate",False
2024-11-01,sma_2,209085539.61,,,983,none: population total,0.0028187074600037358,,,983,"none: population share, not an estimate",False
2005-09-01,sma_2,38743239.97,,,360,none: population total,0.001919248532520293,,,360,"none: population share, not an estimate",False
2024-04-01,npa,338307377.64,,,1577,none: population total,0.004924745241906391,,,1577,"none: population share, not an estimate",False
2003-06-01,standard_or_sma_0,12148988885.490034,,,103744,none: population total,0.9763986900507389,,,103744,"none: population share, not an estimate",False
1999-12-01,standard_or_sma_0,4395287302.23,,,38751,none: population total,0.9918562526772106,,,38751,"none: population share, not an estimate",False
2000-12-01,standard_or_sma_0,9788882382.100006,,,84330,none: population total,0.984130261612722,,,84330,"none: population share, not an estimate",False
2000-06-01,standard_or_sma_0,7050037560.060004,,,61531,none: population total,0.990643923044269,,,61531,"none: population share, not an estimate",False
2003-07-01,standard_or_sma_0,11714524453.19,,,100429,none: population total,0.9766118733367001,,,100429,"none: population share, not an estimate",False
1999-04-01,standard_or_sma_0,1009725000.0,,,8824,none: population total,0.9951784762131918,,,8824,"none: population share, not an estimate",False
2002-04-01,standard_or_sma_0,13258524673.570004,,,111137,none: population total,0.9831038390140975,,,111137,"none: population share, not an estimate",False
2003-01-01,standard_or_sma_0,13386502336.79,,,112375,none: population total,0.9777585728736922,,,112375,"none: population share, not an estimate",False
2001-01-01,standard_or_sma_0,10411227115.499996,,,89123,none: population total,0.9860495936305579,,,89123,"none: population share, not an estimate",False
2025-04-01,sma_1,651794104.8899999,,,3137,none: population total,0.008853524277923436,,,3137,"none: population share, not an estimate",False
2003-01-01,npa,76933871.81,,,742,none: population total,0.005619298515330564,,,742,"none: population share, not an estimate",False
2005-09-01,npa,60292156.6,,,595,none: population total,0.0029867309281989747,,,595,"none: population share, not an estimate",False
2026-03-01,npa,540134672.67,,,2176,none: population total,0.008371849320536287,,,2176,"none: population share, not an estimate",False
2005-03-01,npa,61177351.78000001,,,622,none: population total,0.003462132650765786,,,622,"none: population share, not an estimate",False
2004-05-01,sma_2,29939844.319999997,,,292,none: population total,0.0021003565053711597,,,292,"none: population share, not an estimate",False
2026-02-01,sma_2,209379409.12999997,,,932,none: population total,0.003195629654987003,,,932,"none: population share, not an estimate",False
2001-09-01,sma_1,196279081.45,,,1701,none: population total,0.015632954200410484,,,1701,"none: population share, not an estimate",False
2004-10-01,sma_2,31536149.72,,,312,none: population total,0.0019797792833400885,,,312,"none: population share, not an estimate",False
2000-03-01,sma_1,36106198.29,,,323,none: population total,0.006190351215262511,,,323,"none: population share, not an estimate",False
2000-02-01,sma_1,47708946.230000004,,,411,none: population total,0.008719388141922352,,,411,"none: population share, not an estimate",False
1999-02-01,standard_or_sma_0,139713000.0,,,1226,none: population total,0.9994992237968852,,,1226,"none: population share, not an estimate",False
2005-04-01,sma_2,25513253.039999995,,,250,none: population total,0.0013929375613487105,,,250,"none: population share, not an estimate",False
2026-02-01,npa,556000814.5,,,2243,none: population total,0.008485899823654393,,,2243,"none: population share, not an estimate",False
2005-03-01,sma_2,27044704.089999992,,,237,none: population total,0.0015305068025337131,,,237,"none: population share, not an estimate",False
2003-06-01,sma_2,36176834.13,,,346,none: population total,0.002907485864679849,,,346,"none: population share, not an estimate",False
2001-01-01,npa,18650172.18,,,170,none: population total,0.0017663618798451082,,,170,"none: population share, not an estimate",False
2026-03-01,sma_2,204657328.17000002,,,871,none: population total,0.0031720983681963687,,,871,"none: population share, not an estimate",False
2004-05-01,npa,67026338.42000001,,,654,none: population total,0.004702068735795482,,,654,"none: population share, not an estimate",False
2002-04-01,sma_2,25915958.750000004,,,253,none: population total,0.0019216375249989065,,,253,"none: population share, not an estimate",False
2004-10-01,npa,62201514.15999999,,,648,none: population total,0.003904892328953376,,,648,"none: population share, not an estimate",False
2002-04-01,npa,45028781.160000004,,,432,none: population total,0.003338830579903581,,,432,"none: population share, not an estimate",False
2005-05-01,npa,56605705.36,,,576,none: population total,0.003034597704521916,,,576,"none: population share, not an estimate",False
2003-07-01,npa,71304724.24999997,,,696,none: population total,0.005944504243924842,,,696,"none: population share, not an estimate",False
2003-07-01,sma_2,36861718.199999996,,,353,none: population total,0.003073073244207401,,,353,"none: population share, not an estimate",False
2003-06-01,npa,71539752.22999999,,,690,none: population total,0.005749558339571148,,,690,"none: population share, not an estimate",False
2024-04-01,sma_2,129161602.92999999,,,615,none: population total,0.0018802072656641695,,,615,"none: population share, not an estimate",False
2000-12-01,npa,14380648.57,,,130,none: population total,0.0014457658072625243,,,130,"none: population share, not an estimate",False
2003-01-01,sma_2,35655443.32000001,,,340,none: population total,0.002604296066189745,,,340,"none: population share, not an estimate",False
2000-06-01,npa,3272087.6900000004,,,35,none: population total,0.0004597810661506421,,,35,"none: population share, not an estimate",False
1999-09-01,sma_1,18745561.819999997,,,161,none: population total,0.00547870137525627,,,161,"none: population share, not an estimate",False
2001-01-01,sma_2,17048930.87,,,166,none: population total,0.0016147079657085769,,,166,"none: population share, not an estimate",False
2000-06-01,sma_2,5058408.550000001,,,43,none: population total,0.000710787942282966,,,43,"none: population share, not an estimate",False
1999-12-01,npa,1205329.3199999998,,,10,none: population total,0.0002719989252967861,,,10,"none: population share, not an estimate",False
2000-12-01,sma_2,16394130.56,,,155,none: population total,0.0016481922416831313,,,155,"none: population share, not an estimate",False
1999-12-01,sma_2,3075077.8499999996,,,27,none: population total,0.0006939330658644823,,,27,"none: population share, not an estimate",False
1999-05-01,sma_1,7416000.0,,,63,none: population total,0.004633754678430172,,,63,"none: population share, not an estimate",False
1999-04-01,sma_2,,,,0,"none: suppressed, fewer than 10 loans",,,,0,"none: suppressed, fewer than 10 loans",False
2009-02-01,standard_or_sma_0,36872908961.33004,,,241129,none: population total,0.9566567899481686,,,241129,"none: population share, not an estimate",False
2011-02-01,standard_or_sma_0,37416546715.42002,,,239040,none: population total,0.9358826160195377,,,239040,"none: population share, not an estimate",False
2006-07-01,standard_or_sma_0,24302744642.899998,,,174472,none: population total,0.986270546527508,,,174472,"none: population share, not an estimate",False
2025-03-01,standard_or_sma_0,73080303182.37015,,,322614,none: population total,0.9823816587845798,,,322614,"none: population share, not an estimate",False
2011-07-01,standard_or_sma_0,38788257114.57002,,,245580,none: population total,0.9422185022819687,,,245580,"none: population share, not an estimate",False
2018-07-01,standard_or_sma_0,53984063877.25005,,,304617,none: population total,0.984313829858615,,,304617,"none: population share, not an estimate",False
2014-11-01,standard_or_sma_0,41291223645.30994,,,253530,none: population total,0.9672271621397046,,,253530,"none: population share, not an estimate",False
2008-03-01,standard_or_sma_0,33124353989.310028,,,223160,none: population total,0.9798777155412385,,,223160,"none: population share, not an estimate",False
2012-03-01,standard_or_sma_0,38402128815.63005,,,243679,none: population total,0.9463453952649699,,,243679,"none: population share, not an estimate",False
2011-07-01,npa,1435949456.81,,,7935,none: population total,0.034881127619418244,,,7935,"none: population share, not an estimate",False
2006-04-01,standard_or_sma_0,22970392299.099957,,,166841,none: population total,0.9853325849712266,,,166841,"none: population share, not an estimate",False
2011-11-01,standard_or_sma_0,38638924136.400024,,,244814,none: population total,0.9423012695280241,,,244814,"none: population share, not an estimate",False
2017-06-01,standard_or_sma_0,49545184456.74994,,,288125,none: population total,0.9832892245871375,,,288125,"none: population share, not an estimate",False
2009-02-01,npa,686576478.4200001,,,3888,none: population total,0.017813025020294013,,,3888,"none: population share, not an estimate",False
2012-10-01,standard_or_sma_0,36796163761.35999,,,234841,none: population total,0.9471012534934921,,,234841,"none: population share, not an estimate",False
2023-05-01,standard_or_sma_0,58334987400.10005,,,281439,none: population total,0.9855282032274328,,,281439,"none: population share, not an estimate",False
2007-08-01,standard_or_sma_0,30097876569.799976,,,206986,none: population total,0.984522760485707,,,206986,"none: population share, not an estimate",False
2007-09-01,standard_or_sma_0,30395416858.410004,,,208706,none: population total,0.9798625765206452,,,208706,"none: population share, not an estimate",False
2013-12-01,standard_or_sma_0,36912230064.71001,,,232528,none: population total,0.9579514399814062,,,232528,"none: population share, not an estimate",False
2015-03-01,standard_or_sma_0,42366118102.33,,,259246,none: population total,0.9734995206894735,,,259246,"none: population share, not an estimate",False
2019-11-01,standard_or_sma_0,58043625286.979965,,,320111,none: population total,0.9839361695019667,,,320111,"none: population share, not an estimate",False
2019-09-01,standard_or_sma_0,58159759567.74,,,321413,none: population total,0.9845256479990617,,,321413,"none: population share, not an estimate",False
2024-12-01,standard_or_sma_0,73371002765.06013,,,323799,none: population total,0.980834318666555,,,323799,"none: population share, not an estimate",False
2010-05-01,standard_or_sma_0,38074072565.85,,,242849,none: population total,0.9341931230815521,,,242849,"none: population share, not an estimate",False
2019-10-01,standard_or_sma_0,57933198661.489914,,,320323,none: population total,0.9851074135460421,,,320323,"none: population share, not an estimate",False
2009-01-01,standard_or_sma_0,37229462054.10009,,,242952,none: population total,0.9594773963989095,,,242952,"none: population share, not an estimate",False
2016-02-01,sma_1,461687003.83000004,,,3012,none: population total,0.009840139379988752,,,3012,"none: population share, not an estimate",False
2008-03-01,sma_2,99306071.78,,,690,none: population total,0.0029376514568877046,,,690,"none: population share, not an estimate",False
2020-11-01,standard_or_sma_0,48921119334.01997,,,275620,none: population total,0.9496999810785904,,,275620,"none: population share, not an estimate",False
2018-02-01,standard_or_sma_0,51902130438.729866,,,296658,none: population total,0.9795598579663867,,,296658,"none: population share, not an estimate",False
2012-03-01,npa,1430791865.4499996,,,8040,none: population total,0.03525906857799202,,,8040,"none: population share, not an estimate",False
2004-09-01,standard_or_sma_0,15278675822.799982,,,122174,none: population total,0.9831151163799065,,,122174,"none: population share, not an estimate",False
2005-01-01,standard_or_sma_0,16820625769.869984,,,131941,none: population total,0.9843297707411949,,,131941,"none: population share, not an estimate",False
2017-05-01,sma_1,417232708.65,,,2764,none: population total,0.008329571705357084,,,2764,"none: population share, not an estimate",False
2021-01-01,standard_or_sma_0,47607084059.439896,,,268224,none: population total,0.9530409343894038,,,268224,"none: population share, not an estimate",False
2017-02-01,standard_or_sma_0,48224328984.56995,,,282985,none: population total,0.980332355247604,,,282985,"none: population share, not an estimate",False
2023-04-01,standard_or_sma_0,57573652177.01997,,,279271,none: population total,0.9842892871514356,,,279271,"none: population share, not an estimate",False
2025-09-01,standard_or_sma_0,68554093167.140144,,,307397,none: population total,0.9799899059830661,,,307397,"none: population share, not an estimate",False
2021-07-01,standard_or_sma_0,45519942402.03996,,,252360,none: population total,0.9669550692580142,,,252360,"none: population share, not an estimate",False
2025-11-01,standard_or_sma_0,66410572829.95993,,,300410,none: population total,0.97653574707897,,,300410,"none: population share, not an estimate",False
2015-08-01,standard_or_sma_0,44055462897.15986,,,266264,none: population total,0.975788310326058,,,266264,"none: population share, not an estimate",False
2012-10-01,npa,1281534910.1499999,,,7289,none: population total,0.03298559403285671,,,7289,"none: population share, not an estimate",False
2020-04-01,standard_or_sma_0,55086594964.63003,,,306853,none: population total,0.9511430844200268,,,306853,"none: population share, not an estimate",False
2010-05-01,npa,1649989021.62,,,8767,none: population total,0.040484463396752754,,,8767,"none: population share, not an estimate",False
2021-09-01,standard_or_sma_0,45444074646.850075,,,249460,none: population total,0.9708392877424407,,,249460,"none: population share, not an estimate",False
2024-03-01,standard_or_sma_0,66511300981.23013,,,306092,none: population total,0.9844486284486492,,,306092,"none: population share, not an estimate",False
2009-01-01,npa,611192853.0300001,,,3517,none: population total,0.015751657288807445,,,3517,"none: population share, not an estimate",False
2011-02-01,npa,1548593725.7899997,,,8470,none: population total,0.03873425194117405,,,8470,"none: population share, not an estimate",False
2022-05-01,standard_or_sma_0,48573750498.339966,,,252819,none: population total,0.981628939505598,,,252819,"none: population share, not an estimate",False
2004-08-01,standard_or_sma_0,14902080137.250013,,,119659,none: population total,0.9836911774975684,,,119659,"none: population share, not an estimate",False
2004-11-01,standard_or_sma_0,15991318416.150034,,,126727,none: population total,0.9832711739168025,,,126727,"none: population share, not an estimate",False
2017-02-01,npa,351945527.6300002,,,2237,none: population total,0.007154554460068774,,,2237,"none: population share, not an estimate",False
2015-09-01,standard_or_sma_0,44303522652.74993,,,267260,none: population total,0.975430190274681,,,267260,"none: population share, not an estimate",False
2009-03-01,sma_1,617865834.7399999,,,3917,none: population total,0.01604961927637185,,,3917,"none: population share, not an estimate",False
2007-08-01,npa,108184759.00999998,,,852,none: population total,0.0035387997334628573,,,852,"none: population share, not an estimate",False
2012-02-01,sma_1,601542565.0499997,,,3964,none: population total,0.014748250748175996,,,3964,"none: population share, not an estimate",False
2011-11-01,npa,1447542387.8799999,,,8101,none: population total,0.035301734204083786,,,8101,"none: population share, not an estimate",False
2019-11-01,npa,279497729.92,,,1685,none: population total,0.004737952262669375,,,1685,"none: population share, not an estimate",False
2025-06-01,standard_or_sma_0,70869159416.0399,,,315220,none: population total,0.9814491413695307,,,315220,"none: population share, not an estimate",False
2015-11-01,standard_or_sma_0,44992675304.659996,,,270475,none: population total,0.9764604697257556,,,270475,"none: population share, not an estimate",False
2023-12-01,standard_or_sma_0,64254356791.84993,,,299077,none: population total,0.9824738330940879,,,299077,"none: population share, not an estimate",False
2016-04-01,standard_or_sma_0,46420411475.04013,,,277379,none: population total,0.9797295480212214,,,277379,"none: population share, not an estimate",False
2020-11-01,npa,1873664568.460001,,,8751,none: population total,0.036373231631612976,,,8751,"none: population share, not an estimate",False
2013-12-01,npa,918471378.12,,,5463,none: population total,0.023836299722593664,,,5463,"none: population share, not an estimate",False
2021-09-01,sma_2,94630029.73,,,550,none: population total,0.0020216178099356926,,,550,"none: population share, not an estimate",False
2014-11-01,sma_2,155155228.99999997,,,1061,none: population total,0.0036344370204648008,,,1061,"none: population share, not an estimate",False
2024-08-01,standard_or_sma_0,70676668444.73001,,,317171,none: population total,0.9839394091253109,,,317171,"none: population share, not an estimate",False
2009-01-01,sma_2,244305325.79999998,,,1482,none: population total,0.0062962348901078515,,,1482,"none: population share, not an estimate",False
2015-09-01,sma_2,137526982.11,,,926,none: population total,0.003027930112440695,,,926,"none: population share, not an estimate",False
2017-10-01,sma_1,580860543.1899998,,,3714,none: population total,0.011249961118501196,,,3714,"none: population share, not an estimate",False
2015-11-01,npa,487561453.5899999,,,2958,none: population total,0.010581377585772374,,,2958,"none: population share, not an estimate",False
2010-11-01,sma_1,742164606.9099998,,,4915,none: population total,0.018637902089127818,,,4915,"none: population share, not an estimate",False
2012-04-01,sma_1,549583115.8199999,,,3728,none: population total,0.013616514746145817,,,3728,"none: population share, not an estimate",False
2008-03-01,npa,196255024.32999995,,,1360,none: population total,0.005805575105435474,,,1360,"none: population share, not an estimate",False
2012-10-01,sma_2,203044565.94999996,,,1318,none: population total,0.005226190539140578,,,1318,"none: population share, not an estimate",False
2019-08-01,sma_1,496750966.16,,,3090,none: population total,0.008373951789176467,,,3090,"none: population share, not an estimate",False
2024-07-01,standard_or_sma_0,69949697834.8902,,,315253,none: population total,0.9835234152299798,,,315253,"none: population share, not an estimate",False
2017-03-01,sma_1,375886894.0899999,,,2474,none: population total,0.007596117687134598,,,2474,"none: population share, not an estimate",False
2010-05-01,sma_2,276373933.2300001,,,1682,none: population total,0.0067811665635696405,,,1682,"none: population share, not an estimate",False
2007-09-01,sma_2,78403474.47,,,590,none: population total,0.0025275070534552806,,,590,"none: population share, not an estimate",False
2009-02-01,sma_2,253873291.88999996,,,1477,none: population total,0.006586667971538888,,,1477,"none: population share, not an estimate",False
2019-09-01,npa,273262597.59999996,,,1664,none: population total,0.004625776275135676,,,1664,"none: population share, not an estimate",False
2019-10-01,npa,266785670.95999995,,,1637,none: population total,0.004536475602291421,,,1637,"none: population share, not an estimate",False
2012-03-01,sma_2,197773120.44000003,,,1224,none: population total,0.00487373194163657,,,1224,"none: population share, not an estimate",False
2014-11-01,npa,695970376.1800001,,,4207,none: population total,0.016302773142988346,,,4207,"none: population share, not an estimate",False
2021-01-01,npa,1738337932.44,,,8168,none: population total,0.03479959422317649,,,8168,"none: population share, not an estimate",False
2011-02-01,sma_2,276175054.83,,,1681,none: population total,0.006907837721088265,,,1681,"none: population share, not an estimate",False
2014-03-01,sma_1,425406816.31,,,3039,none: population total,0.010720023720766796,,,3039,"none: population share, not an estimate",False
2014-10-01,sma_1,432428121.6399999,,,3030,none: population total,0.010193525064217297,,,3030,"none: population share, not an estimate",False
2014-05-01,sma_1,460143168.5900001,,,3213,none: population total,0.011353390438597717,,,3213,"none: population share, not an estimate",False
2015-08-01,npa,521263685.0299999,,,3127,none: population total,0.011545515062163812,,,3127,"none: population share, not an estimate",False
2015-09-01,npa,509747776.97999996,,,3068,none: population total,0.011223111421385682,,,3068,"none: population share, not an estimate",False
2018-07-01,npa,305280140.1200001,,,1912,none: population total,0.0055662994283749165,,,1912,"none: population share, not an estimate",False
2019-11-01,sma_2,131095482.73999998,,,817,none: population total,0.0022222868831582275,,,817,"none: population share, not an estimate",False
2017-11-01,sma_1,536320939.23,,,3485,none: population total,0.01029565504307355,,,3485,"none: population share, not an estimate",False
2007-09-01,npa,119138521.77000001,,,919,none: population total,0.003840690175371389,,,919,"none: population share, not an estimate",False
2022-08-01,sma_1,374599149.71999997,,,2094,none: population total,0.007232668323741594,,,2094,"none: population share, not an estimate",False
2006-12-01,sma_1,320593763.92,,,2508,none: population total,0.011925171179146654,,,2508,"none: population share, not an estimate",False
2026-01-01,sma_1,691358192.1899999,,,3329,none: population total,0.010417362473382196,,,3329,"none: population share, not an estimate",False
2016-04-01,npa,411766413.47,,,2525,none: population total,0.008690567561560671,,,2525,"none: population share, not an estimate",False
2017-06-01,npa,310382498.8900001,,,1993,none: population total,0.0061599481363397565,,,1993,"none: population share, not an estimate",False
2011-07-01,sma_2,237054221.03,,,1479,none: population total,0.005758363219021921,,,1479,"none: population share, not an estimate",False
2006-05-01,sma_1,208976554.45,,,1700,none: population total,0.008822904987333261,,,1700,"none: population share, not an estimate",False
2006-10-01,sma_1,244586308.26,,,1933,none: population total,0.009412433259119857,,,1933,"none: population share, not an estimate",False
2025-11-01,npa,528307190.83,,,2122,none: population total,0.00776850485246262,,,2122,"none: population share, not an estimate",False
2006-04-01,sma_2,39244401.70000001,,,347,none: population total,0.0016834186926021877,,,347,"none: population share, not an estimate",False
2014-08-01,sma_1,511314585.9900001,,,3578,none: population total,0.012280205246446744,,,3578,"none: population share, not an estimate",False
2007-08-01,sma_2,68212591.52999999,,,521,none: population total,0.0022312819562953588,,,521,"none: population share, not an estimate",False
2015-11-01,sma_2,136574503.09,,,925,none: population total,0.002964029201126671,,,925,"none: population share, not an estimate",False
2020-04-01,sma_2,237725407.35000002,,,1254,none: population total,0.004104644284822242,,,1254,"none: population share, not an estimate",False
2021-01-01,sma_2,177537241.22,,,971,none: population total,0.0035540983364990503,,,971,"none: population share, not an estimate",False
2020-11-01,sma_2,198773127.69,,,1123,none: population total,0.0038587595332237284,,,1123,"none: population share, not an estimate",False
2023-04-01,npa,337643782.41,,,1746,none: population total,0.005772417509273516,,,1746,"none: population share, not an estimate",False
2021-07-01,npa,1154525896.4799998,,,5552,none: population total,0.024524957837841182,,,5552,"none: population share, not an estimate",False
2018-07-01,sma_2,114085028.97,,,740,none: population total,0.0020801596569374847,,,740,"none: population share, not an estimate",False
2016-01-01,sma_1,519206614.71000004,,,3499,none: population total,0.011129604914459572,,,3499,"none: population share, not an estimate",False
2013-12-01,sma_2,176405833.94999996,,,1164,none: population total,0.00457810927048498,,,1164,"none: population share, not an estimate",False
2019-09-01,sma_2,124024236.36,,,778,none: population total,0.002099476383283519,,,778,"none: population share, not an estimate",False
2015-03-01,npa,620868979.2199999,,,3715,none: population total,0.0142664865405356,,,3715,"none: population share, not an estimate",False
2025-05-01,sma_1,651839625.43,,,3090,none: population total,0.008944668884543299,,,3090,"none: population share, not an estimate",False
2021-06-01,sma_1,331808696.09,,,1999,none: population total,0.007046227408404339,,,1999,"none: population share, not an estimate",False
2011-11-01,sma_2,249828643.65000004,,,1575,none: population total,0.006092660531768957,,,1575,"none: population share, not an estimate",False
2015-08-01,sma_2,133526271.85000002,,,901,none: population total,0.002957485102285671,,,901,"none: population share, not an estimate",False
2023-07-01,sma_1,493309649.03999996,,,2558,none: population total,0.008080374033659132,,,2558,"none: population share, not an estimate",False
2015-03-01,sma_2,126628617.26999998,,,825,none: population total,0.002909704824033339,,,825,"none: population share, not an estimate",False
2024-03-01,npa,344166429.2199999,,,1604,none: population total,0.005094084226367987,,,1604,"none: population share, not an estimate",False
2018-02-01,npa,425731942.15000004,,,2584,none: population total,0.008034928764176821,,,2584,"none: population share, not an estimate",False
2021-07-01,sma_2,85436370.66000001,,,503,none: population total,0.001814877773329331,,,503,"none: population share, not an estimate",False
2006-07-01,sma_2,40375553.74,,,347,none: population total,0.0016385482396587773,,,347,"none: population share, not an estimate",False
2017-09-01,sma_1,579418406.17,,,3739,none: population total,0.01128815635501185,,,3739,"none: population share, not an estimate",False
2020-04-01,npa,300240774.22,,,1746,none: population total,0.005184054963709912,,,1746,"none: population share, not an estimate",False
2019-10-01,sma_2,121976643.60000002,,,762,none: population total,0.002074114646973528,,,762,"none: population share, not an estimate",False
2016-04-01,sma_2,115046492.03,,,772,none: population total,0.0024281225447254935,,,772,"none: population share, not an estimate",False
2025-11-01,sma_2,230811072.42000002,,,1062,none: population total,0.003393966554344792,,,1062,"none: population share, not an estimate",False
2018-02-01,sma_2,138380400.01,,,931,none: population total,0.002611682484578268,,,931,"none: population share, not an estimate",False
2023-12-01,npa,344117151.5,,,1632,none: population total,0.005261683623459865,,,1632,"none: population share, not an estimate",False
2005-01-01,sma_2,32755770.51,,,299,none: population total,0.0019168418890998674,,,299,"none: population share, not an estimate",False
2023-12-01,sma_2,148702722.23,,,772,none: population total,0.002273721826741008,,,772,"none: population share, not an estimate",False
2017-02-01,sma_2,127384988.61000003,,,859,none: population total,0.0025895565275192846,,,859,"none: population share, not an estimate",False
2025-09-01,npa,493843935.82999986,,,2053,none: population total,0.007059564934575273,,,2053,"none: population share, not an estimate",False
2023-05-01,npa,324357137.54999995,,,1670,none: population total,0.005479783595069337,,,1670,"none: population share, not an estimate",False
2025-03-01,npa,487446186.58000004,,,2064,none: population total,0.006552493250413851,,,2064,"none: population share, not an estimate",False
2004-08-01,sma_2,27273298.990000002,,,258,none: population total,0.0018003193749209832,,,258,"none: population share, not an estimate",False
2025-06-01,npa,471483797.26000005,,,1975,none: population total,0.006529460371809363,,,1975,"none: population share, not an estimate",False
2025-06-01,sma_2,187608578.38000003,,,845,none: population total,0.002598143955450039,,,845,"none: population share, not an estimate",False
2024-03-01,sma_2,139978157.64000002,,,680,none: population total,0.002071847990770097,,,680,"none: population share, not an estimate",False
2024-08-01,npa,368963161.10999995,,,1657,none: population total,0.0051365946177199875,,,1657,"none: population share, not an estimate",False
2025-03-01,sma_2,179308995.44,,,827,none: population total,0.0024103603940416897,,,827,"none: population share, not an estimate",False
2004-12-01,sma_1,174783329.82000005,,,1544,none: population total,0.010519060544013059,,,1544,"none: population share, not an estimate",False
2022-05-01,npa,455338673.48999995,,,2414,none: population total,0.009201958147933212,,,2414,"none: population share, not an estimate",False
2005-01-01,npa,62924438.830000006,,,659,none: population total,0.003682288595855908,,,659,"none: population share, not an estimate",False
2024-07-01,sma_2,176534589.81000003,,,825,none: population total,0.002482153719748479,,,825,"none: population share, not an estimate",False
2024-12-01,npa,470346869.71000004,,,2056,none: population total,0.006287665891199255,,,2056,"none: population share, not an estimate",False
2021-09-01,npa,953018510.4600004,,,4669,none: population total,0.020359701877315704,,,4669,"none: population share, not an estimate",False
2024-02-01,sma_1,603979993.6899998,,,3024,none: population total,0.009056726610186602,,,3024,"none: population share, not an estimate",False
2017-06-01,sma_2,99529765.29,,,647,none: population total,0.0019752988470711154,,,647,"none: population share, not an estimate",False
2006-07-01,npa,70139849.18,,,651,none: population total,0.0028464631629302613,,,651,"none: population share, not an estimate",False
2000-04-01,standard_or_sma_0,6269545054.979999,,,54744,none: population total,0.9917665721472596,,,54744,"none: population share, not an estimate",False
2001-07-01,standard_or_sma_0,11765297193.569984,,,100049,none: population total,0.983059471596747,,,100049,"none: population share, not an estimate",False
2001-11-01,standard_or_sma_0,12298948961.870016,,,104139,none: population total,0.9798355174572148,,,104139,"none: population share, not an estimate",False
2003-04-01,standard_or_sma_0,12727688416.930006,,,107698,none: population total,0.9773194537829436,,,107698,"none: population share, not an estimate",False
2006-04-01,npa,70084349.34,,,662,none: population total,0.003006321886105293,,,662,"none: population share, not an estimate",False
1999-07-01,standard_or_sma_0,2393820060.09,,,21031,none: population total,0.9937328684950921,,,21031,"none: population share, not an estimate",False
2002-07-01,standard_or_sma_0,14088270116.580002,,,117201,none: population total,0.9820118062439978,,,117201,"none: population share, not an estimate",False
2002-02-01,standard_or_sma_0,12651685128.860022,,,106868,none: population total,0.9791829516605344,,,106868,"none: population share, not an estimate",False
2002-03-01,standard_or_sma_0,12957977175.680014,,,108927,none: population total,0.9812383406942987,,,108927,"none: population share, not an estimate",False
2024-12-01,sma_2,213394739.09999996,,,974,none: population total,0.002852692148727841,,,974,"none: population share, not an estimate",False
2023-04-01,sma_2,103435269.77,,,559,none: population total,0.0017683475704337271,,,559,"none: population share, not an estimate",False
2002-08-01,sma_1,173493012.24999997,,,1569,none: population total,0.01221592949772514,,,1569,"none: population share, not an estimate",False
2004-08-01,npa,64696896.650000006,,,657,none: population total,0.004270663280557372,,,657,"none: population share, not an estimate",False
1999-03-01,standard_or_sma_0,499807000.0,,,4337,none: population total,0.9959965405646691,,,4337,"none: population share, not an estimate",False
2003-04-01,npa,70818895.66,,,679,none: population total,0.005437961879383985,,,679,"none: population share, not an estimate",False
2004-11-01,npa,63462225.97,,,651,none: population total,0.003902153393798686,,,651,"none: population share, not an estimate",False
2024-08-01,sma_2,160538632.85999998,,,781,none: population total,0.002234970762403443,,,781,"none: population share, not an estimate",False
2004-09-01,npa,63463289.190000005,,,651,none: population total,0.004083581565672918,,,651,"none: population share, not an estimate",False
2002-07-01,npa,52749344.86999999,,,519,none: population total,0.0036768516649190335,,,519,"none: population share, not an estimate",False
2022-05-01,sma_2,82628782.4,,,472,none: population total,0.0016698484924017312,,,472,"none: population share, not an estimate",False
2004-11-01,sma_2,31534728.919999994,,,300,none: population total,0.0019390014705104987,,,300,"none: population share, not an estimate",False
2001-07-01,sma_2,24377034.13,,,233,none: population total,0.0020368439399924896,,,233,"none: population share, not an estimate",False
2002-03-01,npa,45859001.23,,,439,none: population total,0.0034726570098670933,,,439,"none: population share, not an estimate",False
2023-05-01,sma_2,106048861.64000002,,,542,none: population total,0.0017916202389752225,,,542,"none: population share, not an estimate",False
2025-09-01,sma_2,215492221.29000002,,,941,none: population total,0.0030804900469939213,,,941,"none: population share, not an estimate",False
2001-11-01,npa,44404514.739999995,,,410,none: population total,0.0035376291756794957,,,410,"none: population share, not an estimate",False
2002-02-01,npa,46907913.309999995,,,438,none: population total,0.0036304593849199682,,,438,"none: population share, not an estimate",False
2003-04-01,sma_2,33976297.91,,,322,none: population total,0.002608933832069498,,,322,"none: population share, not an estimate",False
2024-07-01,npa,359843536.14,,,1612,none: population total,0.005059557861825623,,,1612,"none: population share, not an estimate",False
2002-07-01,sma_2,30340136.879999995,,,291,none: population total,0.0021148354178810746,,,291,"none: population share, not an estimate",False
2002-03-01,sma_2,30618423.600000005,,,299,none: population total,0.0023185695391042004,,,299,"none: population share, not an estimate",False
2001-11-01,sma_2,27658457.699999996,,,260,none: population total,0.002203500420773142,,,260,"none: population share, not an estimate",False
2002-02-01,sma_2,31407152.009999998,,,288,none: population total,0.0024307708811256126,,,288,"none: population share, not an estimate",False
2004-09-01,sma_2,29930402.22,,,297,none: population total,0.0019258888141276275,,,297,"none: population share, not an estimate",False
2001-07-01,npa,32396289.89,,,295,none: population total,0.002706899715067448,,,295,"none: population share, not an estimate",False
2000-08-01,sma_1,64384315.95,,,565,none: population total,0.007910504100241087,,,565,"none: population share, not an estimate",False
2000-01-01,sma_1,33542050.110000003,,,297,none: population total,0.006568264445896374,,,297,"none: population share, not an estimate",False
2000-04-01,npa,3037335.02,,,29,none: population total,0.0004804698450736053,,,29,"none: population share, not an estimate",False
1999-07-01,sma_2,,,,0,"none: suppressed, fewer than 10 loans",,,,0,"none: suppressed, fewer than 10 loans",False
2000-04-01,sma_2,3814976.1700000004,,,40,none: population total,0.0006034833158969063,,,40,"none: population share, not an estimate",False
2025-10-01,unknown,,,,0,"none: suppressed, fewer than 10 loans",,,,0,"none: suppressed, fewer than 10 loans",False
1999-07-01,npa,,,,0,"none: suppressed, fewer than 10 loans",,,,0,"none: suppressed, fewer than 10 loans",False
1999-03-01,sma_2,,,,0,"none: suppressed, fewer than 10 loans",,,,0,"none: suppressed, fewer than 10 loans",False
2007-07-01,standard_or_sma_0,29568538076.449974,,,203995,none: population total,0.9846124284641212,,,203995,"none: population share, not an estimate",False
2009-05-01,standard_or_sma_0,36408563652.37999,,,237475,none: population total,0.9508881969746211,,,237475,"none: population share, not an estimate",False
2013-03-01,npa,1157356085.1499999,,,6665,none: population total,0.030687275904459226,,,6665,"none: population share, not an estimate",False
2007-06-01,standard_or_sma_0,29209916573.57,,,202046,none: population total,0.9843089094418457,,,202046,"none: population share, not an estimate",False
2013-07-01,standard_or_sma_0,35530507845.26003,,,226465,none: population total,0.9540219075659732,,,226465,"none: population share, not an estimate",False
2013-03-01,standard_or_sma_0,35835017124.28993,,,229229,none: population total,0.95016483832768,,,229229,"none: population share, not an estimate",False
2008-07-01,standard_or_sma_0,34989919889.89003,,,232300,none: population total,0.9753347377767972,,,232300,"none: population share, not an estimate",False
2009-08-01,standard_or_sma_0,36268472963.27007,,,235221,none: population total,0.9368130084535876,,,235221,"none: population share, not an estimate",False
2006-06-01,standard_or_sma_0,23794060255.23997,,,171721,none: population total,0.9869802045291769,,,171721,"none: population share, not an estimate",False
2023-03-01,standard_or_sma_0,56465343767.619865,,,276031,none: population total,0.9859680587347424,,,276031,"none: population share, not an estimate",False
2012-11-01,standard_or_sma_0,36626706473.46997,,,233917,none: population total,0.9471980035043415,,,233917,"none: population share, not an estimate",False
2008-09-01,standard_or_sma_0,36012984186.45008,,,237223,none: population total,0.9704268174383386,,,237223,"none: population share, not an estimate",False
2009-12-01,standard_or_sma_0,36610038820.06012,,,236195,none: population total,0.930084579499013,,,236195,"none: population share, not an estimate",False
2015-07-01,standard_or_sma_0,43787720965.10003,,,265214,none: population total,0.9761770389861393,,,265214,"none: population share, not an estimate",False
2011-03-01,standard_or_sma_0,37828937653.26004,,,241231,none: population total,0.9418726454144417,,,241231,"none: population share, not an estimate",False
2014-07-01,standard_or_sma_0,39850487916.80007,,,246807,none: population total,0.9671241419349356,,,246807,"none: population share, not an estimate",False
2009-05-01,npa,917691608.6,,,4978,none: population total,0.02396749642232457,,,4978,"none: population share, not an estimate",False
2017-07-01,standard_or_sma_0,49956969876.90001,,,289554,none: population total,0.9830588720790883,,,289554,"none: population share, not an estimate",False
2012-11-01,npa,1257852169.7899997,,,7184,none: population total,0.0325291345753867,,,7184,"none: population share, not an estimate",False
2015-01-01,sma_1,478875142.83,,,3342,none: population total,0.011064065470933972,,,3342,"none: population share, not an estimate",False
2022-06-01,standard_or_sma_0,49201829603.380035,,,254212,none: population total,0.9825141946133049,,,254212,"none: population share, not an estimate",False
2016-12-01,standard_or_sma_0,47203321439.84992,,,278738,none: population total,0.979926000919901,,,278738,"none: population share, not an estimate",False
2018-09-01,standard_or_sma_0,54630720202.17993,,,306970,none: population total,0.9823994375290102,,,306970,"none: population share, not an estimate",False
2024-09-01,standard_or_sma_0,71362135139.72993,,,318756,none: population total,0.9823362681582717,,,318756,"none: population share, not an estimate",False
2017-04-01,standard_or_sma_0,48993309391.89992,,,286014,none: population total,0.981029921018088,,,286014,"none: population share, not an estimate",False
2020-12-01,standard_or_sma_0,48056022042.18992,,,271095,none: population total,0.9513801837311335,,,271095,"none: population share, not an estimate",False
2008-07-01,npa,278020372.48,,,1762,none: population total,0.007749744153250777,,,1762,"none: population share, not an estimate",False
2022-04-01,standard_or_sma_0,47875611398.73001,,,251178,none: population total,0.9811577916255939,,,251178,"none: population share, not an estimate",False
2015-07-01,npa,528878102.8199999,,,3173,none: population total,0.011790489411561796,,,3173,"none: population share, not an estimate",False
2019-01-01,standard_or_sma_0,56445343530.95999,,,315296,none: population total,0.9842819917685831,,,315296,"none: population share, not an estimate",False
2008-09-01,sma_2,167229360.68999997,,,1072,none: population total,0.00450625961560009,,,1072,"none: population share, not an estimate",False
2013-06-01,sma_1,557953563.65,,,3846,none: population total,0.014959775177666614,,,3846,"none: population share, not an estimate",False
2025-07-01,standard_or_sma_0,70171856189.76016,,,312881,none: population total,0.9815976167751191,,,312881,"none: population share, not an estimate",False
2009-12-01,sma_2,374816454.27,,,2217,none: population total,0.009522279011296922,,,2217,"none: population share, not an estimate",False
2010-04-01,sma_1,683168315.9100001,,,4367,none: population total,0.016896369935017266,,,4367,"none: population share, not an estimate",False
2017-01-01,sma_1,430000992.38,,,2933,none: population total,0.008825667694129352,,,2933,"none: population share, not an estimate",False
2020-07-01,sma_1,577559034.8700001,,,3222,none: population total,0.010463310900590909,,,3222,"none: population share, not an estimate",False
2019-04-01,standard_or_sma_0,58082404682.08977,,,322107,none: population total,0.9855028703233043,,,322107,"none: population share, not an estimate",False
2011-03-01,npa,1485288272.8300002,,,8138,none: population total,0.03698101193208844,,,8138,"none: population share, not an estimate",False
2017-04-01,npa,337424992.44,,,2142,none: population total,0.00675651467091281,,,2142,"none: population share, not an estimate",False
2016-09-01,sma_1,447680264.8299999,,,2952,none: population total,0.00932548977063708,,,2952,"none: population share, not an estimate",False
2022-07-01,standard_or_sma_0,50015494476.29009,,,256282,none: population total,0.9826554865996707,,,256282,"none: population share, not an estimate",False
2020-01-01,sma_1,452513376.85,,,2824,none: population total,0.007676979398192744,,,2824,"none: population share, not an estimate",False
2009-08-01,npa,1180625251.6599998,,,6294,none: population total,0.03049549659793992,,,6294,"none: population share, not an estimate",False
2024-05-01,standard_or_sma_0,68520190777.00998,,,311713,none: population total,0.9854995967364119,,,311713,"none: population share, not an estimate",False
2009-12-01,npa,1548347758.0999997,,,8196,none: population total,0.039336051529166687,,,8196,"none: population share, not an estimate",False
2017-07-01,npa,309908971.8600001,,,1983,none: population total,0.00609842360484628,,,1983,"none: population share, not an estimate",False
2022-03-01,sma_1,318838293.73,,,1840,none: population total,0.006606792799098279,,,1840,"none: population share, not an estimate",False
2009-08-01,sma_2,318077036.6399999,,,1857,none: population total,0.008215915401690343,,,1857,"none: population share, not an estimate",False
2013-03-01,sma_2,183707510.81000006,,,1178,none: population total,0.004871001364473967,,,1178,"none: population share, not an estimate",False
2008-06-01,sma_1,464984886.6599999,,,3137,none: population total,0.013102225625303547,,,3137,"none: population share, not an estimate",False
2013-01-01,sma_1,548527118.3100001,,,3781,none: population total,0.014436125894001627,,,3781,"none: population share, not an estimate",False
2007-06-01,npa,98062892.98,,,771,none: population total,0.00330450033990149,,,771,"none: population share, not an estimate",False
2012-05-01,sma_1,549909459.4400002,,,3706,none: population total,0.013683387367712591,,,3706,"none: population share, not an estimate",False
2009-05-01,sma_2,250922796.54999998,,,1496,none: population total,0.006553390237235085,,,1496,"none: population share, not an estimate",False
2016-05-01,sma_1,407604880.9599999,,,2753,none: population total,0.008576200236986728,,,2753,"none: population share, not an estimate",False
2009-04-01,sma_1,636362703.95,,,4036,none: population total,0.01653826384233464,,,4036,"none: population share, not an estimate",False
2009-09-01,sma_1,846835090.8900001,,,5328,none: population total,0.021710686616893887,,,5328,"none: population share, not an estimate",False
2008-07-01,sma_2,133269639.55999999,,,838,none: population total,0.0037148558602850064,,,838,"none: population share, not an estimate",False
2011-04-01,sma_1,653687133.1999999,,,4305,none: population total,0.016191080597561504,,,4305,"none: population share, not an estimate",False
2015-02-01,sma_1,505734863.19000006,,,3446,none: population total,0.011634656600440496,,,3446,"none: population share, not an estimate",False
2019-01-01,npa,283566687.4899999,,,1794,none: population total,0.00494477607012501,,,1794,"none: population share, not an estimate",False
2014-07-01,sma_2,145064038.85999995,,,1028,none: population total,0.003520532406052384,,,1028,"none: population share, not an estimate",False
2013-08-01,sma_1,514405952.96000004,,,3540,none: population total,0.013724577465481868,,,3540,"none: population share, not an estimate",False
2025-07-01,npa,478512966.73,,,1985,none: population total,0.006693669132365091,,,1985,"none: population share, not an estimate",False
2004-04-01,standard_or_sma_0,13519070098.049978,,,111228,none: population total,0.9826505616235641,,,111228,"none: population share, not an estimate",False
2014-07-01,npa,758739268.6100001,,,4539,none: population total,0.0184137033814694,,,4539,"none: population share, not an estimate",False
2015-05-01,sma_1,467627099.8000001,,,3241,none: population total,0.010557275331514617,,,3241,"none: population share, not an estimate",False
2013-07-01,npa,1034140882.5999998,,,5997,none: population total,0.02776749101945718,,,5997,"none: population share, not an estimate",False
2018-09-01,npa,288513271.67999995,,,1806,none: population total,0.005188203171569693,,,1806,"none: population share, not an estimate",False
2016-12-01,sma_2,130406131.63,,,867,none: population total,0.0027071899850619158,,,867,"none: population share, not an estimate",False
2019-01-01,sma_2,131720592.00000001,,,849,none: population total,0.0022969158931521855,,,849,"none: population share, not an estimate",False
2011-08-01,sma_1,667707668.5700002,,,4430,none: population total,0.016191558879433198,,,4430,"none: population share, not an estimate",False
2004-02-01,standard_or_sma_0,12959909589.629992,,,107709,none: population total,0.9776767803407164,,,107709,"none: population share, not an estimate",False
2011-12-01,sma_1,670759053.7299998,,,4508,none: population total,0.016426646505765873,,,4508,"none: population share, not an estimate",False
2022-04-01,npa,497033455.4,,,2592,none: population total,0.010186151846767608,,,2592,"none: population share, not an estimate",False
2019-04-01,sma_2,116222596.21,,,711,none: population total,0.0019719862286745183,,,711,"none: population share, not an estimate",False
2011-03-01,sma_2,226822749.44,,,1382,none: population total,0.005647479318965725,,,1382,"none: population share, not an estimate",False
2005-10-01,sma_1,211469382.51999998,,,1814,none: population total,0.010304372801434902,,,1814,"none: population share, not an estimate",False
2008-09-01,npa,367566664.28,,,2232,none: population total,0.009904665116529666,,,2232,"none: population share, not an estimate",False
2022-07-01,npa,398382644.75,,,2139,none: population total,0.007827032317260268,,,2139,"none: population share, not an estimate",False
2012-11-01,sma_2,203885073.79000002,,,1328,none: population total,0.005272642654291254,,,1328,"none: population share, not an estimate",False
2007-07-01,sma_2,66765465.44,,,516,none: population total,0.0022232450888998545,,,516,"none: population share, not an estimate",False
2023-09-01,sma_1,549721685.3100001,,,2867,none: population total,0.0087550173246403,,,2867,"none: population share, not an estimate",False
2023-03-01,sma_2,100297922.08999999,,,544,none: population total,0.0017513494285129041,,,544,"none: population share, not an estimate",False
2006-03-01,sma_1,179109765.83999994,,,1483,none: population total,0.00785395674486278,,,1483,"none: population share, not an estimate",False
2016-12-01,npa,359832677.77,,,2280,none: population total,0.007470012409545741,,,2280,"none: population share, not an estimate",False
2015-07-01,sma_2,119746717.77000003,,,811,none: population total,0.0026695610962304966,,,811,"none: population share, not an estimate",False
2019-04-01,npa,274087213.56000006,,,1692,none: population total,0.004650526044173728,,,1692,"none: population share, not an estimate",False
2005-11-01,sma_1,216616998.85000002,,,1842,none: population total,0.010301359653168021,,,1842,"none: population share, not an estimate",False
2018-09-01,sma_2,126078745.11000001,,,826,none: population total,0.0022672168300553555,,,826,"none: population share, not an estimate",False
2022-06-01,npa,417318774.38000005,,,2235,none: population total,0.008333462857218827,,,2235,"none: population share, not an estimate",False
2020-12-01,npa,1796198506.9300005,,,8413,none: population total,0.03555990681127086,,,8413,"none: population share, not an estimate",False
2025-08-01,sma_1,716683968.7700001,,,3383,none: population total,0.010127010051710267,,,3383,"none: population share, not an estimate",False
2017-04-01,sma_2,104726893.54000002,,,722,none: population total,0.0020970254382326335,,,722,"none: population share, not an estimate",False
2022-06-01,sma_2,87661075.75,,,490,none: population total,0.0017505091158953646,,,490,"none: population share, not an estimate",False
2023-06-01,sma_1,490940686.80999994,,,2486,none: population total,0.008164750099304752,,,2486,"none: population share, not an estimate",False
2022-04-01,sma_2,74600998.80000001,,,426,none: population total,0.0015288650963862832,,,426,"none: population share, not an estimate",False
2005-06-01,sma_1,176748357.04,,,1530,none: population total,0.009310414937963961,,,1530,"none: population share, not an estimate",False
2006-06-01,npa,68555862.68,,,640,none: population total,0.002843704632322247,,,640,"none: population share, not an estimate",False
2017-07-01,sma_2,108945179.75999999,,,727,none: population total,0.002143835500776473,,,727,"none: population share, not an estimate",False
2020-12-01,sma_2,177767953.23999998,,,1006,none: population total,0.003519328084761127,,,1006,"none: population share, not an estimate",False
2013-07-01,sma_2,174519003.75,,,1146,none: population total,0.0046859716610073605,,,1146,"none: population share, not an estimate",False
2007-07-01,npa,100046272.11999999,,,796,none: population total,0.0033314735647790375,,,796,"none: population share, not an estimate",False
2006-06-01,sma_2,37526794.410000004,,,325,none: population total,0.0015566155092823872,,,325,"none: population share, not an estimate",False
2022-07-01,sma_2,81534193.49000001,,,490,none: population total,0.0016019040382857488,,,490,"none: population share, not an estimate",False
2024-09-01,npa,390768171.75,,,1739,none: population total,0.005379123631885467,,,1739,"none: population share, not an estimate",False
2024-05-01,npa,328135480.13000005,,,1514,none: population total,0.0047194466284458175,,,1514,"none: population share, not an estimate",False
2025-01-01,sma_1,647693838.9999999,,,3144,none: population total,0.00857536908447115,,,3144,"none: population share, not an estimate",False
2023-03-01,npa,330913577.68999994,,,1738,none: population total,0.005778238403129633,,,1738,"none: population share, not an estimate",False
2002-10-01,standard_or_sma_0,13873179241.980011,,,115566,none: population total,0.9794395323876066,,,115566,"none: population share, not an estimate",False
2003-03-01,standard_or_sma_0,13106052291.56,,,110457,none: population total,0.9788244910256683,,,110457,"none: population share, not an estimate",False
2001-08-01,standard_or_sma_0,11944445489.380028,,,101478,none: population total,0.983601279535854,,,101478,"none: population share, not an estimate",False
2003-12-01,sma_1,173686510.45,,,1614,none: population total,0.013612524948442905,,,1614,"none: population share, not an estimate",False
2004-02-01,npa,75447938.76,,,734,none: population total,0.005691683058440713,,,734,"none: population share, not an estimate",False
2007-06-01,sma_2,52772617.989999995,,,427,none: population total,0.0017783192886325803,,,427,"none: population share, not an estimate",False
2003-11-01,sma_1,198174760.96,,,1798,none: population total,0.015842850506181984,,,1798,"none: population share, not an estimate",False
2000-09-01,sma_1,84370591.0,,,747,none: population total,0.009816189984067572,,,747,"none: population share, not an estimate",False
2003-02-01,sma_1,209958554.04000002,,,1877,none: population total,0.015498060521696739,,,1877,"none: population share, not an estimate",False
2003-05-01,sma_1,189979618.73000002,,,1715,none: population total,0.014889793801099652,,,1715,"none: population share, not an estimate",False
2024-05-01,sma_2,132974849.67000002,,,666,none: population total,0.0019125262092796014,,,666,"none: population share, not an estimate",False
2002-12-01,sma_1,211915977.49999997,,,1903,none: population total,0.015243381062248264,,,1903,"none: population share, not an estimate",False
2025-07-01,sma_2,195430435.98000002,,,897,none: population total,0.0027337747726742323,,,897,"none: population share, not an estimate",False
2001-06-01,sma_1,157847285.95000002,,,1384,none: population total,0.013671791450731626,,,1384,"none: population share, not an estimate",False
2003-03-01,npa,74940196.34,,,724,none: population total,0.00559690270632462,,,724,"none: population share, not an estimate",False
2004-02-01,sma_2,31896988.499999996,,,297,none: population total,0.002406262544007083,,,297,"none: population share, not an estimate",False
2002-10-01,npa,60554391.27,,,587,none: population total,0.004275109809728099,,,587,"none: population share, not an estimate",False
2002-10-01,sma_2,34098989.03,,,315,none: population total,0.002407371611647015,,,315,"none: population share, not an estimate",False
2001-08-01,sma_2,25012090.869999997,,,225,none: population total,0.0020596958314618254,,,225,"none: population share, not an estimate",False
2004-04-01,npa,69455202.72,,,673,none: population total,0.005048438499503828,,,673,"none: population share, not an estimate",False
2024-09-01,sma_2,175092887.74000004,,,853,none: population total,0.0024102431014260397,,,853,"none: population share, not an estimate",False
2001-03-01,sma_1,113173285.07999997,,,1025,none: population total,0.010603535776031379,,,1025,"none: population share, not an estimate",False
2004-04-01,sma_2,26256579.7,,,253,none: population total,0.0019084924185902752,,,253,"none: population share, not an estimate",False
2003-03-01,sma_2,30559303.36,,,285,none: population total,0.0022823191829254162,,,285,"none: population share, not an estimate",False
2001-08-01,npa,36190791.81,,,323,none: population total,0.002980239573564279,,,323,"none: population share, not an estimate",False
1999-08-01,sma_1,17156000.0,,,140,none: population total,0.00583012773861363,,,140,"none: population share, not an estimate",False
2026-02-01,unknown,,,,0,"none: suppressed, fewer than 10 loans",,,,0,"none: suppressed, fewer than 10 loans",False
2009-11-01,standard_or_sma_0,36547399665.46007,,,236000,none: population total,0.9308205531912623,,,236000,"none: population share, not an estimate",False
2008-12-01,standard_or_sma_0,36968904275.32001,,,241827,none: population total,0.9619455734489115,,,241827,"none: population share, not an estimate",False
2012-08-01,standard_or_sma_0,37347110706.31001,,,238066,none: population total,0.9479943681919933,,,238066,"none: population share, not an estimate",False
2011-01-01,standard_or_sma_0,36994503253.36,,,237014,none: population total,0.9350317244654983,,,237014,"none: population share, not an estimate",False
2006-01-01,standard_or_sma_0,21613133771.909935,,,159219,none: population total,0.985249425619211,,,159219,"none: population share, not an estimate",False
2014-02-01,npa,887535557.01,,,5285,none: population total,0.022529257533665713,,,5285,"none: population share, not an estimate",False
2010-10-01,standard_or_sma_0,37551636768.68004,,,240035,none: population total,0.9340240461800194,,,240035,"none: population share, not an estimate",False
2016-03-01,standard_or_sma_0,46037538653.539955,,,275744,none: population total,0.9800096634623569,,,275744,"none: population share, not an estimate",False
2011-10-01,sma_1,660662880.1899998,,,4365,none: population total,0.01605885977712581,,,4365,"none: population share, not an estimate",False
2019-12-01,standard_or_sma_0,57953124065.600006,,,319479,none: population total,0.9836573540071784,,,319479,"none: population share, not an estimate",False
2013-05-01,standard_or_sma_0,35574008364.60997,,,227563,none: population total,0.9540239298285071,,,227563,"none: population share, not an estimate",False
2019-02-01,standard_or_sma_0,56670333115.84028,,,316479,none: population total,0.9831999620823306,,,316479,"none: population share, not an estimate",False
2014-02-01,standard_or_sma_0,37866143311.31002,,,237368,none: population total,0.9611965264143043,,,237368,"none: population share, not an estimate",False
2015-04-01,npa,596243640.69,,,3573,none: population total,0.013577983462424422,,,3573,"none: population share, not an estimate",False
2016-11-01,standard_or_sma_0,47193980448.17,,,278968,none: population total,0.9797223749826676,,,278968,"none: population share, not an estimate",False
2014-01-01,standard_or_sma_0,37460397398.32001,,,235248,none: population total,0.9600930805190757,,,235248,"none: population share, not an estimate",False
2012-06-01,standard_or_sma_0,37912127663.50991,,,240995,none: population total,0.9460482397342388,,,240995,"none: population share, not an estimate",False
2009-11-01,sma_2,366043607.71999997,,,2126,none: population total,0.009322712875577347,,,2126,"none: population share, not an estimate",False
2021-05-01,standard_or_sma_0,45684354472.34002,,,255687,none: population total,0.9614733197880454,,,255687,"none: population share, not an estimate",False
2016-10-01,standard_or_sma_0,47085726794.14981,,,278682,none: population total,0.9799662261478433,,,278682,"none: population share, not an estimate",False
2020-05-01,standard_or_sma_0,53364410553.209946,,,298975,none: population total,0.9359248959743166,,,298975,"none: population share, not an estimate",False
2005-07-01,standard_or_sma_0,19087416879.989964,,,145268,none: population total,0.9854799772965365,,,145268,"none: population share, not an estimate",False
2020-06-01,standard_or_sma_0,52391726010.31019,,,294573,none: population total,0.9362190954434789,,,294573,"none: population share, not an estimate",False
2013-09-01,standard_or_sma_0,36089366579.509995,,,228713,none: population total,0.9553255942670464,,,228713,"none: population share, not an estimate",False
2017-08-01,standard_or_sma_0,50110369573.8501,,,289947,none: population total,0.9829553712952714,,,289947,"none: population share, not an estimate",False
2019-07-01,standard_or_sma_0,58589742483.67009,,,323330,none: population total,0.984624582526697,,,323330,"none: population share, not an estimate",False
2013-11-01,standard_or_sma_0,36542725253.80994,,,230858,none: population total,0.9572603924771892,,,230858,"none: population share, not an estimate",False
2023-11-01,standard_or_sma_0,63528819428.909935,,,296845,none: population total,0.983736731179848,,,296845,"none: population share, not an estimate",False
2016-06-01,standard_or_sma_0,46667991771.01004,,,277990,none: population total,0.9802036042773048,,,277990,"none: population share, not an estimate",False
2025-02-01,standard_or_sma_0,73637669849.58989,,,324319,none: population total,0.9810872310746427,,,324319,"none: population share, not an estimate",False
2015-04-01,standard_or_sma_0,42774473217.21008,,,260982,none: population total,0.9740834959431637,,,260982,"none: population share, not an estimate",False
2013-10-01,standard_or_sma_0,36244601108.23995,,,229497,none: population total,0.9570409821428294,,,229497,"none: population share, not an estimate",False
2008-05-01,sma_1,422628043.46,,,2924,none: population total,0.012078923170487534,,,2924,"none: population share, not an estimate",False
2010-09-01,sma_1,747765176.1700001,,,4863,none: population total,0.01847986070719591,,,4863,"none: population share, not an estimate",False
2014-12-01,sma_1,476138844.15999997,,,3284,none: population total,0.011083440718923771,,,3284,"none: population share, not an estimate",False
2010-10-01,npa,1588794992.1900003,,,8578,none: population total,0.039518190280152174,,,8578,"none: population share, not an estimate",False
2018-06-01,standard_or_sma_0,53567693027.53994,,,303110,none: population total,0.9834411687780442,,,303110,"none: population share, not an estimate",False
2009-10-01,sma_1,817194237.52,,,5084,none: population total,0.020886604320570858,,,5084,"none: population share, not an estimate",False
2013-10-01,npa,972971784.2199996,,,5699,none: population total,0.025691381433232928,,,5699,"none: population share, not an estimate",False
2017-08-01,npa,303330830.2700001,,,1926,none: population total,0.005950079223701134,,,1926,"none: population share, not an estimate",False
2004-07-01,standard_or_sma_0,14589556014.839975,,,117646,none: population total,0.9827151040358792,,,117646,"none: population share, not an estimate",False
2012-06-01,sma_2,205789490.11999997,,,1309,none: population total,0.005135211260411977,,,1309,"none: population share, not an estimate",False
2012-08-01,npa,1304875122.5699995,,,7402,none: population total,0.033122087465288066,,,7402,"none: population share, not an estimate",False
2013-02-01,sma_1,577675839.2299999,,,3896,none: population total,0.015252364602743373,,,3896,"none: population share, not an estimate",False
2010-08-01,sma_1,711822584.1900002,,,4639,none: population total,0.017471163432193175,,,4639,"none: population share, not an estimate",False
2008-04-01,sma_1,418716488.36999995,,,2905,none: population total,0.012235302111470607,,,2905,"none: population share, not an estimate",False
2025-12-01,standard_or_sma_0,65625384151.43012,,,297840,none: population total,0.977714999249986,,,297840,"none: population share, not an estimate",False
2007-01-01,sma_1,272932261.32000005,,,2123,none: population total,0.009928457817586812,,,2123,"none: population share, not an estimate",False
2021-04-01,standard_or_sma_0,45921281536.090096,,,257934,none: population total,0.960917696805667,,,257934,"none: population share, not an estimate",False
2013-05-01,npa,1073427872.4999999,,,6206,none: population total,0.02878719392017356,,,6206,"none: population share, not an estimate",False
2019-07-01,npa,269223928.83000004,,,1643,none: population total,0.004524418222256555,,,1643,"none: population share, not an estimate",False
2023-01-01,standard_or_sma_0,55072914386.93004,,,271489,none: population total,0.9844271324485471,,,271489,"none: population share, not an estimate",False
2011-01-01,npa,1570558893.1800003,,,8581,none: population total,0.03969569155199678,,,8581,"none: population share, not an estimate",False
2014-01-01,npa,907819998.3299998,,,5393,none: population total,0.02326701688414443,,,5393,"none: population share, not an estimate",False
2020-05-01,sma_2,1672075757.8700006,,,7486,none: population total,0.029325487033820964,,,7486,"none: population share, not an estimate",False
2009-11-01,npa,1485620628.6799998,,,7851,none: population total,0.037837061680947935,,,7851,"none: population share, not an estimate",False
2008-02-01,sma_1,408307488.6500001,,,2813,none: population total,0.012251801378145966,,,2813,"none: population share, not an estimate",False
2013-04-01,sma_1,489449827.23999983,,,3329,none: population total,0.013051223961665318,,,3329,"none: population share, not an estimate",False
2008-12-01,npa,536052075.13000005,,,3107,none: population total,0.013948287917033304,,,3107,"none: population share, not an estimate",False
2011-05-01,sma_1,639216721.2099999,,,4261,none: population total,0.01570984402270976,,,4261,"none: population share, not an estimate",False
2021-12-01,sma_1,335342991.95,,,1975,none: population total,0.007108483852552726,,,1975,"none: population share, not an estimate",False
2012-06-01,npa,1367582702.5,,,7690,none: population total,0.034126262178537356,,,7690,"none: population share, not an estimate",False
2024-10-01,standard_or_sma_0,71850995344.76993,,,320036,none: population total,0.9823163068357653,,,320036,"none: population share, not an estimate",False
2007-12-01,sma_1,433058348.09,,,3106,none: population total,0.013316273463611203,,,3106,"none: population share, not an estimate",False
2013-09-01,npa,994546265.9799998,,,5823,none: population total,0.026326743653983953,,,5823,"none: population share, not an estimate",False
2016-07-01,sma_1,491669755.3500001,,,3245,none: population total,0.010264384647778213,,,3245,"none: population share, not an estimate",False
2011-09-01,sma_1,665699053.9499999,,,4413,none: population total,0.016180741462560107,,,4413,"none: population share, not an estimate",False
2013-05-01,sma_2,177400017.66000003,,,1151,none: population total,0.0047575145388454,,,1151,"none: population share, not an estimate",False
2013-11-01,sma_2,166085884.66000003,,,1120,none: population total,0.004350727484890493,,,1120,"none: population share, not an estimate",False
2019-06-01,sma_1,642109737.6300001,,,3861,none: population total,0.010841094815930897,,,3861,"none: population share, not an estimate",False
2010-10-01,sma_2,283417685.40999997,,,1747,none: population total,0.007049464579035687,,,1747,"none: population share, not an estimate",False
2012-07-01,sma_1,577245933.65,,,3877,none: population total,0.014500134010693846,,,3877,"none: population share, not an estimate",False
2019-12-01,npa,286768009.60999995,,,1722,none: population total,0.004867407341622786,,,1722,"none: population share, not an estimate",False
2013-11-01,npa,942918998.7699999,,,5561,none: population total,0.02470037482337641,,,5561,"none: population share, not an estimate",False
2016-10-01,sma_2,134322246.3,,,872,none: population total,0.002795566167424365,,,872,"none: population share, not an estimate",False
2014-02-01,sma_2,155250000.99000004,,,1023,none: population total,0.003940875637916734,,,1023,"none: population share, not an estimate",False
2016-11-01,npa,375305059.91,,,2361,none: population total,0.007791136944718028,,,2361,"none: population share, not an estimate",False
2018-08-01,sma_1,427410436.29999995,,,2747,none: population total,0.007749114449188653,,,2747,"none: population share, not an estimate",False
2021-11-01,sma_1,337148480.93000007,,,2003,none: population total,0.007172570076038713,,,2003,"none: population share, not an estimate",False
2005-08-01,sma_1,173458968.66000003,,,1528,none: population total,0.008778568731436072,,,1528,"none: population share, not an estimate",False
2016-10-01,npa,370612068.5500001,,,2332,none: population total,0.007713320679312818,,,2332,"none: population share, not an estimate",False
2024-01-01,sma_1,545836431.05,,,2774,none: population total,0.008262680877753666,,,2774,"none: population share, not an estimate",False
2016-03-01,npa,423469092.65,,,2604,none: population total,0.00901446547995948,,,2604,"none: population share, not an estimate",False
2014-09-01,sma_1,478398563.2599998,,,3339,none: population total,0.011366221475203426,,,3339,"none: population share, not an estimate",False
2022-12-01,sma_1,450544346.18000007,,,2443,none: population total,0.008177508538450812,,,2443,"none: population share, not an estimate",False
2008-12-01,sma_2,229545349.30999994,,,1413,none: population total,0.005972861165429476,,,1413,"none: population share, not an estimate",False
2019-02-01,npa,292422678.28999996,,,1821,none: population total,0.0050733770281364,,,1821,"none: population share, not an estimate",False
2012-08-01,sma_2,197335695.65000004,,,1249,none: population total,0.005009038840796918,,,1249,"none: population share, not an estimate",False
2011-01-01,sma_2,278926580.1399999,,,1729,none: population total,0.007049836551160629,,,1729,"none: population share, not an estimate",False
2006-09-01,sma_1,258601324.89,,,2059,none: population total,0.010098057732252095,,,2059,"none: population share, not an estimate",False
2019-05-01,sma_1,534275468.2599998,,,3471,none: population total,0.009056824906905202,,,3471,"none: population share, not an estimate",False
2016-11-01,sma_2,131790513.87000002,,,865,none: population total,0.0027359022066533343,,,865,"none: population share, not an estimate",False
2020-06-01,sma_2,1064435222.9300002,,,4969,none: population total,0.019021029797216305,,,4969,"none: population share, not an estimate",False
2021-04-01,npa,1445274785.9599998,,,6880,none: population total,0.030242843233469416,,,6880,"none: population share, not an estimate",False
2005-02-01,sma_1,211787045.96000007,,,1808,none: population total,0.01218028827893486,,,1808,"none: population share, not an estimate",False
2019-03-01,sma_1,496700927.9100001,,,3102,none: population total,0.008518580351784965,,,3102,"none: population share, not an estimate",False
2018-06-01,sma_2,112494176.44,,,742,none: population total,0.0020652635591754884,,,742,"none: population share, not an estimate",False
2016-06-01,npa,390218491.65000004,,,2419,none: population total,0.008196058100117067,,,2419,"none: population share, not an estimate",False
2020-05-01,npa,421208364.36,,,2304,none: population total,0.007387309079411019,,,2304,"none: population share, not an estimate",False
2008-01-01,sma_1,421325905.7099999,,,2963,none: population total,0.012745236359830566,,,2963,"none: population share, not an estimate",False
2023-11-01,npa,339260417.04,,,1590,none: population total,0.005253409974839952,,,1590,"none: population share, not an estimate",False
2013-10-01,sma_2,163788926.16000003,,,1088,none: population total,0.004324856943194477,,,1088,"none: population share, not an estimate",False
2021-05-01,npa,1361848242.050001,,,6510,none: population total,0.02866146989390216,,,6510,"none: population share, not an estimate",False
2018-11-01,sma_1,496579683.28000003,,,3129,none: population total,0.008775463308522833,,,3129,"none: population share, not an estimate",False
2013-09-01,sma_2,176914695.55,,,1172,none: population total,0.0046831283749057175,,,1172,"none: population share, not an estimate",False
2017-08-01,sma_2,123643397.13999997,,,800,none: population total,0.0024253650966362147,,,800,"none: population share, not an estimate",False
2018-03-01,sma_1,435644972.54999995,,,2798,none: population total,0.008181606384767575,,,2798,"none: population share, not an estimate",False
2004-01-01,standard_or_sma_0,12830661756.310007,,,106838,none: population total,0.9787340834041273,,,106838,"none: population share, not an estimate",False
2022-09-01,sma_1,372427962.2,,,2083,none: population total,0.0070746991227426505,,,2083,"none: population share, not an estimate",False
2025-02-01,npa,503729533.15000004,,,2148,none: population total,0.0067112744590927375,,,2148,"none: population share, not an estimate",False
2016-03-01,sma_2,116456266.11000001,,,770,none: population total,0.0024790262359034292,,,770,"none: population share, not an estimate",False
2018-10-01,sma_1,479851769.1100001,,,3030,none: population total,0.008572093701279974,,,3030,"none: population share, not an estimate",False
2020-06-01,npa,1724487961.640001,,,7965,none: population total,0.030815907061967244,,,7965,"none: population share, not an estimate",False
2021-10-01,sma_1,344248313.29999995,,,2070,none: population total,0.007350150800402309,,,2070,"none: population share, not an estimate",False
2019-07-01,sma_2,122308134.61000001,,,746,none: population total,0.0020554382196432326,,,746,"none: population share, not an estimate",False
2018-06-01,npa,320024821.45,,,1983,none: population total,0.005875287260979633,,,1983,"none: population share, not an estimate",False
2021-02-01,sma_1,498623848.4,,,2915,none: population total,0.01012328789474106,,,2915,"none: population share, not an estimate",False
2015-04-01,sma_2,124228615.19,,,811,none: population total,0.002829001380472077,,,811,"none: population share, not an estimate",False
2022-10-01,sma_1,416122439.78,,,2261,none: population total,0.0078080049709139876,,,2261,"none: population share, not an estimate",False
2016-06-01,sma_2,111054662.04,,,747,none: population total,0.002332566195210204,,,747,"none: population share, not an estimate",False
2014-01-01,sma_2,165862931.2,,,1104,none: population total,0.004250992077485893,,,1104,"none: population share, not an estimate",False
2019-02-01,sma_2,126433640.30000001,,,820,none: population total,0.0021935560197747367,,,820,"none: population share, not an estimate",False
2024-10-01,sma_2,184504826.0,,,875,none: population total,0.0025224716567950538,,,875,"none: population share, not an estimate",False
2025-10-01,sma_1,669400481.34,,,3190,none: population total,0.009726719104123996,,,3190,"none: population share, not an estimate",False
2023-08-01,sma_1,459253525.94000006,,,2423,none: population total,0.007422084216429685,,,2423,"none: population share, not an estimate",False
2023-01-01,npa,354595352.89,,,1908,none: population total,0.006338384127859515,,,1908,"none: population share, not an estimate",False
2019-12-01,sma_2,129143618.15,,,801,none: population total,0.0021919969244893066,,,801,"none: population share, not an estimate",False
2021-05-01,sma_2,98873514.22,,,570,none: population total,0.0020808928363816844,,,570,"none: population share, not an estimate",False
2025-12-01,npa,531068026.8299999,,,2158,none: population total,0.007912078263125408,,,2158,"none: population share, not an estimate",False
2023-10-01,sma_1,521838048.43000007,,,2713,none: population total,0.008217769374753967,,,2713,"none: population share, not an estimate",False
2006-01-01,npa,76050157.2,,,737,none: population total,0.003466798220484495,,,737,"none: population share, not an estimate",False
2003-10-01,standard_or_sma_0,11845323747.22,,,100358,none: population total,0.9776522022978708,,,100358,"none: population share, not an estimate",False
2003-09-01,standard_or_sma_0,11756081311.990002,,,99771,none: population total,0.9764655919890036,,,99771,"none: population share, not an estimate",False
2006-01-01,sma_2,40495866.760000005,,,356,none: population total,0.0018460316715893025,,,356,"none: population share, not an estimate",False
2003-08-01,standard_or_sma_0,11658661839.62,,,99455,none: population total,0.9762366722112246,,,99455,"none: population share, not an estimate",False
2001-12-01,standard_or_sma_0,12225493422.199987,,,103463,none: population total,0.9774069768379511,,,103463,"none: population share, not an estimate",False
2001-02-01,standard_or_sma_0,10460667505.970003,,,89659,none: population total,0.9828714163889999,,,89659,"none: population share, not an estimate",False
2000-07-01,standard_or_sma_0,7405273924.85,,,64639,none: population total,0.9894731059055473,,,64639,"none: population share, not an estimate",False
2001-04-01,standard_or_sma_0,10974599546.689978,,,93843,none: population total,0.9846123806539973,,,93843,"none: population share, not an estimate",False
2002-06-01,standard_or_sma_0,13874142201.979996,,,115598,none: population total,0.9811663087516499,,,115598,"none: population share, not an estimate",False
2004-07-01,sma_2,30715141.87,,,283,none: population total,0.002068893241682716,,,283,"none: population share, not an estimate",False
2002-01-01,standard_or_sma_0,12404032802.020002,,,104837,none: population total,0.9803644306401634,,,104837,"none: population share, not an estimate",False
1999-06-01,standard_or_sma_0,2092583000.0,,,18374,none: population total,0.9941739205623594,,,18374,"none: population share, not an estimate",False
1999-11-01,standard_or_sma_0,4138359260.7800007,,,36301,none: population total,0.9922884028284145,,,36301,"none: population share, not an estimate",False
2002-09-01,standard_or_sma_0,14011147579.62002,,,116520,none: population total,0.9792990179169586,,,116520,"none: population share, not an estimate",False
2003-10-01,npa,73391907.68999997,,,700,none: population total,0.006057391230088588,,,700,"none: population share, not an estimate",False
2023-01-01,sma_2,106441009.60999998,,,585,none: population total,0.0019026307038904017,,,585,"none: population share, not an estimate",False
2002-11-01,sma_1,222891679.75000003,,,1938,none: population total,0.01584237581832464,,,1938,"none: population share, not an estimate",False
2005-07-01,sma_2,32498183.100000005,,,302,none: population total,0.0016778754791666461,,,302,"none: population share, not an estimate",False
2025-02-01,sma_2,180254778.33,,,847,none: population total,0.0024015651462216676,,,847,"none: population share, not an estimate",False
2023-11-01,sma_2,137278674.63,,,700,none: population total,0.00212574506901293,,,700,"none: population share, not an estimate",False
2004-01-01,sma_2,39060190.88,,,367,none: population total,0.00297954547042175,,,367,"none: population share, not an estimate",False
2001-05-01,sma_1,129424420.19000001,,,1147,none: population total,0.011363815635889792,,,1147,"none: population share, not an estimate",False
2021-04-01,sma_2,108594180.02,,,609,none: population total,0.002272368406559133,,,609,"none: population share, not an estimate",False
2005-07-01,npa,57305815.16000001,,,587,none: population total,0.0029586891603986393,,,587,"none: population share, not an estimate",False
2000-11-01,sma_1,101444882.02999999,,,887,none: population total,0.010590865667170683,,,887,"none: population share, not an estimate",False
2003-08-01,npa,74988457.46,,,726,none: population total,0.006279149629010034,,,726,"none: population share, not an estimate",False
2004-01-01,npa,75921189.30000001,,,741,none: population total,0.005791334619505762,,,741,"none: population share, not an estimate",False
2004-07-01,npa,65079125.28000001,,,656,none: population total,0.004383563098496435,,,656,"none: population share, not an estimate",False
2001-02-01,npa,19708895.49,,,183,none: population total,0.001851823510752414,,,183,"none: population share, not an estimate",False
2024-10-01,npa,403105028.34000003,,,1788,none: population total,0.005511080825057752,,,1788,"none: population share, not an estimate",False
2025-12-01,sma_2,219189166.45999992,,,1019,none: population total,0.0032655738094658254,,,1019,"none: population share, not an estimate",False
2003-09-01,npa,73913516.14,,,703,none: population total,0.006139291093540138,,,703,"none: population share, not an estimate",False
2001-12-01,npa,46954455.839999996,,,440,none: population total,0.0037539272360417237,,,440,"none: population share, not an estimate",False
2000-10-01,sma_1,86895434.45,,,763,none: population total,0.009517056996871052,,,763,"none: population share, not an estimate",False
2002-05-01,sma_1,150594291.26999998,,,1357,none: population total,0.010915889984939217,,,1357,"none: population share, not an estimate",False
2001-10-01,sma_1,167891130.48000005,,,1480,none: population total,0.013272502170449993,,,1480,"none: population share, not an estimate",False
2002-09-01,npa,61048496.92000001,,,589,none: population total,0.004266940501434917,,,589,"none: population share, not an estimate",False
2003-08-01,sma_2,30471116.82,,,286,none: population total,0.002551495368175619,,,286,"none: population share, not an estimate",False
2003-10-01,sma_2,32031749.43,,,305,none: population total,0.0026437361309810258,,,305,"none: population share, not an estimate",False
2003-09-01,sma_2,35718261.29,,,340,none: population total,0.0029667754270962824,,,340,"none: population share, not an estimate",False
2002-01-01,sma_2,27841775.599999998,,,265,none: population total,0.0022005009918758174,,,265,"none: population share, not an estimate",False
2002-06-01,sma_2,30791312.04,,,292,none: population total,0.002177532674531441,,,292,"none: population share, not an estimate",False
2002-09-01,sma_2,33028478.21,,,315,none: population total,0.002308501576372794,,,315,"none: population share, not an estimate",False
2002-01-01,npa,45702598.54,,,434,none: population total,0.003612147977321256,,,434,"none: population share, not an estimate",False
2002-06-01,npa,49771562.95,,,490,none: population total,0.0035197981964955423,,,490,"none: population share, not an estimate",False
2001-12-01,sma_2,29384444.700000003,,,286,none: population total,0.002349235345228354,,,286,"none: population share, not an estimate",False
2000-05-01,sma_1,48480125.52,,,425,none: population total,0.007135291780397323,,,425,"none: population share, not an estimate",False
2001-04-01,npa,22493060.12,,,205,none: population total,0.002018018550811394,,,205,"none: population share, not an estimate",False
2001-04-01,sma_2,17824669.52,,,166,none: population total,0.0015991827506591139,,,166,"none: population share, not an estimate",False
2000-07-01,npa,5023516.73,,,49,none: population total,0.0006712290121667934,,,49,"none: population share, not an estimate",False
2000-07-01,sma_2,7034698.98,,,68,none: population total,0.0009399578623949659,,,68,"none: population share, not an estimate",False
2001-02-01,sma_2,17259706.48,,,154,none: population total,0.0016217007322691828,,,154,"none: population share, not an estimate",False
1999-10-01,sma_1,24110109.5,,,214,none: population total,0.006335316343658726,,,214,"none: population share, not an estimate",False
1999-11-01,sma_2,2249653.57,,,18,none: population total,0.0005394179207804675,,,18,"none: population share, not an estimate",False
1999-06-01,sma_2,,,,0,"none: suppressed, fewer than 10 loans",,,,0,"none: suppressed, fewer than 10 loans",False
1999-11-01,npa,,,,0,"none: suppressed, fewer than 10 loans",,,,0,"none: suppressed, fewer than 10 loans",False
2007-02-01,standard_or_sma_0,27413266545.40002,,,191885,none: population total,0.9831463722775724,,,191885,"none: population share, not an estimate",False
2011-06-01,standard_or_sma_0,38543917342.750046,,,244522,none: population total,0.9434255669235758,,,244522,"none: population share, not an estimate",False
2007-04-01,standard_or_sma_0,28479580422.869892,,,197951,none: population total,0.9859448624090659,,,197951,"none: population share, not an estimate",False
2010-02-01,standard_or_sma_0,37079308994.54,,,238431,none: population total,0.9274015929578323,,,238431,"none: population share, not an estimate",False
2020-09-01,standard_or_sma_0,50385605931.610016,,,283911,none: population total,0.945667930656435,,,283911,"none: population share, not an estimate",False
2009-06-01,sma_1,728805169.6300001,,,4541,none: population total,0.01911746871916764,,,4541,"none: population share, not an estimate",False
2010-06-01,standard_or_sma_0,38310545863.649864,,,244044,none: population total,0.9359597613051268,,,244044,"none: population share, not an estimate",False
2010-03-01,npa,1660708843.4199996,,,8766,none: population total,0.041324779992013325,,,8766,"none: population share, not an estimate",False
2007-03-01,standard_or_sma_0,27975070694.110016,,,195225,none: population total,0.986130478471917,,,195225,"none: population share, not an estimate",False
2007-11-01,standard_or_sma_0,31545334108.569996,,,215224,none: population total,0.9810935353595459,,,215224,"none: population share, not an estimate",False
2010-07-01,standard_or_sma_0,38453879351.60997,,,244820,none: population total,0.9367632502891887,,,244820,"none: population share, not an estimate",False
2018-04-01,standard_or_sma_0,52913183991.38009,,,300820,none: population total,0.9828002163193602,,,300820,"none: population share, not an estimate",False
2009-07-01,standard_or_sma_0,36050440502.639984,,,234959,none: population total,0.9458428068215705,,,234959,"none: population share, not an estimate",False
2008-08-01,standard_or_sma_0,35544276074.050095,,,234835,none: population total,0.9721123116216638,,,234835,"none: population share, not an estimate",False
2007-05-01,standard_or_sma_0,28854246987.150032,,,199996,none: population total,0.9854460959566584,,,199996,"none: population share, not an estimate",False
2006-02-01,standard_or_sma_0,22021626281.019993,,,161534,none: population total,0.9843161690444816,,,161534,"none: population share, not an estimate",False
2010-03-01,standard_or_sma_0,37556166350.87006,,,240760,none: population total,0.9345408847206653,,,240760,"none: population share, not an estimate",False
2010-12-01,npa,1569197208.9700003,,,8521,none: population total,0.03968069805694392,,,8521,"none: population share, not an estimate",False
2007-10-01,standard_or_sma_0,30979872931.070015,,,212123,none: population total,0.9812634491050332,,,212123,"none: population share, not an estimate",False
2006-11-01,standard_or_sma_0,26054076353.95001,,,184489,none: population total,0.984829026024603,,,184489,"none: population share, not an estimate",False
2008-11-01,sma_1,742189347.8300003,,,4837,none: population total,0.019421848674722353,,,4837,"none: population share, not an estimate",False
2010-12-01,standard_or_sma_0,36985633728.119934,,,237189,none: population total,0.935265342062118,,,237189,"none: population share, not an estimate",False
2005-12-01,standard_or_sma_0,21117956314.51002,,,156355,none: population total,0.984096703432176,,,156355,"none: population share, not an estimate",False
2009-07-01,npa,1072833611.7700001,,,5759,none: population total,0.02814756048638992,,,5759,"none: population share, not an estimate",False
2008-10-01,sma_1,544600426.7500001,,,3659,none: population total,0.014500804125953417,,,3659,"none: population share, not an estimate",False
2010-06-01,npa,1608322096.09,,,8602,none: population total,0.03929269947015954,,,8602,"none: population share, not an estimate",False
2022-01-01,standard_or_sma_0,46331969207.16996,,,248123,none: population total,0.9771397812508783,,,248123,"none: population share, not an estimate",False
2020-08-01,standard_or_sma_0,51206965336.43004,,,288197,none: population total,0.9433316410215647,,,288197,"none: population share, not an estimate",False
2012-09-01,sma_1,641632060.34,,,4377,none: population total,0.016395798386938384,,,4377,"none: population share, not an estimate",False
2015-06-01,standard_or_sma_0,43392559015.63994,,,263305,none: population total,0.9748026344159241,,,263305,"none: population share, not an estimate",False
2025-04-01,standard_or_sma_0,72316287666.99004,,,320188,none: population total,0.9822948746322951,,,320188,"none: population share, not an estimate",False
2024-06-01,standard_or_sma_0,69102912645.05002,,,312961,none: population total,0.982415684125086,,,312961,"none: population share, not an estimate",False
2022-02-01,standard_or_sma_0,46797962940.69004,,,248753,none: population total,0.9767618192052051,,,248753,"none: population share, not an estimate",False
2020-03-01,standard_or_sma_0,57291214353.74997,,,316821,none: population total,0.982869593234007,,,316821,"none: population share, not an estimate",False
2018-12-01,sma_1,515303307.63999987,,,3226,none: population total,0.009041079306474792,,,3226,"none: population share, not an estimate",False
2009-07-01,sma_2,291809135.15,,,1673,none: population total,0.007656094283403805,,,1673,"none: population share, not an estimate",False
2011-06-01,sma_2,232934151.37999997,,,1456,none: population total,0.005701445233689349,,,1456,"none: population share, not an estimate",False
2004-06-01,standard_or_sma_0,14356513824.649986,,,116168,none: population total,0.982727364336481,,,116168,"none: population share, not an estimate",False
2004-03-01,standard_or_sma_0,13215389722.339996,,,109468,none: population total,0.9825198924052826,,,109468,"none: population share, not an estimate",False
2020-10-01,npa,1966027954.2200007,,,9171,none: population total,0.037606525835963744,,,9171,"none: population share, not an estimate",False
2007-10-01,sma_2,85666223.27999999,,,640,none: population total,0.002713411185209509,,,640,"none: population share, not an estimate",False
2010-07-01,npa,1608092208.75,,,8607,none: population total,0.03917424482610234,,,8607,"none: population share, not an estimate",False
2010-03-01,sma_2,301602858.34,,,1706,none: population total,0.007505031249304156,,,1706,"none: population share, not an estimate",False
2020-09-01,npa,2109116127.3900006,,,9765,none: population total,0.03958518403867656,,,9765,"none: population share, not an estimate",False
2010-02-01,npa,1672036617.0599995,,,8878,none: population total,0.04181980366391414,,,8878,"none: population share, not an estimate",False
2020-10-01,standard_or_sma_0,49601231363.239944,,,279689,none: population total,0.9487810103378447,,,279689,"none: population share, not an estimate",False
2012-12-01,sma_1,574484090.4699998,,,3981,none: population total,0.015036449620760914,,,3981,"none: population share, not an estimate",False
2018-05-01,sma_1,430956453.14000005,,,2789,none: population total,0.007955857640347001,,,2789,"none: population share, not an estimate",False
2010-12-01,sma_2,274761156.87,,,1724,none: population total,0.006947956854123814,,,1724,"none: population share, not an estimate",False
2015-06-01,npa,551368143.3499999,,,3294,none: population total,0.012386342978225256,,,3294,"none: population share, not an estimate",False
2010-02-01,sma_2,328524268.6199999,,,1912,none: population total,0.008216817904787775,,,1912,"none: population share, not an estimate",False
2007-03-01,sma_2,52998653.28999999,,,406,none: population total,0.0018682200269913426,,,406,"none: population share, not an estimate",False
2005-12-01,npa,78762276.70000002,,,756,none: population total,0.0036703218673686928,,,756,"none: population share, not an estimate",False
2024-06-01,npa,345450809.5,,,1569,none: population total,0.0049111720527574235,,,1569,"none: population share, not an estimate",False
2020-08-01,npa,2193727802.1000004,,,10101,none: population total,0.04041272186144151,,,10101,"none: population share, not an estimate",False
2007-11-01,npa,144173227.06,,,1090,none: population total,0.004483941129095938,,,1090,"none: population share, not an estimate",False
2012-01-01,sma_1,630400955.9,,,4199,none: population total,0.01540193768385894,,,4199,"none: population share, not an estimate",False
2011-06-01,npa,1433427458.0399997,,,7874,none: population total,0.03508548703598689,,,7874,"none: population share, not an estimate",False
2010-01-01,sma_1,854186966.2700002,,,5465,none: population total,0.02158887464964504,,,5465,"none: population share, not an estimate",False
2020-03-01,npa,276898245.65999997,,,1620,none: population total,0.004750376984481576,,,1620,"none: population share, not an estimate",False
2021-03-01,sma_1,315018510.1599999,,,1840,none: population total,0.006528234561776254,,,1840,"none: population share, not an estimate",False
2006-08-01,sma_1,224853869.94,,,1834,none: population total,0.008949177745201617,,,1834,"none: population share, not an estimate",False
2021-08-01,sma_1,304066511.1599999,,,1827,none: population total,0.006488170619758249,,,1827,"none: population share, not an estimate",False
2014-04-01,sma_1,431969414.24999994,,,3061,none: population total,0.010735692931444083,,,3061,"none: population share, not an estimate",False
2020-09-01,sma_2,264523922.98999995,,,1405,none: population total,0.004964747098657787,,,1405,"none: population share, not an estimate",False
2016-08-01,sma_1,430428788.0400001,,,2863,none: population total,0.008992279466417664,,,2863,"none: population share, not an estimate",False
2008-08-01,sma_2,153366218.18999997,,,958,none: population total,0.004194464070072854,,,958,"none: population share, not an estimate",False
2007-10-01,npa,128093910.51999998,,,975,none: population total,0.004057275274365217,,,975,"none: population share, not an estimate",False
2015-10-01,sma_1,440314561.65999997,,,3065,none: population total,0.009640523179009158,,,3065,"none: population share, not an estimate",False
2018-01-01,sma_1,468888287.6499999,,,3131,none: population total,0.008899047726208637,,,3131,"none: population share, not an estimate",False
2017-12-01,sma_1,566560465.89,,,3645,none: population total,0.01081831684617088,,,3645,"none: population share, not an estimate",False
2007-05-01,sma_2,56025426.449999996,,,435,none: population total,0.0019134111451269784,,,435,"none: population share, not an estimate",False
2008-08-01,npa,318189242.08000004,,,1976,none: population total,0.008702264156600926,,,1976,"none: population share, not an estimate",False
2018-04-01,npa,373244292.26000005,,,2305,none: population total,0.0069325741432013,,,2305,"none: population share, not an estimate",False
2020-10-01,sma_2,214575011.48999995,,,1164,none: population total,0.004104428269206554,,,1164,"none: population share, not an estimate",False
2014-06-01,sma_1,467061186.16,,,3287,none: population total,0.011443496715137178,,,3287,"none: population share, not an estimate",False
2018-04-01,sma_2,112482806.61000001,,,759,none: population total,0.0020892359584054857,,,759,"none: population share, not an estimate",False
2015-06-01,sma_2,124152400.74000001,,,838,none: population total,0.002789051626726899,,,838,"none: population share, not an estimate",False
2025-04-01,npa,479146895.6800001,,,2012,none: population total,0.006508402947753653,,,2012,"none: population share, not an estimate",False
2020-02-01,sma_1,502895671.3200002,,,3121,none: population total,0.008555708040421602,,,3121,"none: population share, not an estimate",False
2020-08-01,sma_2,315207734.3899999,,,1622,none: population total,0.005806737958229844,,,1622,"none: population share, not an estimate",False
2006-11-01,npa,78646518.52,,,695,none: population total,0.0029727929396558684,,,695,"none: population share, not an estimate",False
2007-03-01,npa,86616466.49000001,,,713,none: population total,0.003053259041855223,,,713,"none: population share, not an estimate",False
2010-06-01,sma_2,289145606.13999987,,,1731,none: population total,0.007064077172599117,,,1731,"none: population share, not an estimate",False
2026-03-01,sma_1,645897102.18,,,3120,none: population total,0.010011120355026087,,,3120,"none: population share, not an estimate",False
2022-11-01,sma_1,452614435.76000005,,,2454,none: population total,0.008339641822653851,,,2454,"none: population share, not an estimate",False
2015-12-01,sma_1,448558957.78000003,,,3077,none: population total,0.009692465554827537,,,3077,"none: population share, not an estimate",False
2022-02-01,npa,604643627.9,,,3110,none: population total,0.012620053798216258,,,3110,"none: population share, not an estimate",False
2024-11-01,sma_1,791561523.5900002,,,3768,none: population total,0.010671136682894473,,,3768,"none: population share, not an estimate",False
2004-06-01,npa,63854167.0,,,630,none: population total,0.004370924446161036,,,630,"none: population share, not an estimate",False
2004-05-01,sma_1,177491169.68999994,,,1615,none: population total,0.012451458628837914,,,1615,"none: population share, not an estimate",False
2020-03-01,sma_2,118235639.83999999,,,744,none: population total,0.0020284124982541387,,,744,"none: population share, not an estimate",False
2010-07-01,sma_2,283728764.39,,,1752,none: population total,0.006911830067917036,,,1752,"none: population share, not an estimate",False
2006-02-01,npa,73439821.45999998,,,700,none: population total,0.003282591521277495,,,700,"none: population share, not an estimate",False
2007-02-01,npa,86534626.1,,,733,none: population total,0.0031034683001281006,,,733,"none: population share, not an estimate",False
2023-02-01,sma_1,499020412.9600001,,,2630,none: population total,0.008817758736667484,,,2630,"none: population share, not an estimate",False
2006-11-01,sma_2,46424413.11000001,,,397,none: population total,0.0017548159806460987,,,397,"none: population share, not an estimate",False
2007-02-01,sma_2,55072709.89999999,,,431,none: population total,0.001975121602528089,,,431,"none: population share, not an estimate",False
2024-06-01,sma_2,153613137.27,,,731,none: population total,0.0021838725686842363,,,731,"none: population share, not an estimate",False
2006-02-01,sma_2,42385146.56999999,,,374,none: population total,0.0018945188045502899,,,374,"none: population share, not an estimate",False
2005-03-01,sma_1,138285916.81999996,,,1259,none: population total,0.007825840345055934,,,1259,"none: population share, not an estimate",False
2007-04-01,npa,87160672.08,,,728,none: population total,0.0030174467307948335,,,728,"none: population share, not an estimate",False
2007-11-01,sma_2,93255489.47,,,664,none: population total,0.002900345183884144,,,664,"none: population share, not an estimate",False
2022-01-01,npa,671072796.9300001,,,3377,none: population total,0.014152904295164722,,,3377,"none: population share, not an estimate",False
2005-04-01,sma_1,157543009.41000003,,,1379,none: population total,0.00860131693089273,,,1379,"none: population share, not an estimate",False
2005-09-01,sma_1,210305765.20999998,,,1861,none: population total,0.010418050518552173,,,1861,"none: population share, not an estimate",False
2022-01-01,sma_2,83085489.56,,,516,none: population total,0.001752270375790909,,,516,"none: population share, not an estimate",False
2004-10-01,sma_1,181489473.41999996,,,1612,none: population total,0.01139356271489751,,,1612,"none: population share, not an estimate",False
2026-02-01,sma_1,780272331.29,,,3712,none: population total,0.011908818594898323,,,3712,"none: population share, not an estimate",False
2005-05-01,sma_1,150830120.49999997,,,1348,none: population total,0.008085911738598357,,,1348,"none: population share, not an estimate",False
2025-04-01,sma_2,172505624.61000004,,,789,none: population total,0.002343198142027894,,,789,"none: population share, not an estimate",False
2007-05-01,npa,89321103.8,,,732,none: population total,0.0030505434110080516,,,732,"none: population share, not an estimate",False
1999-05-01,standard_or_sma_0,1592577000.0,,,14084,none: population total,0.995093193704192,,,14084,"none: population share, not an estimate",False
2000-02-01,standard_or_sma_0,5416341813.179997,,,47316,none: population total,0.9899021108276506,,,47316,"none: population share, not an estimate",False
2000-03-01,standard_or_sma_0,5790486443.95,,,50647,none: population total,0.9927698426559265,,,50647,"none: population share, not an estimate",False
2024-04-01,sma_1,557730475.0900002,,,2875,none: population total,0.008118890349439762,,,2875,"none: population share, not an estimate",False
2001-09-01,standard_or_sma_0,12289572561.010004,,,103996,none: population total,0.9788222136031948,,,103996,"none: population share, not an estimate",False
2007-04-01,sma_2,50711086.739999995,,,385,none: population total,0.00175558539473192,,,385,"none: population share, not an estimate",False
1999-09-01,standard_or_sma_0,3400859890.789999,,,29760,none: population total,0.9939577132783455,,,29760,"none: population share, not an estimate",False
2000-03-01,sma_2,3017747.84,,,30,none: population total,0.0005173881464522311,,,30,"none: population share, not an estimate",False
2003-07-01,sma_1,172375694.29,,,1571,none: population total,0.014370549175167682,,,1571,"none: population share, not an estimate",False
2003-06-01,sma_1,185946294.56999996,,,1696,none: population total,0.014944265745010071,,,1696,"none: population share, not an estimate",False
2003-01-01,sma_1,191918284.66,,,1757,none: population total,0.014017832544787485,,,1757,"none: population share, not an estimate",False
2004-06-01,sma_2,29402138.739999995,,,295,none: population total,0.002012625534494631,,,295,"none: population share, not an estimate",False
2000-12-01,sma_1,127077294.49000001,,,1142,none: population total,0.012775780338332291,,,1142,"none: population share, not an estimate",False
2005-12-01,sma_2,43891054.83,,,404,none: population total,0.0020453230286628732,,,404,"none: population share, not an estimate",False
2001-09-01,sma_2,29206023.259999998,,,273,none: population total,0.0023261593677062894,,,273,"none: population share, not an estimate",False
2000-06-01,sma_1,58253159.52,,,531,none: population total,0.00818550794729741,,,531,"none: population share, not an estimate",False
2004-03-01,npa,72523161.26,,,701,none: population total,0.005391853747423897,,,701,"none: population share, not an estimate",False
1999-12-01,sma_1,31807593.59,,,280,none: population total,0.0071778153316281595,,,280,"none: population share, not an estimate",False
2002-04-01,sma_1,156923526.32000005,,,1393,none: population total,0.011635692881000036,,,1393,"none: population share, not an estimate",False
2001-01-01,sma_1,111596580.66,,,1009,none: population total,0.010569336523888534,,,1009,"none: population share, not an estimate",False
2022-02-01,sma_2,95880544.73999998,,,570,none: population total,0.002001207946280055,,,570,"none: population share, not an estimate",False
2001-09-01,npa,40411948.9,,,358,none: population total,0.003218672828688382,,,358,"none: population share, not an estimate",False
2004-03-01,sma_2,26131794.4,,,239,none: population total,0.001942811249738823,,,239,"none: population share, not an estimate",False
1999-04-01,sma_1,4623000.0,,,38,none: population total,0.004556399114148492,,,38,"none: population share, not an estimate",False
2000-03-01,npa,3047085.1500000004,,,26,none: population total,0.0005224179823588637,,,26,"none: population share, not an estimate",False
2000-02-01,sma_2,4681209.17,,,42,none: population total,0.000855547710695185,,,42,"none: population share, not an estimate",False
1999-09-01,sma_2,1657326.3,,,15,none: population total,0.00048438110131064546,,,15,"none: population share, not an estimate",False
2000-02-01,npa,2861387.9099999997,,,24,none: population total,0.0005229533197319998,,,24,"none: population share, not an estimate",False
1999-01-01,standard_or_sma_0,,,,0,"none: suppressed, fewer than 10 loans",,,,0,"none: suppressed, fewer than 10 loans",False
1999-02-01,sma_1,,,,0,"none: suppressed, fewer than 10 loans",,,,0,"none: suppressed, fewer than 10 loans",False
1999-09-01,npa,,,,0,"none: suppressed, fewer than 10 loans",,,,0,"none: suppressed, fewer than 10 loans",False
1999-05-01,sma_2,,,,0,"none: suppressed, fewer than 10 loans",,,,0,"none: suppressed, fewer than 10 loans",False
2008-05-01,standard_or_sma_0,34227655197.249947,,,228552,none: population total,0.9782436916603955,,,228552,"none: population share, not an estimate",False
2007-12-01,standard_or_sma_0,31825716552.75002,,,216718,none: population total,0.9786208871413352,,,216718,"none: population share, not an estimate",False
2012-07-01,standard_or_sma_0,37697879992.64,,,239796,none: population total,0.946952208664267,,,239796,"none: population share, not an estimate",False
2011-10-01,standard_or_sma_0,38792769942.10989,,,245664,none: population total,0.9429433248731708,,,245664,"none: population share, not an estimate",False
2014-12-01,standard_or_sma_0,41659994170.189995,,,255425,none: population total,0.9697509064831741,,,255425,"none: population share, not an estimate",False
2008-02-01,standard_or_sma_0,32627989249.01998,,,220925,none: population total,0.9790455839274127,,,220925,"none: population share, not an estimate",False
2014-09-01,standard_or_sma_0,40747446017.10005,,,250921,none: population total,0.968114312098269,,,250921,"none: population share, not an estimate",False
2013-02-01,standard_or_sma_0,35900731602.22003,,,229870,none: population total,0.9478863589520445,,,229870,"none: population share, not an estimate",False
2011-09-01,standard_or_sma_0,38798929115.91998,,,245786,none: population total,0.9430619396614768,,,245786,"none: population share, not an estimate",False
2007-01-01,standard_or_sma_0,27078088788.4099,,,189972,none: population total,0.9850197298640035,,,189972,"none: population share, not an estimate",False
2008-04-01,standard_or_sma_0,33493216861.800026,,,224883,none: population total,0.9787042984249626,,,224883,"none: population share, not an estimate",False
2016-07-01,standard_or_sma_0,46898810681.650055,,,278637,none: population total,0.9790869320751795,,,278637,"none: population share, not an estimate",False
2005-02-01,standard_or_sma_0,17078584837.350004,,,133492,none: population total,0.9822229011799792,,,133492,"none: population share, not an estimate",False
2014-09-01,npa,713363639.24,,,4325,none: population total,0.016948732163211556,,,4325,"none: population share, not an estimate",False
2011-05-01,standard_or_sma_0,38365213049.739975,,,243631,none: population total,0.9428907175152526,,,243631,"none: population share, not an estimate",False
2005-08-01,standard_or_sma_0,19495754259.340042,,,147319,none: population total,0.9866588050126602,,,147319,"none: population share, not an estimate",False
2019-03-01,standard_or_sma_0,57407719669.620094,,,319459,none: population total,0.9845608198803595,,,319459,"none: population share, not an estimate",False
2010-09-01,standard_or_sma_0,37865534233.569954,,,241724,none: population total,0.9357881598926544,,,241724,"none: population share, not an estimate",False
2013-04-01,standard_or_sma_0,35734190515.11992,,,228549,none: population total,0.9528554257165187,,,228549,"none: population share, not an estimate",False
2009-10-01,standard_or_sma_0,36572631205.180016,,,236435,none: population total,0.9347570526964983,,,236435,"none: population share, not an estimate",False
2010-10-01,sma_1,780294036.17,,,5108,none: population total,0.019408298960792807,,,5108,"none: population share, not an estimate",False
2025-10-01,standard_or_sma_0,67442033062.83009,,,303925,none: population total,0.9799659989787237,,,303925,"none: population share, not an estimate",False
2018-11-01,standard_or_sma_0,55680881819.34996,,,311504,none: population total,0.983982131859363,,,311504,"none: population share, not an estimate",False
2016-03-01,sma_1,399153025.22000015,,,2642,none: population total,0.00849684482178014,,,2642,"none: population share, not an estimate",False
2006-09-01,standard_or_sma_0,25229683064.200066,,,179701,none: population total,0.98518751308442,,,179701,"none: population share, not an estimate",False
2021-02-01,standard_or_sma_0,46883438137.759895,,,264129,none: population total,0.9518488601914735,,,264129,"none: population share, not an estimate",False
2018-03-01,standard_or_sma_0,52296409880.00991,,,298303,none: population total,0.9821498420381833,,,298303,"none: population share, not an estimate",False
2019-05-01,standard_or_sma_0,58065756650.04999,,,321658,none: population total,0.9843075759760493,,,321658,"none: population share, not an estimate",False
2008-01-01,standard_or_sma_0,32354452165.599922,,,219587,none: population total,0.9787319852751597,,,219587,"none: population share, not an estimate",False
2021-10-01,standard_or_sma_0,45537914942.63009,,,248492,none: population total,0.9722939199197664,,,248492,"none: population share, not an estimate",False
2010-08-01,standard_or_sma_0,38157210063.50001,,,243181,none: population total,0.9365407447623099,,,243181,"none: population share, not an estimate",False
2019-06-01,standard_or_sma_0,58172208463.08003,,,321866,none: population total,0.9821536579215454,,,321866,"none: population share, not an estimate",False
2010-08-01,npa,1593598475.5400002,,,8563,none: population total,0.039113706181625775,,,8563,"none: population share, not an estimate",False
2023-10-01,npa,338551898.53999996,,,1627,none: population total,0.005331426928253246,,,1627,"none: population share, not an estimate",False
2018-11-01,sma_2,127144444.24000001,,,819,none: population total,0.0022468728441343076,,,819,"none: population share, not an estimate",False
2018-08-01,standard_or_sma_0,54331435923.08983,,,305906,none: population total,0.9850496838623471,,,305906,"none: population share, not an estimate",False
2023-08-01,standard_or_sma_0,60967747641.509865,,,288992,none: population total,0.9853114498252913,,,288992,"none: population share, not an estimate",False
2018-10-01,standard_or_sma_0,55100921117.19,,,309075,none: population total,0.9843253463865282,,,309075,"none: population share, not an estimate",False
2013-09-01,sma_1,516205541.7999999,,,3548,none: population total,0.013664533704063788,,,3548,"none: population share, not an estimate",False
2011-05-01,npa,1457309537.76,,,7973,none: population total,0.03581587397726338,,,7973,"none: population share, not an estimate",False
2016-06-01,sma_1,441243307.84,,,2959,none: population total,0.009267771427367925,,,2959,"none: population share, not an estimate",False
2021-12-01,standard_or_sma_0,46039452414.040016,,,247982,none: population total,0.9759282642601623,,,247982,"none: population share, not an estimate",False
2010-09-01,npa,1565969465.5800006,,,8430,none: population total,0.038700515239106746,,,8430,"none: population share, not an estimate",False
2012-07-01,npa,1337089350.4299998,,,7551,none: population total,0.033587027011024465,,,7551,"none: population share, not an estimate",False
2023-10-01,standard_or_sma_0,62502010749.670105,,,293633,none: population total,0.9842653508008447,,,293633,"none: population share, not an estimate",False
2017-08-01,sma_1,441948888.1100002,,,2931,none: population total,0.008669184384391288,,,2931,"none: population share, not an estimate",False
2009-10-01,npa,1389713856.6299999,,,7354,none: population total,0.03551958899065897,,,7354,"none: population share, not an estimate",False
2021-11-01,standard_or_sma_0,45779005636.659904,,,248238,none: population total,0.9739125178158173,,,248238,"none: population share, not an estimate",False
2013-02-01,npa,1199846991.31,,,6891,none: population total,0.03167953813570951,,,6891,"none: population share, not an estimate",False
2011-09-01,npa,1424836392.5500004,,,7907,none: population total,0.034632630401830185,,,7907,"none: population share, not an estimate",False
2014-12-01,npa,681760218.5899999,,,4104,none: population total,0.015869843554968604,,,4104,"none: population share, not an estimate",False
2008-12-01,sma_1,696887035.4400002,,,4536,none: population total,0.018133277468625763,,,4536,"none: population share, not an estimate",False
2007-01-01,sma_2,53428329.62,,,442,none: population total,0.001943562532075876,,,442,"none: population share, not an estimate",False
2009-11-01,sma_1,864572402.86,,,5433,none: population total,0.0220196722522123,,,5433,"none: population share, not an estimate",False
2014-02-01,sma_1,485869458.32000005,,,3424,none: population total,0.012333340414113242,,,3424,"none: population share, not an estimate",False
2024-01-01,npa,349711716.27,,,1662,none: population total,0.005293813579265935,,,1662,"none: population share, not an estimate",False
2019-02-01,sma_1,549475436.77,,,3413,none: population total,0.009533104869758195,,,3413,"none: population share, not an estimate",False
2013-02-01,sma_2,196255800.63000003,,,1280,none: population total,0.0051817383095024575,,,1280,"none: population share, not an estimate",False
2022-10-01,standard_or_sma_0,52430817956.27989,,,263030,none: population total,0.9837971906733873,,,263030,"none: population share, not an estimate",False
2013-04-01,npa,1115612587.24,,,6426,none: population total,0.02974791065434912,,,6426,"none: population share, not an estimate",False
2011-05-01,sma_2,227189256.45999995,,,1403,none: population total,0.00558356448477426,,,1403,"none: population share, not an estimate",False
2019-03-01,sma_2,125164839.61,,,768,none: population total,0.0021466171765019493,,,768,"none: population share, not an estimate",False
2012-06-01,sma_1,588701512.4599999,,,3954,none: population total,0.014690286826811803,,,3954,"none: population share, not an estimate",False
2011-10-01,npa,1442338283.85,,,8037,none: population total,0.03505919425178874,,,8037,"none: population share, not an estimate",False
2022-09-01,standard_or_sma_0,51824875923.21001,,,261375,none: population total,0.9844733517438895,,,261375,"none: population share, not an estimate",False
2019-03-01,npa,278361121.81000006,,,1731,none: population total,0.004773982591353536,,,1731,"none: population share, not an estimate",False
2009-10-01,sma_2,345740472.22,,,2003,none: population total,0.008836753992271911,,,2003,"none: population share, not an estimate",False
2022-09-01,npa,360735894.9499999,,,1945,none: population total,0.006852594806439455,,,1945,"none: population share, not an estimate",False
2019-07-01,sma_1,523376792.51,,,3292,none: population total,0.008795561031403255,,,3292,"none: population share, not an estimate",False
2022-10-01,npa,350564560.93,,,1921,none: population total,0.006577895284414022,,,1921,"none: population share, not an estimate",False
2016-07-01,sma_2,123787046.08,,,860,none: population total,0.0025842505900589272,,,860,"none: population share, not an estimate",False
2014-09-01,sma_2,150290414.89999998,,,1036,none: population total,0.003570734263315968,,,1036,"none: population share, not an estimate",False
2022-12-01,standard_or_sma_0,54183150781.39997,,,268607,none: population total,0.9834396589632196,,,268607,"none: population share, not an estimate",False
2021-02-01,npa,1710989357.3000002,,,8084,none: population total,0.03473728323337428,,,8084,"none: population share, not an estimate",False
2022-09-01,sma_2,84193583.71,,,493,none: population total,0.001599354326928401,,,493,"none: population share, not an estimate",False
2016-10-01,sma_1,457654779.6400001,,,3045,none: population total,0.009524887005419572,,,3045,"none: population share, not an estimate",False
2024-01-01,standard_or_sma_0,65021528574.46981,,,301742,none: population total,0.9842731452737563,,,301742,"none: population share, not an estimate",False
2016-07-01,npa,386290828.1700001,,,2397,none: population total,0.008064432686983416,,,2397,"none: population share, not an estimate",False
2010-08-01,sma_2,280081115.28999996,,,1704,none: population total,0.006874385623871122,,,1704,"none: population share, not an estimate",False
2008-05-01,npa,230405049.06,,,1517,none: population total,0.006585092799104693,,,1517,"none: population share, not an estimate",False
2016-11-01,sma_1,469693221.7399999,,,3106,none: population total,0.009750585865961153,,,3106,"none: population share, not an estimate",False
2008-01-01,npa,181642987.05,,,1296,none: population total,0.005494755417796152,,,1296,"none: population share, not an estimate",False
2025-12-01,sma_1,744269346.47,,,3555,none: population total,0.011088442573480094,,,3555,"none: population share, not an estimate",False
2022-12-01,npa,348714793.53999996,,,1897,none: population total,0.006329273080075878,,,1897,"none: population share, not an estimate",False
2011-01-01,sma_1,720982477.3800004,,,4773,none: population total,0.018222747431344423,,,4773,"none: population share, not an estimate",False
2008-04-01,npa,213657979.48000005,,,1444,none: population total,0.006243293493506208,,,1444,"none: population share, not an estimate",False
2023-01-01,sma_1,410174083.81000006,,,2253,none: population total,0.007331852719703089,,,2253,"none: population share, not an estimate",False
2015-04-01,sma_1,417587071.97,,,2895,none: population total,0.00950951921393967,,,2895,"none: population share, not an estimate",False
2013-05-01,sma_1,463545359.5200003,,,3209,none: population total,0.012431361712473906,,,3209,"none: population share, not an estimate",False
2007-12-01,sma_2,100077037.43,,,729,none: population total,0.0030773063346396378,,,729,"none: population share, not an estimate",False
2012-08-01,sma_1,546598914.89,,,3689,none: population total,0.013874505501921635,,,3689,"none: population share, not an estimate",False
2019-05-01,npa,278258607.4,,,1717,none: population total,0.004716929067075704,,,1717,"none: population share, not an estimate",False
2005-07-01,sma_1,191429241.21000007,,,1678,none: population total,0.009883458063898233,,,1678,"none: population share, not an estimate",False
2019-12-01,sma_1,546931161.8800001,,,3320,none: population total,0.009283241726709537,,,3320,"none: population share, not an estimate",False
2013-04-01,sma_2,162963619.41,,,1046,none: population total,0.004345439667466864,,,1046,"none: population share, not an estimate",False
2018-10-01,npa,285157551.2199999,,,1782,none: population total,0.005094067389225432,,,1782,"none: population share, not an estimate",False
2018-08-01,npa,290427676.12999994,,,1815,none: population total,0.005265564690057301,,,1815,"none: population share, not an estimate",False
2020-05-01,sma_1,1560139536.1999998,,,7761,none: population total,0.027362307912451436,,,7761,"none: population share, not an estimate",False
2021-12-01,sma_2,78129762.30000001,,,475,none: population total,0.0016561674674750357,,,475,"none: population share, not an estimate",False
2014-01-01,sma_1,483383872.67000014,,,3416,none: population total,0.01238891051929402,,,3416,"none: population share, not an estimate",False
2021-10-01,npa,859163918.3600001,,,4239,none: population total,0.018344271034110366,,,4239,"none: population share, not an estimate",False
2024-10-01,sma_1,705854324.5400002,,,3343,none: population total,0.00965014068238176,,,3343,"none: population share, not an estimate",False
2018-03-01,npa,396161116.8200002,,,2421,none: population total,0.007440082009437542,,,2421,"none: population share, not an estimate",False
2018-06-01,sma_1,469434688.76999986,,,2987,none: population total,0.00861828040180075,,,2987,"none: population share, not an estimate",False
2019-05-01,sma_2,113185178.02000003,,,723,none: population total,0.0019186700499697687,,,723,"none: population share, not an estimate",False
2008-05-01,sma_2,108195859.49,,,692,none: population total,0.0030922923700122756,,,692,"none: population share, not an estimate",False
2012-07-01,sma_2,197481187.07,,,1286,none: population total,0.004960630314014687,,,1286,"none: population share, not an estimate",False
2011-10-01,sma_2,244315385.61000004,,,1541,none: population total,0.00593862109791468,,,1541,"none: population share, not an estimate",False
2021-11-01,npa,808118028.5400003,,,3996,none: population total,0.01719207861599961,,,3996,"none: population share, not an estimate",False
2021-12-01,npa,722112280.7399999,,,3609,none: population total,0.015307084419809984,,,3609,"none: population share, not an estimate",False
2013-11-01,sma_1,522548816.52,,,3656,none: population total,0.013688505214543996,,,3656,"none: population share, not an estimate",False
2008-02-01,npa,191501067.48,,,1352,none: population total,0.005746240536085467,,,1352,"none: population share, not an estimate",False
2019-06-01,npa,273553070.20000005,,,1683,none: population total,0.004618548197342654,,,1683,"none: population share, not an estimate",False
2010-09-01,sma_2,284519679.03999996,,,1734,none: population total,0.007031464161042901,,,1734,"none: population share, not an estimate",False
2021-04-01,sma_1,313834640.71999997,,,1834,none: population total,0.006567091554304499,,,1834,"none: population share, not an estimate",False
2008-01-01,sma_2,100098929.10000002,,,727,none: population total,0.003028022947213574,,,727,"none: population share, not an estimate",False
2018-08-01,sma_2,106762064.16,,,698,none: population total,0.001935636998406775,,,698,"none: population share, not an estimate",False
2014-12-01,sma_2,141586249.54999995,,,998,none: population total,0.003295809242933439,,,998,"none: population share, not an estimate",False
2008-02-01,sma_2,98525079.77,,,691,none: population total,0.0029563741583558314,,,691,"none: population share, not an estimate",False
2020-06-01,sma_1,780317917.73,,,4183,none: population total,0.013943967697337451,,,4183,"none: population share, not an estimate",False
2013-10-01,sma_1,490162791.63,,,3425,none: population total,0.01294277948074309,,,3425,"none: population share, not an estimate",False
2006-09-01,sma_2,43679860.26,,,364,none: population total,0.0017056438161320512,,,364,"none: population share, not an estimate",False
2007-12-01,npa,162134452.81,,,1191,none: population total,0.004985533060413901,,,1191,"none: population share, not an estimate",False
2008-04-01,sma_2,96406995.78999999,,,659,none: population total,0.002817105970060572,,,659,"none: population share, not an estimate",False
2018-10-01,sma_2,112432122.64999999,,,781,none: population total,0.002008492522966333,,,781,"none: population share, not an estimate",False
2021-05-01,sma_1,369871437.7599999,,,2139,none: population total,0.007784317481670854,,,2139,"none: population share, not an estimate",False
2021-02-01,sma_2,162077383.94,,,935,none: population total,0.0032905686804111174,,,935,"none: population share, not an estimate",False
2006-09-01,npa,77052033.45999998,,,679,none: population total,0.003008785367195881,,,679,"none: population share, not an estimate",False
2018-11-01,npa,282683615.12,,,1792,none: population total,0.0049955319879798656,,,1792,"none: population share, not an estimate",False
2011-09-01,sma_2,251978522.2700001,,,1588,none: population total,0.006124688474133014,,,1588,"none: population share, not an estimate",False
2024-01-01,sma_2,143374979.74,,,713,none: population total,0.0021703602692241322,,,713,"none: population share, not an estimate",False
2023-11-01,sma_1,573727951.79,,,2955,none: population total,0.008884113776299215,,,2955,"none: population share, not an estimate",False
2018-03-01,sma_2,118659040.53000003,,,814,none: population total,0.002228469567611547,,,814,"none: population share, not an estimate",False
2025-10-01,sma_2,197962343.22,,,888,none: population total,0.0028764904707576965,,,888,"none: population share, not an estimate",False
2019-06-01,sma_2,141362356.53,,,884,none: population total,0.0023866990651810307,,,884,"none: population share, not an estimate",False
2006-01-01,sma_1,207033091.14999998,,,1761,none: population total,0.009437744488715195,,,1761,"none: population share, not an estimate",False
2025-02-01,sma_1,735555348.1500002,,,3514,none: population total,0.009799929320042812,,,3514,"none: population share, not an estimate",False
2005-08-01,sma_2,31180831.709999997,,,288,none: population total,0.001578027797490862,,,288,"none: population share, not an estimate",False
2007-01-01,npa,85445459.75999999,,,728,none: population total,0.0031082497863337277,,,728,"none: population share, not an estimate",False
2023-08-01,npa,333824745.28000003,,,1623,none: population total,0.005395005662558698,,,1623,"none: population share, not an estimate",False
2022-10-01,sma_2,96830962.38,,,536,none: population total,0.001816909071284753,,,536,"none: population share, not an estimate",False
2004-07-01,sma_1,160820245.89,,,1465,none: population total,0.01083243962394153,,,1465,"none: population share, not an estimate",False
2025-10-01,npa,511209928.87000006,,,2064,none: population total,0.007428132366149485,,,2064,"none: population share, not an estimate",False
2022-12-01,sma_2,113141989.53,,,630,none: population total,0.002053559418253684,,,630,"none: population share, not an estimate",False
2000-11-01,standard_or_sma_0,9452024699.02,,,81354,none: population total,0.9867932404958235,,,81354,"none: population share, not an estimate",False
2002-11-01,standard_or_sma_0,13745129649.330011,,,114558,none: population total,0.9769566536558114,,,114558,"none: population share, not an estimate",False
2021-11-01,sma_2,80982226.53999999,,,512,none: population total,0.001722833492144342,,,512,"none: population share, not an estimate",False
2001-10-01,standard_or_sma_0,12410581029.240007,,,104980,none: population total,0.9811087886310685,,,104980,"none: population share, not an estimate",False
2002-05-01,standard_or_sma_0,13572102061.429989,,,113439,none: population total,0.9837794760846285,,,113439,"none: population share, not an estimate",False
1999-10-01,standard_or_sma_0,3778957577.4400005,,,33041,none: population total,0.9929814587672703,,,33041,"none: population share, not an estimate",False
2001-05-01,standard_or_sma_0,11214426530.100006,,,95680,none: population total,0.9846571100199089,,,95680,"none: population share, not an estimate",False
2000-05-01,standard_or_sma_0,6738750930.75999,,,58801,none: population total,0.9918075419701712,,,58801,"none: population share, not an estimate",False
2000-10-01,standard_or_sma_0,9022321726.249994,,,77855,none: population total,0.9881526072838367,,,77855,"none: population share, not an estimate",False
2023-10-01,sma_2,138778836.71999997,,,691,none: population total,0.0021854528961480634,,,691,"none: population share, not an estimate",False
2004-01-01,sma_1,163803008.15,,,1501,none: population total,0.012495036505945243,,,1501,"none: population share, not an estimate",False
2003-08-01,sma_1,178332881.75,,,1640,none: population total,0.014932682791589762,,,1640,"none: population share, not an estimate",False
2005-08-01,npa,58973778.78999999,,,591,none: population total,0.002984598458412866,,,591,"none: population share, not an estimate",False
2003-10-01,sma_1,165344309.44000003,,,1517,none: population total,0.013646670341059644,,,1517,"none: population share, not an estimate",False
2000-11-01,npa,11956903.709999999,,,107,none: population total,0.0012483031026686558,,,107,"none: population share, not an estimate",False
2001-04-01,sma_1,131194393.93,,,1165,none: population total,0.011770418044532292,,,1165,"none: population share, not an estimate",False
2005-02-01,sma_2,32702919.44,,,287,none: population total,0.0018808090199115162,,,287,"none: population share, not an estimate",False
2023-08-01,sma_2,115799647.97000001,,,604,none: population total,0.0018714602957202735,,,604,"none: population share, not an estimate",False
2003-09-01,sma_1,173708891.69,,,1610,none: population total,0.014428341490359865,,,1610,"none: population share, not an estimate",False
2000-10-01,npa,9453048.21,,,86,none: population total,0.0010353271052520744,,,86,"none: population share, not an estimate",False
2002-09-01,sma_1,202098666.53000003,,,1753,none: population total,0.014125540005233701,,,1753,"none: population share, not an estimate",False
2002-06-01,sma_1,185754168.55000004,,,1673,none: population total,0.013136360377323034,,,1673,"none: population share, not an estimate",False
2021-10-01,sma_2,94217108.85,,,548,none: population total,0.0020116582457207904,,,548,"none: population share, not an estimate",False
2001-12-01,sma_1,206256643.18000004,,,1826,none: population total,0.016489860580778944,,,1826,"none: population share, not an estimate",False
2002-01-01,sma_1,174894103.24,,,1567,none: population total,0.013822920390639586,,,1567,"none: population share, not an estimate",False
2005-02-01,npa,64612673.11,,,655,none: population total,0.0037160015211743515,,,655,"none: population share, not an estimate",False
2002-11-01,sma_2,36877356.690000005,,,346,none: population total,0.0026211159812006774,,,346,"none: population share, not an estimate",False
2001-02-01,sma_1,145330338.68,,,1283,none: population total,0.013655059367978565,,,1283,"none: population share, not an estimate",False
2001-05-01,npa,25448493.280000005,,,226,none: population total,0.0022344468332989665,,,226,"none: population share, not an estimate",False
2002-05-01,npa,45875499.96,,,453,none: population total,0.003325304739936066,,,453,"none: population share, not an estimate",False
2001-10-01,sma_2,29983866.110000003,,,271,none: population total,0.002370351113162967,,,271,"none: population share, not an estimate",False
2002-11-01,npa,64435504.13,,,622,none: population total,0.0045798545446632775,,,622,"none: population share, not an estimate",False
2000-07-01,sma_1,66725668.24,,,577,none: population total,0.00891570721989103,,,577,"none: population share, not an estimate",False
2002-05-01,sma_2,27306584.9,,,264,none: population total,0.001979329190496229,,,264,"none: population share, not an estimate",False
2001-10-01,npa,41090255.94,,,376,none: population total,0.0032483580853186447,,,376,"none: population share, not an estimate",False
2000-11-01,sma_2,13099503.39,,,123,none: population total,0.0013675907343369898,,,123,"none: population share, not an estimate",False
2001-05-01,sma_2,19869858.09,,,191,none: population total,0.0017446275109023013,,,191,"none: population share, not an estimate",False
1999-11-01,sma_1,29180059.57,,,256,none: population total,0.006996742641356813,,,256,"none: population share, not an estimate",False
2000-10-01,sma_2,11824068.74,,,115,none: population total,0.0012950086140400359,,,115,"none: population share, not an estimate",False
1999-06-01,sma_1,11498000.0,,,91,none: population total,0.0054626324206141445,,,91,"none: population share, not an estimate",False
2000-05-01,sma_2,3682032.9299999997,,,38,none: population total,0.0005419206121845303,,,38,"none: population share, not an estimate",False
2000-05-01,npa,3500792.11,,,35,none: population total,0.0005152456372469145,,,35,"none: population share, not an estimate",False
1999-10-01,sma_2,1788126.97,,,17,none: population total,0.0004698589202831267,,,17,"none: population share, not an estimate",False
1999-10-01,npa,,,,0,"none: suppressed, fewer than 10 loans",,,,0,"none: suppressed, fewer than 10 loans",False
2025-11-01,unknown,,,,0,"none: suppressed, fewer than 10 loans",,,,0,"none: suppressed, fewer than 10 loans",False
2011-04-01,npa,1463781086.56,,,8015,none: population total,0.036256178752761034,,,8015,"none: population share, not an estimate",False
2011-12-01,standard_or_sma_0,38478097296.07991,,,243977,none: population total,0.9423146791419912,,,243977,"none: population share, not an estimate",False
2016-05-01,standard_or_sma_0,46612050998.92,,,277983,none: population total,0.9807396856530892,,,277983,"none: population share, not an estimate",False
2023-06-01,standard_or_sma_0,59209944620.799965,,,283807,none: population total,0.9847104023170937,,,283807,"none: population share, not an estimate",False
2015-05-01,standard_or_sma_0,43128821159.889946,,,262250,none: population total,0.9736878805855119,,,262250,"none: population share, not an estimate",False
2010-04-01,standard_or_sma_0,37835465342.30002,,,241999,none: population total,0.935760637897095,,,241999,"none: population share, not an estimate",False
2011-04-01,standard_or_sma_0,38017666520.70996,,,242078,none: population total,0.9416539985340355,,,242078,"none: population share, not an estimate",False
2009-04-01,standard_or_sma_0,36754537316.01995,,,239726,none: population total,0.9552040554265924,,,239726,"none: population share, not an estimate",False
2015-07-01,sma_1,419985818.43999994,,,2874,none: population total,0.009362910506068465,,,2874,"none: population share, not an estimate",False
2009-09-01,standard_or_sma_0,36512388597.18009,,,236188,none: population total,0.9360842919658793,,,236188,"none: population share, not an estimate",False
2013-06-01,standard_or_sma_0,35495354527.03998,,,226698,none: population total,0.9516966252574789,,,226698,"none: population share, not an estimate",False
2012-05-01,standard_or_sma_0,38041371336.180115,,,241812,none: population total,0.9465827711384289,,,241812,"none: population share, not an estimate",False
2008-06-01,standard_or_sma_0,34645200733.649925,,,230697,none: population total,0.976223636227836,,,230697,"none: population share, not an estimate",False
2005-11-01,standard_or_sma_0,20690885284.699966,,,153930,none: population total,0.9839682573006718,,,153930,"none: population share, not an estimate",False
2011-08-01,standard_or_sma_0,38903743737.54007,,,246071,none: population total,0.9433952716251046,,,246071,"none: population share, not an estimate",False
2005-10-01,standard_or_sma_0,20197234041.400005,,,151048,none: population total,0.9841605751165143,,,151048,"none: population share, not an estimate",False
2006-03-01,standard_or_sma_0,22523903330.11997,,,164394,none: population total,0.9876723452268961,,,164394,"none: population share, not an estimate",False
2013-08-01,standard_or_sma_0,35785619361.4,,,227408,none: population total,0.9547760912362013,,,227408,"none: population share, not an estimate",False
2015-02-01,standard_or_sma_0,42174343006.38001,,,258269,none: population total,0.9702396135662,,,258269,"none: population share, not an estimate",False
2013-01-01,standard_or_sma_0,36017975862.40007,,,230677,none: population total,0.9479203792124345,,,230677,"none: population share, not an estimate",False
2008-07-01,sma_1,473570862.71999997,,,3205,none: population total,0.01320066220966688,,,3205,"none: population share, not an estimate",False
2014-07-01,sma_1,450851103.24,,,3197,none: population total,0.010941622277542655,,,3197,"none: population share, not an estimate",False
2012-11-01,sma_1,580035669.48,,,3877,none: population total,0.015000219265980587,,,3877,"none: population share, not an estimate",False
2025-08-01,standard_or_sma_0,69375752397.22008,,,310094,none: population total,0.9803050891139444,,,310094,"none: population share, not an estimate",False
2023-09-01,standard_or_sma_0,61780912344.80009,,,291357,none: population total,0.9839396413946945,,,291357,"none: population share, not an estimate",False
2015-01-01,standard_or_sma_0,41987417366.62011,,,257006,none: population total,0.9700890548512561,,,257006,"none: population share, not an estimate",False
2022-03-01,standard_or_sma_0,47316968423.5598,,,249958,none: population total,0.9804763493078535,,,249958,"none: population share, not an estimate",False
2016-09-01,standard_or_sma_0,47064808420.17003,,,278917,none: population total,0.9803925344932422,,,278917,"none: population share, not an estimate",False
2009-09-01,npa,1284259043.0899994,,,6801,none: population total,0.03292511838418935,,,6801,"none: population share, not an estimate",False
2020-07-01,standard_or_sma_0,52002461194.10001,,,292270,none: population total,0.9420992248736187,,,292270,"none: population share, not an estimate",False
2019-04-01,sma_1,464104903.73999995,,,2933,none: population total,0.007874617403847383,,,2933,"none: population share, not an estimate",False
2017-01-01,standard_or_sma_0,47804820423.77989,,,281086,none: population total,0.9811825244927804,,,281086,"none: population share, not an estimate",False
2005-06-01,standard_or_sma_0,18724829203.639984,,,143385,none: population total,0.9863510611809506,,,143385,"none: population share, not an estimate",False
2013-03-01,sma_1,538445937.4199998,,,3639,none: population total,0.0142768844033867,,,3639,"none: population share, not an estimate",False
2011-04-01,sma_2,238151604.51000005,,,1451,none: population total,0.005898742115641818,,,1451,"none: population share, not an estimate",False
2009-09-01,sma_2,361966789.3100002,,,2122,none: population total,0.009279903033037466,,,2122,"none: population share, not an estimate",False
2025-01-01,standard_or_sma_0,74190351358.77007,,,326173,none: population total,0.9822691016952056,,,326173,"none: population share, not an estimate",False
2009-12-01,sma_1,828850298.0099998,,,5236,none: population total,0.021057089960523464,,,5236,"none: population share, not an estimate",False
2012-05-01,npa,1399491158.9800003,,,7832,none: population total,0.03482351379354985,,,7832,"none: population share, not an estimate",False
2007-07-01,sma_1,295286832.1000001,,,2245,none: population total,0.009832852882199889,,,2245,"none: population share, not an estimate",False
2013-01-01,npa,1229778654.1999998,,,7058,none: population total,0.03236529039527604,,,7058,"none: population share, not an estimate",False
2010-04-01,npa,1644432132.05,,,8698,none: population total,0.040670700015025756,,,8698,"none: population share, not an estimate",False
2009-05-01,sma_1,711827703.8399998,,,4508,none: population total,0.01859091636581922,,,4508,"none: population share, not an estimate",False
2011-08-01,npa,1417611331.4799998,,,7843,none: population total,0.03437632727952376,,,7843,"none: population share, not an estimate",False
2013-06-01,npa,1070430032.2999997,,,6175,none: population total,0.02870022466004982,,,6175,"none: population share, not an estimate",False
2009-04-01,sma_2,260713912.01000005,,,1492,none: population total,0.006775625657231131,,,1492,"none: population share, not an estimate",False
2020-01-01,standard_or_sma_0,58092467198.27997,,,320097,none: population total,0.9855502548363683,,,320097,"none: population share, not an estimate",False
2011-12-01,npa,1452828241.4899993,,,8170,none: population total,0.03557923791537233,,,8170,"none: population share, not an estimate",False
2008-09-01,sma_1,562678340.7399999,,,3734,none: population total,0.015162257829531674,,,3734,"none: population share, not an estimate",False
2023-03-01,sma_1,372382876.58000004,,,2001,none: population total,0.006502353433615131,,,2001,"none: population share, not an estimate",False
2017-01-01,npa,354036723.63000005,,,2253,none: population total,0.007266519216577566,,,2253,"none: population share, not an estimate",False
2015-02-01,npa,654140361.6700002,,,3941,none: population total,0.015048791432951163,,,3941,"none: population share, not an estimate",False
2009-08-01,sma_1,947565722.3400002,,,5823,none: population total,0.024475579546782096,,,5823,"none: population share, not an estimate",False
2013-08-01,sma_2,169505992.96999994,,,1123,none: population total,0.0045224945745546,,,1123,"none: population share, not an estimate",False
2011-03-01,sma_1,622489184.3199999,,,4061,none: population total,0.015498863334504173,,,4061,"none: population share, not an estimate",False
2017-04-01,sma_1,505226913.4199999,,,3293,none: population total,0.010116538872766567,,,3293,"none: population share, not an estimate",False
2016-12-01,sma_1,476731584.56,,,3202,none: population total,0.009896796685491328,,,3202,"none: population share, not an estimate",False
2022-03-01,npa,547814531.41,,,2829,none: population total,0.011351513204451828,,,2829,"none: population share, not an estimate",False
2016-09-01,npa,367295211.47,,,2294,none: population total,0.0076510134720103,,,2294,"none: population share, not an estimate",False
2015-05-01,sma_2,127127497.50999998,,,854,none: population total,0.002870064617712535,,,854,"none: population share, not an estimate",False
2013-08-01,npa,1011109117.03,,,5918,none: population total,0.026976836723762176,,,5918,"none: population share, not an estimate",False
2008-06-01,sma_2,125986212.39999998,,,807,none: population total,0.003550007382818913,,,807,"none: population share, not an estimate",False
2009-04-01,npa,826590915.6800001,,,4535,none: population total,0.021482055073841863,,,4535,"none: population share, not an estimate",False
2017-07-01,sma_1,442058090.02000016,,,2930,none: population total,0.008698868815289,,,2930,"none: population share, not an estimate",False
2015-05-01,npa,570722261.5399998,,,3404,none: population total,0.012884779465260737,,,3404,"none: population share, not an estimate",False
2020-01-01,sma_2,121453822.60999998,,,745,none: population total,0.0020604882456719048,,,745,"none: population share, not an estimate",False
2007-06-01,sma_1,314806364.0099999,,,2392,none: population total,0.01060827092962026,,,2392,"none: population share, not an estimate",False
2013-07-01,sma_1,503695942.14999986,,,3501,none: population total,0.01352462975356231,,,3501,"none: population share, not an estimate",False
2010-04-01,sma_2,269779758.07000005,,,1628,none: population total,0.0066722921528619104,,,1628,"none: population share, not an estimate",False
2013-06-01,sma_2,173183590.31000006,,,1150,none: population total,0.004643374904804631,,,1150,"none: population share, not an estimate",False
2023-09-01,sma_2,125367149.49000001,,,659,none: population total,0.0019966313773973907,,,659,"none: population share, not an estimate",False
2013-01-01,sma_2,200555074.44,,,1329,none: population total,0.005278204498287839,,,1329,"none: population share, not an estimate",False
2011-08-01,sma_2,248947360.26000005,,,1563,none: population total,0.006036842215938515,,,1563,"none: population share, not an estimate",False
2016-09-01,sma_2,126302200.96999998,,,852,none: population total,0.0026309622641104073,,,852,"none: population share, not an estimate",False
2003-11-01,standard_or_sma_0,12198447380.85999,,,102574,none: population total,0.9751906717399781,,,102574,"none: population share, not an estimate",False
2018-09-01,sma_1,564166079.99,,,3563,none: population total,0.010145142469364826,,,3563,"none: population share, not an estimate",False
2015-01-01,npa,671839307.97,,,4053,none: population total,0.015522363606928442,,,4053,"none: population share, not an estimate",False
2016-05-01,npa,390275458.0999999,,,2430,none: population total,0.00821158095154358,,,2430,"none: population share, not an estimate",False
2022-04-01,sma_1,347771429.06000006,,,1976,none: population total,0.007127191431252155,,,1976,"none: population share, not an estimate",False
2015-01-01,sma_2,143891783.04000002,,,984,none: population total,0.003324516070881454,,,984,"none: population share, not an estimate",False
2008-06-01,npa,252828277.47000003,,,1627,none: population total,0.007124130764041359,,,1627,"none: population share, not an estimate",False
2022-03-01,sma_2,75542225.22000001,,,469,none: population total,0.001565344688596281,,,469,"none: population share, not an estimate",False
2023-09-01,npa,333330346.0900001,,,1621,none: population total,0.005308709903267864,,,1621,"none: population share, not an estimate",False
2005-11-01,npa,75690801.63000001,,,735,none: population total,0.0035995243871288,,,735,"none: population share, not an estimate",False
2006-06-01,sma_1,207797800.21,,,1670,none: population total,0.008619475329218479,,,1670,"none: population share, not an estimate",False
2003-12-01,standard_or_sma_0,12475410193.439999,,,104374,none: population total,0.9777491185715794,,,104374,"none: population share, not an estimate",False
2022-07-01,sma_1,402889420.91999996,,,2262,none: population total,0.007915577044783186,,,2262,"none: population share, not an estimate",False
2011-12-01,sma_2,231911815.28000006,,,1464,none: population total,0.0056794364368706425,,,1464,"none: population share, not an estimate",False
2012-05-01,sma_2,197336783.56,,,1262,none: population total,0.004910327700308557,,,1262,"none: population share, not an estimate",False
2020-07-01,sma_2,456786918.52000004,,,2284,none: population total,0.008275350665882046,,,2284,"none: population share, not an estimate",False
2006-03-01,npa,69254831.05,,,661,none: population total,0.003036821833184525,,,661,"none: population share, not an estimate",False
2024-05-01,sma_1,547079223.2500001,,,2697,none: population total,0.007868430425862735,,,2697,"none: population share, not an estimate",False
2005-11-01,sma_2,44807697.550000004,,,405,none: population total,0.002130858659031438,,,405,"none: population share, not an estimate",False
2020-07-01,npa,2161689806.03,,,9878,none: population total,0.03916211355990824,,,9878,"none: population share, not an estimate",False
2015-02-01,sma_2,133748255.26999997,,,881,none: population total,0.0030769384004082135,,,881,"none: population share, not an estimate",False
2016-05-01,sma_2,117513182.51000002,,,789,none: population total,0.002472533158380477,,,789,"none: population share, not an estimate",False
2019-01-01,sma_1,486088933.49000007,,,3046,none: population total,0.008476316268139585,,,3046,"none: population share, not an estimate",False
2020-12-01,sma_1,481912905.68000007,,,2757,none: population total,0.009540581372834533,,,2757,"none: population share, not an estimate",False
2024-09-01,sma_1,717326439.1500002,,,3449,none: population total,0.009874365108416787,,,3449,"none: population share, not an estimate",False
2023-06-01,npa,318527737.03999996,,,1618,none: population total,0.005297379994164468,,,1618,"none: population share, not an estimate",False
2025-01-01,npa,500377407.65,,,2136,none: population total,0.0066249216740343715,,,2136,"none: population share, not an estimate",False
2020-01-01,npa,277761408.81999993,,,1647,none: population total,0.004712277519767053,,,1647,"none: population share, not an estimate",False
2017-01-01,sma_2,132780526.25999999,,,882,none: population total,0.002725288596512741,,,882,"none: population share, not an estimate",False
2005-10-01,sma_2,50793624.769999996,,,496,none: population total,0.002475045982208688,,,496,"none: population share, not an estimate",False
2025-08-01,npa,480668634.50000006,,,2019,none: population total,0.006792025921100956,,,2019,"none: population share, not an estimate",False
2025-07-01,sma_1,641595028.86,,,3063,none: population total,0.008974939319841474,,,3063,"none: population share, not an estimate",False
2025-01-01,sma_2,191135670.14000005,,,887,none: population total,0.0025306075462889067,,,887,"none: population share, not an estimate",False
1999-08-01,standard_or_sma_0,2924692645.0299997,,,25672,none: population total,0.993899027553548,,,25672,"none: population share, not an estimate",False
2000-09-01,standard_or_sma_0,8492748224.37001,,,73524,none: population total,0.9880982113455689,,,73524,"none: population share, not an estimate",False
2004-02-01,sma_1,188567703.93999997,,,1701,none: population total,0.014225274056835767,,,1701,"none: population share, not an estimate",False
2025-08-01,sma_2,196447425.2,,,884,none: population total,0.002775874913244294,,,884,"none: population share, not an estimate",False
2001-06-01,standard_or_sma_0,11336251854.259993,,,96799,none: population total,0.9818785939310115,,,96799,"none: population share, not an estimate",False
2001-03-01,standard_or_sma_0,10518949089.32999,,,90450,none: population total,0.9855510769712057,,,90450,"none: population share, not an estimate",False
2002-12-01,standard_or_sma_0,13577078826.460022,,,113253,none: population total,0.9766162452942587,,,113253,"none: population share, not an estimate",False
2022-06-01,sma_1,370665124.59999996,,,2115,none: population total,0.00740183341358084,,,2115,"none: population share, not an estimate",False
2003-02-01,standard_or_sma_0,13223212783.380009,,,111236,none: population total,0.9760695530845319,,,111236,"none: population share, not an estimate",False
2006-03-01,sma_2,32768013.27,,,288,none: population total,0.001436876195056666,,,288,"none: population share, not an estimate",False
2003-05-01,standard_or_sma_0,12463705399.669987,,,105846,none: population total,0.9768521730875168,,,105846,"none: population share, not an estimate",False
2004-04-01,sma_1,142977618.20000002,,,1316,none: population total,0.010392507458341764,,,1316,"none: population share, not an estimate",False
2001-06-01,sma_2,22624213.15,,,206,none: population total,0.001959574547399432,,,206,"none: population share, not an estimate",False
2002-10-01,sma_1,196573431.62,,,1740,none: population total,0.013877986191018274,,,1740,"none: population share, not an estimate",False
2023-06-01,sma_2,109884342.15,,,559,none: population total,0.0018274675894370694,,,559,"none: population share, not an estimate",False
2003-02-01,sma_2,38465748.98000001,,,384,none: population total,0.0028393437382449346,,,384,"none: population share, not an estimate",False
2003-12-01,npa,74510642.52,,,731,none: population total,0.005839704981118818,,,731,"none: population share, not an estimate",False
2005-06-01,npa,53783359.73,,,561,none: population total,0.0028330978812479567,,,561,"none: population share, not an estimate",False
2003-05-01,npa,72276750.47,,,680,none: population total,0.005664744030470516,,,680,"none: population share, not an estimate",False
2005-10-01,npa,62798349.099999994,,,611,none: population total,0.0030600060998421546,,,611,"none: population share, not an estimate",False
2005-06-01,sma_2,28578916.61,,,274,none: population total,0.0015054259998374601,,,274,"none: population share, not an estimate",False
2003-12-01,sma_2,35708879.48,,,330,none: population total,0.0027986514988587643,,,330,"none: population share, not an estimate",False
2003-02-01,npa,75771232.6,,,732,none: population total,0.005593042655526381,,,732,"none: population share, not an estimate",False
2001-03-01,npa,20595260.44,,,186,none: population total,0.0019296301308021008,,,186,"none: population share, not an estimate",False
2002-12-01,sma_2,42731691.05,,,404,none: population total,0.003073743932825517,,,404,"none: population share, not an estimate",False
2002-12-01,npa,70437115.19,,,685,none: population total,0.005066629710667501,,,685,"none: population share, not an estimate",False
2003-11-01,npa,78507023.05999999,,,744,none: population total,0.006276152543340308,,,744,"none: population share, not an estimate",False
2003-03-01,sma_1,178031746.67000002,,,1624,none: population total,0.013296287085081612,,,1624,"none: population share, not an estimate",False
2003-05-01,sma_2,33087904.2,,,308,none: population total,0.00259328908091308,,,308,"none: population share, not an estimate",False
2001-08-01,sma_1,137936368.92000002,,,1261,none: population total,0.011358785059119874,,,1261,"none: population share, not an estimate",False
2001-06-01,npa,28748688.02,,,259,none: population total,0.0024900400708574026,,,259,"none: population share, not an estimate",False
2000-09-01,sma_2,11188159.28,,,106,none: population total,0.0013016988000533107,,,106,"none: population share, not an estimate",False
2003-11-01,sma_2,33652691.18,,,346,none: population total,0.002690325210499747,,,346,"none: population share, not an estimate",False
2001-03-01,sma_2,20447191.529999997,,,183,none: population total,0.0019157571219608962,,,183,"none: population share, not an estimate",False
2000-09-01,npa,6737654.369999998,,,63,none: population total,0.0007838998703102967,,,63,"none: population share, not an estimate",False
1999-08-01,sma_2,,,,0,"none: suppressed, fewer than 10 loans",,,,0,"none: suppressed, fewer than 10 loans",False
1999-08-01,npa,,,,0,"none: suppressed, fewer than 10 loans",,,,0,"none: suppressed, fewer than 10 loans",False
2016-01-01,standard_or_sma_0,45516458564.93001,,,272712,none: population total,0.9756813310554374,,,272712,"none: population share, not an estimate",False
2019-08-01,standard_or_sma_0,58433239128.87996,,,322588,none: population total,0.985035079313877,,,322588,"none: population share, not an estimate",False
2012-04-01,standard_or_sma_0,38196037147.290054,,,242551,none: population total,0.9463480374290667,,,242551,"none: population share, not an estimate",False
2014-03-01,standard_or_sma_0,38267220674.77002,,,239444,none: population total,0.9643134468781407,,,239444,"none: population share, not an estimate",False
2017-05-01,standard_or_sma_0,49251087926.62005,,,287132,none: population total,0.9832413901081825,,,287132,"none: population share, not an estimate",False
2009-03-01,standard_or_sma_0,36892830001.72005,,,240928,none: population total,0.958324351765914,,,240928,"none: population share, not an estimate",False
2019-09-01,sma_1,516843329.8100001,,,3160,none: population total,0.008749099342519103,,,3160,"none: population share, not an estimate",False
2025-05-01,standard_or_sma_0,71587057409.8099,,,317741,none: population total,0.9823313894535625,,,317741,"none: population share, not an estimate",False
2006-12-01,standard_or_sma_0,26428416819.610027,,,186511,none: population total,0.9830615253212881,,,186511,"none: population share, not an estimate",False
2006-10-01,standard_or_sma_0,25621179279.509975,,,182043,none: population total,0.9859817653078806,,,182043,"none: population share, not an estimate",False
2021-06-01,standard_or_sma_0,45414723107.10009,,,253283,none: population total,0.9644185654963813,,,253283,"none: population share, not an estimate",False
2017-09-01,standard_or_sma_0,50313194526.31997,,,290272,none: population total,0.9801953139310404,,,290272,"none: population share, not an estimate",False
2014-08-01,standard_or_sma_0,40242791400.069984,,,248507,none: population total,0.9665081959787204,,,248507,"none: population share, not an estimate",False
2014-05-01,npa,783009501.0899998,,,4682,none: population total,0.019319666551275986,,,4682,"none: population share, not an estimate",False
2014-05-01,standard_or_sma_0,39144150667.910065,,,243587,none: population total,0.9658272821519766,,,243587,"none: population share, not an estimate",False
2006-05-01,standard_or_sma_0,23370147057.310017,,,169227,none: population total,0.9866780872587609,,,169227,"none: population share, not an estimate",False
2010-11-01,standard_or_sma_0,37197366433.54004,,,238275,none: population total,0.9341335697052461,,,238275,"none: population share, not an estimate",False
2017-03-01,standard_or_sma_0,48659967099.12002,,,284829,none: population total,0.9833459015160877,,,284829,"none: population share, not an estimate",False
2012-02-01,standard_or_sma_0,38520091678.94999,,,244169,none: population total,0.9444119234964891,,,244169,"none: population share, not an estimate",False
2014-10-01,npa,695665122.54,,,4190,none: population total,0.016398748157310725,,,4190,"none: population share, not an estimate",False
2014-10-01,standard_or_sma_0,41145645234.04,,,252852,none: population total,0.9699164901346302,,,252852,"none: population share, not an estimate",False
2016-02-01,standard_or_sma_0,45887338541.770004,,,274733,none: population total,0.9780171485918836,,,274733,"none: population share, not an estimate",False
2024-02-01,standard_or_sma_0,65593096975.03995,,,303502,none: population total,0.9835735504896583,,,303502,"none: population share, not an estimate",False
2017-10-01,standard_or_sma_0,50559423620.939926,,,291063,none: population total,0.9792222187888446,,,291063,"none: population share, not an estimate",False
2023-07-01,standard_or_sma_0,60113296248.77998,,,286405,none: population total,0.9846511598375703,,,286405,"none: population share, not an estimate",False
2006-10-01,npa,77351833.97,,,694,none: population total,0.002976736432601917,,,694,"none: population share, not an estimate",False
2019-08-01,npa,271034992.18999994,,,1641,none: population total,0.0045689573093811485,,,1641,"none: population share, not an estimate",False
2004-12-01,standard_or_sma_0,16345454958.219984,,,128892,none: population total,0.9837255675471168,,,128892,"none: population share, not an estimate",False
2017-11-01,standard_or_sma_0,50970281512.23001,,,292779,none: population total,0.9784671779768457,,,292779,"none: population share, not an estimate",False
2012-04-01,npa,1411645605.8199995,,,7931,none: population total,0.034975043182140765,,,7931,"none: population share, not an estimate",False
2026-01-01,standard_or_sma_0,64903890528.69013,,,295659,none: population total,0.9779696851907246,,,295659,"none: population share, not an estimate",False
2026-01-01,sma_2,226237763.09,,,1015,none: population total,0.0034089431641941095,,,1015,"none: population share, not an estimate",False
2008-03-01,sma_1,384664265.5999999,,,2683,none: population total,0.01137905789643831,,,2683,"none: population share, not an estimate",False
2022-08-01,standard_or_sma_0,50960969066.92994,,,258915,none: population total,0.9839418669077682,,,258915,"none: population share, not an estimate",False
2014-08-01,npa,731767160.6299999,,,4429,none: population total,0.017574798707818806,,,4429,"none: population share, not an estimate",False
2015-11-01,sma_1,460502362.32000005,,,3166,none: population total,0.009994123487345389,,,3166,"none: population share, not an estimate",False
2010-11-01,sma_2,289481625.31000006,,,1794,none: population total,0.007269721755653113,,,1794,"none: population share, not an estimate",False
2011-02-01,sma_1,738641471.81,,,4813,none: population total,0.018475294318199997,,,4813,"none: population share, not an estimate",False
2010-11-01,npa,1591166845.91,,,8611,none: population total,0.03995880644997291,,,8611,"none: population share, not an estimate",False
2016-02-01,npa,450626420.57999986,,,2783,none: population total,0.009604400275571495,,,2783,"none: population share, not an estimate",False
2010-05-01,sma_1,755668998.9500003,,,4782,none: population total,0.01854124695812537,,,4782,"none: population share, not an estimate",False
2009-02-01,sma_1,730149607.7799999,,,4584,none: population total,0.01894351705999855,,,4584,"none: population share, not an estimate",False
2007-08-01,sma_1,296757830.06,,,2191,none: population total,0.009707157824534901,,,2191,"none: population share, not an estimate",False
2021-09-01,sma_1,317336994.82,,,1866,none: population total,0.006779392570307952,,,1866,"none: population share, not an estimate",False
2018-02-01,sma_1,518911741.9599999,,,3386,none: population total,0.00979353078485822,,,3386,"none: population share, not an estimate",False
2011-07-01,sma_1,705684051.7299999,,,4721,none: population total,0.017142006879591203,,,4721,"none: population share, not an estimate",False
2014-03-01,npa,845694998.6099998,,,5042,none: population total,0.021311060608456753,,,5042,"none: population share, not an estimate",False
2016-01-01,npa,480192931.66999996,,,2945,none: population total,0.010293315725933581,,,2945,"none: population share, not an estimate",False
2014-11-01,sma_1,547956875.6999998,,,3800,none: population total,0.012835627696842294,,,3800,"none: population share, not an estimate",False
2012-10-01,sma_1,570608321.4499999,,,3846,none: population total,0.014686961934510594,,,3846,"none: population share, not an estimate",False
2015-09-01,sma_1,468672986.4200001,,,3212,none: population total,0.010318768191492507,,,3212,"none: population share, not an estimate",False
2006-04-01,sma_1,232602777.82999998,,,1882,none: population total,0.009977674450065973,,,1882,"none: population share, not an estimate",False
2014-03-01,sma_2,145061371.28999996,,,945,none: population total,0.003655468792635809,,,945,"none: population share, not an estimate",False
2020-04-01,sma_1,2291640808.0200005,,,10805,none: population total,0.039568216331440934,,,10805,"none: population share, not an estimate",False
2017-11-01,npa,363653694.82000005,,,2291,none: population total,0.0069809935117976715,,,2291,"none: population share, not an estimate",False
2009-03-01,npa,754279796.8100001,,,4193,none: population total,0.019593094302995124,,,4193,"none: population share, not an estimate",False
2012-03-01,sma_1,548706708.8799999,,,3615,none: population total,0.013521804215401665,,,3615,"none: population share, not an estimate",False
2017-05-01,npa,315679459.77,,,2035,none: population total,0.006302177757277328,,,2035,"none: population share, not an estimate",False
2012-02-01,npa,1440680982.96,,,8123,none: population total,0.03532173052967029,,,8123,"none: population share, not an estimate",False
2017-03-01,npa,338010890.73000014,,,2138,none: population total,0.00683069972879531,,,2138,"none: population share, not an estimate",False
2017-02-01,sma_1,488156648.51000005,,,3155,none: population total,0.00992353376480792,,,3155,"none: population share, not an estimate",False
2018-07-01,sma_1,440932822.48,,,2846,none: population total,0.008039711056072617,,,2846,"none: population share, not an estimate",False
2007-09-01,sma_1,427122518.74,,,3081,none: population total,0.01376922625052812,,,3081,"none: population share, not an estimate",False
2011-11-01,sma_1,668556874.5099999,,,4476,none: population total,0.016304335736123214,,,4476,"none: population share, not an estimate",False
2019-11-01,sma_1,537032240.0899999,,,3306,none: population total,0.009103591352205634,,,3306,"none: population share, not an estimate",False
2016-02-01,sma_2,119094405.33000001,,,800,none: population total,0.002538311752556042,,,800,"none: population share, not an estimate",False
2015-03-01,sma_1,405787446.15999997,,,2816,none: population total,0.009324287945957454,,,2816,"none: population share, not an estimate",False
2009-03-01,sma_2,232251254.20000002,,,1342,none: population total,0.006032934654719049,,,1342,"none: population share, not an estimate",False
2017-10-01,sma_2,178724281.72,,,1149,none: population total,0.003461487002095049,,,1149,"none: population share, not an estimate",False
2009-01-01,sma_1,716852289.0000001,,,4555,none: population total,0.018474711422175136,,,4555,"none: population share, not an estimate",False
2019-10-01,sma_1,487056055.86,,,3036,none: population total,0.008281996204692934,,,3036,"none: population share, not an estimate",False
2014-08-01,sma_2,151426534.26999998,,,1040,none: population total,0.0036368000670140652,,,1040,"none: population share, not an estimate",False
2013-12-01,sma_1,525357443.38000005,,,3695,none: population total,0.013634151025515259,,,3695,"none: population share, not an estimate",False
2017-03-01,sma_2,110214954.19000001,,,741,none: population total,0.0022272810679824697,,,741,"none: population share, not an estimate",False
2017-09-01,sma_2,126932906.14999995,,,833,none: population total,0.002472890878093461,,,833,"none: population share, not an estimate",False
2017-11-01,sma_2,221712454.67000005,,,1372,none: population total,0.004256173468283105,,,1372,"none: population share, not an estimate",False
2012-04-01,sma_2,204245579.92000002,,,1251,none: population total,0.005060404642646732,,,1251,"none: population share, not an estimate",False
2005-01-01,sma_1,172099014.58000004,,,1514,none: population total,0.010071098773849386,,,1514,"none: population share, not an estimate",False
2006-10-01,sma_2,42331986.15,,,354,none: population total,0.0016290650003977503,,,354,"none: population share, not an estimate",False
2017-10-01,npa,313218285.56,,,1996,none: population total,0.006066333090559058,,,1996,"none: population share, not an estimate",False
2025-09-01,sma_1,690447494.8800002,,,3275,none: population total,0.009870039035364602,,,3275,"none: population share, not an estimate",False
2016-04-01,sma_1,433618188.51000005,,,2907,none: population total,0.009151761872492446,,,2907,"none: population share, not an estimate",False
2017-06-01,sma_1,432096810.61000013,,,2874,none: population total,0.008575528429451593,,,2874,"none: population share, not an estimate",False
2021-06-01,npa,1251116836.7700002,,,6004,none: population total,0.02656848313575769,,,6004,"none: population share, not an estimate",False
2024-07-01,sma_1,635461921.95,,,3162,none: population total,0.008934873188446161,,,3162,"none: population share, not an estimate",False
2023-12-01,sma_1,653401576.28,,,3246,none: population total,0.009990761455711218,,,3246,"none: population share, not an estimate",False
2025-11-01,sma_1,836290516.3699999,,,3891,none: population total,0.012297252521363745,,,3891,"none: population share, not an estimate",False
2006-12-01,sma_2,55366470.65,,,450,none: population total,0.0020594743703474124,,,450,"none: population share, not an estimate",False
2025-05-01,sma_2,168419904.09,,,801,none: population total,0.0023110903616174318,,,801,"none: population share, not an estimate",False
2017-09-01,npa,310218557.54,,,1980,none: population total,0.006043638835854211,,,1980,"none: population share, not an estimate",False
2015-08-01,sma_1,438333607.7500002,,,3007,none: population total,0.00970868950949263,,,3007,"none: population share, not an estimate",False
2014-05-01,sma_2,141838250.43000004,,,977,none: population total,0.0034996608581496762,,,977,"none: population share, not an estimate",False
2016-01-01,sma_2,135089402.15,,,912,none: population total,0.0028957483041694536,,,912,"none: population share, not an estimate",False
2022-05-01,sma_1,371084093.97,,,2060,none: population total,0.00749925385406704,,,2060,"none: population share, not an estimate",False
2014-10-01,sma_2,148104693.38,,,1014,none: population total,0.003491236643841801,,,1014,"none: population share, not an estimate",False
2021-01-01,sma_1,429862667.4,,,2539,none: population total,0.008605373050920637,,,2539,"none: population share, not an estimate",False
2012-02-01,sma_2,225068668.33999997,,,1369,none: population total,0.005518095225664499,,,1369,"none: population share, not an estimate",False
2006-07-01,sma_1,227792785.44,,,1836,none: population total,0.009244442069902905,,,1836,"none: population share, not an estimate",False
2006-05-01,npa,70019663.29,,,651,none: population total,0.0029562016565860593,,,651,"none: population share, not an estimate",False
2017-05-01,sma_2,106535578.2,,,718,none: population total,0.0021268604291831256,,,718,"none: population share, not an estimate",False
2025-05-01,npa,467334301.9700001,,,1944,none: population total,0.006412851300276961,,,1944,"none: population share, not an estimate",False
2019-08-01,sma_2,119947694.35,,,756,none: population total,0.002022011587565292,,,756,"none: population share, not an estimate",False
2024-12-01,sma_1,749941156.3099998,,,3537,none: population total,0.010025323293517947,,,3537,"none: population share, not an estimate",False
2006-12-01,npa,79410113.64,,,700,none: population total,0.002953829129217856,,,700,"none: population share, not an estimate",False
2021-07-01,sma_1,315646045.88,,,1896,none: population total,0.006705095130815358,,,1896,"none: population share, not an estimate",False
2025-03-01,sma_1,643889928.34,,,3119,none: population total,0.008655487570964654,,,3119,"none: population share, not an estimate",False
2023-05-01,sma_1,426202750.9400001,,,2306,none: population total,0.007200392938522636,,,2306,"none: population share, not an estimate",False
2024-02-01,npa,346855659.48999995,,,1622,none: population total,0.005201127378416537,,,1622,"none: population share, not an estimate",False
2024-03-01,sma_1,566536905.33,,,2849,none: population total,0.008385439334212609,,,2849,"none: population share, not an estimate",False
2020-11-01,sma_1,518626089.4500001,,,2945,none: population total,0.010068027756572905,,,2945,"none: population share, not an estimate",False
2022-08-01,npa,374820892.82999986,,,2023,none: population total,0.007236949685215326,,,2023,"none: population share, not an estimate",False
2026-01-01,npa,544466890.1700001,,,2206,none: population total,0.008204009171699094,,,2206,"none: population share, not an estimate",False
2023-07-01,sma_2,122066544.13,,,627,none: population total,0.0019994405856159953,,,627,"none: population share, not an estimate",False
2006-05-01,sma_2,36542420.31,,,323,none: population total,0.0015428060973197242,,,323,"none: population share, not an estimate",False
2023-07-01,npa,321675844.54,,,1612,none: population total,0.005269025543154594,,,1612,"none: population share, not an estimate",False
2004-08-01,sma_1,155094518.81000006,,,1442,none: population total,0.010237839846953182,,,1442,"none: population share, not an estimate",False
2004-11-01,sma_1,177070397.15,,,1565,none: population total,0.010887671218888286,,,1565,"none: population share, not an estimate",False
2021-06-01,sma_2,92613546.9,,,528,none: population total,0.001966723959456794,,,528,"none: population share, not an estimate",False
2024-08-01,sma_1,624135356.5999999,,,3131,none: population total,0.0086890254945656,,,3131,"none: population share, not an estimate",False
2025-06-01,sma_1,680440873.8900002,,,3249,none: population total,0.009423254303210005,,,3249,"none: population share, not an estimate",False
2023-04-01,sma_1,477881591.61,,,2506,none: population total,0.008169947768857122,,,2506,"none: population share, not an estimate",False
2000-01-01,standard_or_sma_0,5065959127.460002,,,44206,none: population total,0.9920252075271777,,,44206,"none: population share, not an estimate",False
2000-08-01,standard_or_sma_0,8060357584.4199915,,,69911,none: population total,0.9903264604143656,,,69911,"none: population share, not an estimate",False
2002-08-01,standard_or_sma_0,13936876962.69997,,,116213,none: population total,0.9813185222093148,,,116213,"none: population share, not an estimate",False
2002-03-01,sma_1,171284146.42,,,1515,none: population total,0.012970432756730026,,,1515,"none: population share, not an estimate",False
2001-11-01,sma_1,181042714.39999998,,,1575,none: population total,0.014423352946332645,,,1575,"none: population share, not an estimate",False
2024-02-01,sma_2,144620497.66,,,730,none: population total,0.0021685955217384503,,,730,"none: population share, not an estimate",False
2004-09-01,sma_1,169015724.16999996,,,1523,none: population total,0.010875413240293013,,,1523,"none: population share, not an estimate",False
2001-07-01,sma_1,145971633.98000002,,,1284,none: population total,0.012196784748193025,,,1284,"none: population share, not an estimate",False
2003-04-01,sma_1,190574886.56,,,1720,none: population total,0.014633650505603031,,,1720,"none: population share, not an estimate",False
2004-12-01,npa,60968363.32000001,,,643,none: population total,0.003669285312809501,,,643,"none: population share, not an estimate",False
2004-12-01,sma_2,34662141.17,,,313,none: population total,0.0020860865960606947,,,313,"none: population share, not an estimate",False
2022-08-01,sma_2,82273425.63999999,,,483,none: population total,0.001588515083274806,,,483,"none: population share, not an estimate",False
2002-07-01,sma_1,174975167.70999995,,,1555,none: population total,0.012196506673202224,,,1555,"none: population share, not an estimate",False
2002-02-01,sma_1,190654834.99999997,,,1729,none: population total,0.014755818073420031,,,1729,"none: population share, not an estimate",False
2002-08-01,sma_2,36283758.91,,,339,none: population total,0.0025547993836104277,,,339,"none: population share, not an estimate",False
2000-04-01,sma_1,45196072.3,,,404,none: population total,0.007149474691769913,,,404,"none: population share, not an estimate",False
2002-08-01,npa,55541218.42,,,544,none: population total,0.003910748909349651,,,544,"none: population share, not an estimate",False
2000-08-01,npa,5654355.69,,,55,none: population total,0.0006947158358365152,,,55,"none: population share, not an estimate",False
1999-07-01,sma_1,14486000.0,,,122,none: population total,0.006013490559720136,,,122,"none: population share, not an estimate",False
2000-01-01,npa,2545347.2800000003,,,18,none: population total,0.0004984344721582387,,,18,"none: population share, not an estimate",False
2000-08-01,sma_2,8695151.280000001,,,77,none: population total,0.0010683196495567728,,,77,"none: population share, not an estimate",False
2000-01-01,sma_2,4637346.71,,,43,none: population total,0.0009080935547677387,,,43,"none: population share, not an estimate",False
1999-03-01,sma_1,1824000.0,,,16,none: population total,0.0036347984121670096,,,16,"none: population share, not an estimate",False
2025-12-01,unknown,,,,0,"none: suppressed, fewer than 10 loans",,,,0,"none: suppressed, fewer than 10 loans",False
